{
"type": "FeatureCollection",
"name": "BAIRROS",
"crs": { "type": "name", "properties": { "name": "urn:ogc:def:crs:OGC:1.3:CRS84" } },
"features": [
{ "type": "Feature", "properties": { "OID_": 0, "Name": "Placemark", "FolderPath": "Document", "SymbolID": 0, "AltMode": 0, "Base": 0.0, "Clamped": -1, "Extruded": 0, "Snippet": null, "PopupInfo": "<html xmlns:fo=\"http://www.w3.org/1999/XSL/Format\" xmlns:msxsl=\"urn:schemas-microsoft-com:xslt\"><head><META http-equiv=\"Content-Type\" content=\"text/html\"><meta http-equiv=\"content-type\" content=\"text/html; charset=UTF-8\"></head><body style=\"margin:0px 0p", "Shape_Leng": 0.00540311714, "Shape_Area": 1.12927e-06 }, "geometry": { "type": "MultiPolygon", "coordinates": [ [ [ [ -50.926940809999962, -17.802757902999929, 0.0 ], [ -50.928183408999985, -17.801851279999937, 0.0 ], [ -50.928718097999933, -17.801459096999963, 0.0 ], [ -50.928381551999962, -17.801060654999958, 0.0 ], [ -50.927840954999965, -17.801461026999959, 0.0 ], [ -50.926636755999937, -17.802340517999937, 0.0 ], [ -50.926940809999962, -17.802757902999929, 0.0 ] ] ] ] } },
{ "type": "Feature", "properties": { "OID_": 0, "Name": "Placemark", "FolderPath": "Document", "SymbolID": 0, "AltMode": 0, "Base": 0.0, "Clamped": -1, "Extruded": 0, "Snippet": null, "PopupInfo": "<html xmlns:fo=\"http://www.w3.org/1999/XSL/Format\" xmlns:msxsl=\"urn:schemas-microsoft-com:xslt\"><head><META http-equiv=\"Content-Type\" content=\"text/html\"><meta http-equiv=\"content-type\" content=\"text/html; charset=UTF-8\"></head><body style=\"margin:0px 0p", "Shape_Leng": 0.00692137621, "Shape_Area": 2.88502e-06 }, "geometry": { "type": "MultiPolygon", "coordinates": [ [ [ [ -50.911927443999957, -17.794571270999938, 0.0 ], [ -50.911983914999951, -17.794620186999964, 0.0 ], [ -50.912021514999935, -17.794559151999977, 0.0 ], [ -50.91223625799995, -17.794518179999955, 0.0 ], [ -50.913065997999979, -17.793479942999966, 0.0 ], [ -50.911324105999938, -17.792452924999964, 0.0 ], [ -50.910425495999959, -17.793325428999935, 0.0 ], [ -50.910424709999972, -17.793326192999928, 0.0 ], [ -50.91109096699995, -17.793867979999959, 0.0 ], [ -50.911094624999976, -17.793870953999942, 0.0 ], [ -50.911927443999957, -17.794571270999938, 0.0 ] ] ] ] } },
{ "type": "Feature", "properties": { "OID_": 0, "Name": "Placemark", "FolderPath": "Document", "SymbolID": 0, "AltMode": 0, "Base": 0.0, "Clamped": -1, "Extruded": 0, "Snippet": null, "PopupInfo": "<html xmlns:fo=\"http://www.w3.org/1999/XSL/Format\" xmlns:msxsl=\"urn:schemas-microsoft-com:xslt\"><head><META http-equiv=\"Content-Type\" content=\"text/html\"><meta http-equiv=\"content-type\" content=\"text/html; charset=UTF-8\"></head><body style=\"margin:0px 0p", "Shape_Leng": 0.01526571639, "Shape_Area": 8.51298e-06 }, "geometry": { "type": "MultiPolygon", "coordinates": [ [ [ [ -50.918670156999951, -17.768543156999954, 0.0 ], [ -50.918536662999941, -17.769157967999945, 0.0 ], [ -50.918388498999946, -17.769760649999967, 0.0 ], [ -50.919357855999976, -17.770196606999946, 0.0 ], [ -50.919367282999985, -17.770203805999927, 0.0 ], [ -50.920381803999931, -17.770590032999962, 0.0 ], [ -50.921168989999956, -17.770889509999961, 0.0 ], [ -50.921191002999933, -17.770899545999953, 0.0 ], [ -50.922797875999947, -17.771597781999958, 0.0 ], [ -50.923074419999978, -17.771657653999966, 0.0 ], [ -50.924117086999956, -17.772060979999935, 0.0 ], [ -50.924453743999948, -17.77068552399993, 0.0 ], [ -50.923438183999963, -17.770283560999928, 0.0 ], [ -50.923453964999965, -17.770245803999956, 0.0 ], [ -50.92241391999994, -17.770021395999947, 0.0 ], [ -50.922445892999974, -17.769911289999982, 0.0 ], [ -50.919669539999973, -17.768852613999968, 0.0 ], [ -50.919690005999939, -17.768760535999945, 0.0 ], [ -50.919042428999944, -17.768627354999978, 0.0 ], [ -50.918670156999951, -17.768543156999954, 0.0 ] ] ] ] } },
{ "type": "Feature", "properties": { "OID_": 0, "Name": "Placemark", "FolderPath": "Document", "SymbolID": 0, "AltMode": 0, "Base": 0.0, "Clamped": -1, "Extruded": 0, "Snippet": null, "PopupInfo": "<html xmlns:fo=\"http://www.w3.org/1999/XSL/Format\" xmlns:msxsl=\"urn:schemas-microsoft-com:xslt\"><head><META http-equiv=\"Content-Type\" content=\"text/html\"><meta http-equiv=\"content-type\" content=\"text/html; charset=UTF-8\"></head><body style=\"margin:0px 0p", "Shape_Leng": 0.01614655925, "Shape_Area": 1.26477e-05 }, "geometry": { "type": "MultiPolygon", "coordinates": [ [ [ [ -50.927457125999979, -17.846117060999973, 0.0 ], [ -50.926629927999954, -17.846116619999975, 0.0 ], [ -50.925817937999966, -17.847961372999976, 0.0 ], [ -50.928564157999972, -17.848851631999935, 0.0 ], [ -50.93041283499997, -17.844087361999982, 0.0 ], [ -50.92820723799997, -17.84326230299996, 0.0 ], [ -50.927457125999979, -17.846117060999973, 0.0 ] ] ] ] } },
{ "type": "Feature", "properties": { "OID_": 0, "Name": "Placemark", "FolderPath": "Document", "SymbolID": 0, "AltMode": 0, "Base": 0.0, "Clamped": -1, "Extruded": 0, "Snippet": null, "PopupInfo": "<html xmlns:fo=\"http://www.w3.org/1999/XSL/Format\" xmlns:msxsl=\"urn:schemas-microsoft-com:xslt\"><head><META http-equiv=\"Content-Type\" content=\"text/html\"><meta http-equiv=\"content-type\" content=\"text/html; charset=UTF-8\"></head><body style=\"margin:0px 0p", "Shape_Leng": 0.01381871771, "Shape_Area": 1.111696e-05 }, "geometry": { "type": "MultiPolygon", "coordinates": [ [ [ [ -50.926561779999986, -17.827220026999953, 0.0 ], [ -50.928668459999983, -17.829545886999938, 0.0 ], [ -50.929118935999952, -17.82914225899998, 0.0 ], [ -50.929402288999938, -17.828910257999951, 0.0 ], [ -50.929962617999934, -17.828365593999933, 0.0 ], [ -50.93009438699994, -17.828227587999947, 0.0 ], [ -50.930519643999958, -17.827814439999941, 0.0 ], [ -50.930901569999946, -17.827452391999941, 0.0 ], [ -50.931043940999984, -17.827320123999982, 0.0 ], [ -50.93089962199997, -17.826734385999941, 0.0 ], [ -50.930720016999942, -17.826002827999957, 0.0 ], [ -50.930403567999974, -17.824613758999931, 0.0 ], [ -50.92975028099994, -17.825068117999933, 0.0 ], [ -50.928888648999987, -17.825667371999941, 0.0 ], [ -50.927982007999958, -17.82627445199995, 0.0 ], [ -50.926561779999986, -17.827220026999953, 0.0 ] ] ] ] } },
{ "type": "Feature", "properties": { "OID_": 0, "Name": "Placemark", "FolderPath": "Document", "SymbolID": 0, "AltMode": 0, "Base": 0.0, "Clamped": -1, "Extruded": 0, "Snippet": null, "PopupInfo": "<html xmlns:fo=\"http://www.w3.org/1999/XSL/Format\" xmlns:msxsl=\"urn:schemas-microsoft-com:xslt\"><head><META http-equiv=\"Content-Type\" content=\"text/html\"><meta http-equiv=\"content-type\" content=\"text/html; charset=UTF-8\"></head><body style=\"margin:0px 0p", "Shape_Leng": 0.00785474126, "Shape_Area": 2.81117e-06 }, "geometry": { "type": "MultiPolygon", "coordinates": [ [ [ [ -50.950292044999969, -17.81987427599995, 0.0 ], [ -50.95086943299998, -17.82153068599996, 0.0 ], [ -50.951997604999974, -17.820962643999962, 0.0 ], [ -50.952174853999963, -17.821011207999959, 0.0 ], [ -50.952486392999958, -17.820475708999936, 0.0 ], [ -50.949949019999963, -17.818890192999959, 0.0 ], [ -50.950292044999969, -17.81987427599995, 0.0 ] ] ] ] } },
{ "type": "Feature", "properties": { "OID_": 0, "Name": "Placemark", "FolderPath": "Document", "SymbolID": 0, "AltMode": 0, "Base": 0.0, "Clamped": -1, "Extruded": 0, "Snippet": null, "PopupInfo": "<html xmlns:fo=\"http://www.w3.org/1999/XSL/Format\" xmlns:msxsl=\"urn:schemas-microsoft-com:xslt\"><head><META http-equiv=\"Content-Type\" content=\"text/html\"><meta http-equiv=\"content-type\" content=\"text/html; charset=UTF-8\"></head><body style=\"margin:0px 0p", "Shape_Leng": 0.0155484069, "Shape_Area": 1.027819e-05 }, "geometry": { "type": "MultiPolygon", "coordinates": [ [ [ [ -50.924864509999964, -17.83843898799995, 0.0 ], [ -50.925148908999972, -17.839070456999934, 0.0 ], [ -50.925148599999943, -17.83980943499995, 0.0 ], [ -50.925156025999968, -17.839967277999961, 0.0 ], [ -50.930201702999966, -17.841330272999983, 0.0 ], [ -50.930785942999933, -17.839740961999951, 0.0 ], [ -50.924669992999952, -17.837836250999942, 0.0 ], [ -50.924864509999964, -17.83843898799995, 0.0 ] ] ] ] } },
{ "type": "Feature", "properties": { "OID_": 0, "Name": "Placemark", "FolderPath": "Document", "SymbolID": 0, "AltMode": 0, "Base": 0.0, "Clamped": -1, "Extruded": 0, "Snippet": null, "PopupInfo": "<html xmlns:fo=\"http://www.w3.org/1999/XSL/Format\" xmlns:msxsl=\"urn:schemas-microsoft-com:xslt\"><head><META http-equiv=\"Content-Type\" content=\"text/html\"><meta http-equiv=\"content-type\" content=\"text/html; charset=UTF-8\"></head><body style=\"margin:0px 0p", "Shape_Leng": 0.01632909016, "Shape_Area": 8.97361e-06 }, "geometry": { "type": "MultiPolygon", "coordinates": [ [ [ [ -50.93215130699997, -17.806583290999981, 0.0 ], [ -50.932213382999976, -17.806032992999974, 0.0 ], [ -50.932228291999934, -17.805900819999977, 0.0 ], [ -50.932258001999969, -17.805715477999968, 0.0 ], [ -50.931311535999953, -17.804666081999926, 0.0 ], [ -50.93123153199997, -17.80457737699993, 0.0 ], [ -50.931207061999942, -17.804549030999965, 0.0 ], [ -50.930929281999965, -17.804227272999981, 0.0 ], [ -50.930323824999959, -17.804694296999969, 0.0 ], [ -50.92973294799998, -17.805147647999945, 0.0 ], [ -50.929967013999942, -17.805400703999965, 0.0 ], [ -50.929822566999974, -17.805516545999978, 0.0 ], [ -50.930044923999958, -17.805773336999948, 0.0 ], [ -50.929796372999931, -17.805966403999946, 0.0 ], [ -50.929844195999976, -17.806019688999982, 0.0 ], [ -50.930213440999978, -17.806428989999972, 0.0 ], [ -50.930302427999948, -17.806533158999969, 0.0 ], [ -50.930378529999984, -17.806617650999954, 0.0 ], [ -50.930451554999934, -17.806698938999943, 0.0 ], [ -50.930600546999983, -17.80686497399995, 0.0 ], [ -50.930673914999943, -17.806946253999968, 0.0 ], [ -50.930720981999968, -17.806993921999947, 0.0 ], [ -50.930479865999985, -17.807177631999934, 0.0 ], [ -50.929680210999948, -17.807794537999939, 0.0 ], [ -50.929676867999945, -17.807797070999982, 0.0 ], [ -50.929115200999945, -17.808224994999932, 0.0 ], [ -50.928574007999941, -17.808638121999934, 0.0 ], [ -50.928820248999955, -17.808910339999954, 0.0 ], [ -50.929031337999959, -17.809143197999958, 0.0 ], [ -50.928686171999971, -17.809412698999949, 0.0 ], [ -50.928500883999959, -17.809557290999976, 0.0 ], [ -50.928611235999938, -17.809620010999936, 0.0 ], [ -50.92943990699996, -17.809745217999932, 0.0 ], [ -50.929973437999934, -17.809296962999952, 0.0 ], [ -50.930073, -17.809213313999976, 0.0 ], [ -50.930116225999939, -17.809178994999968, 0.0 ], [ -50.930405942999982, -17.808948968999971, 0.0 ], [ -50.930479567999953, -17.808895155999949, 0.0 ], [ -50.93054736299996, -17.808845605999977, 0.0 ], [ -50.930667662999952, -17.808715774999939, 0.0 ], [ -50.931039517999977, -17.808314454999959, 0.0 ], [ -50.931168906999972, -17.808174811999947, 0.0 ], [ -50.931208657999946, -17.808131911999965, 0.0 ], [ -50.93122514199996, -17.808114119999971, 0.0 ], [ -50.931226020999986, -17.808113172999981, 0.0 ], [ -50.931304965999971, -17.808015839999939, 0.0 ], [ -50.931343912999978, -17.807967820999977, 0.0 ], [ -50.931378473999985, -17.807925208999961, 0.0 ], [ -50.931422742999985, -17.80786752299997, 0.0 ], [ -50.931456315999981, -17.807823775999964, 0.0 ], [ -50.931555939999953, -17.807693958999948, 0.0 ], [ -50.931597944999965, -17.807639222999967, 0.0 ], [ -50.931677137999941, -17.807536027999959, 0.0 ], [ -50.931707349999954, -17.807496657999934, 0.0 ], [ -50.931811934999985, -17.807360375999963, 0.0 ], [ -50.931843357999981, -17.807319427999971, 0.0 ], [ -50.931848749999972, -17.807312402999969, 0.0 ], [ -50.931884928999978, -17.807214517999967, 0.0 ], [ -50.931895664999956, -17.807185467999943, 0.0 ], [ -50.931922168999961, -17.807113758999947, 0.0 ], [ -50.931947376999972, -17.807045553999956, 0.0 ], [ -50.931948453999951, -17.807032660999937, 0.0 ], [ -50.931956840999931, -17.806932253999946, 0.0 ], [ -50.931966206999959, -17.806820119999941, 0.0 ], [ -50.931968585999982, -17.806791635999957, 0.0 ], [ -50.931986519999953, -17.806576944999961, 0.0 ], [ -50.93215130699997, -17.806583290999981, 0.0 ] ] ] ] } },
{ "type": "Feature", "properties": { "OID_": 0, "Name": "Placemark", "FolderPath": "Document", "SymbolID": 0, "AltMode": 0, "Base": 0.0, "Clamped": -1, "Extruded": 0, "Snippet": null, "PopupInfo": "<html xmlns:fo=\"http://www.w3.org/1999/XSL/Format\" xmlns:msxsl=\"urn:schemas-microsoft-com:xslt\"><head><META http-equiv=\"Content-Type\" content=\"text/html\"><meta http-equiv=\"content-type\" content=\"text/html; charset=UTF-8\"></head><body style=\"margin:0px 0p", "Shape_Leng": 0.04366661689, "Shape_Area": 8.552424e-05 }, "geometry": { "type": "MultiPolygon", "coordinates": [ [ [ [ -50.888366247999954, -17.742775259999974, 0.0 ], [ -50.888347692999957, -17.742695330999936, 0.0 ], [ -50.888345973999947, -17.742683165999949, 0.0 ], [ -50.888343075999956, -17.742662670999948, 0.0 ], [ -50.888211945999956, -17.741735161999941, 0.0 ], [ -50.888174083999957, -17.741467357999966, 0.0 ], [ -50.888062010999931, -17.740674628999955, 0.0 ], [ -50.887506218999931, -17.736743236999928, 0.0 ], [ -50.887500346999957, -17.736701696999944, 0.0 ], [ -50.88749609599995, -17.736671635999983, 0.0 ], [ -50.887488490999942, -17.736617830999933, 0.0 ], [ -50.887483433999932, -17.736582064999936, 0.0 ], [ -50.887470770999983, -17.736492493999947, 0.0 ], [ -50.887467113999946, -17.73646662799996, 0.0 ], [ -50.887458108999965, -17.736402923999947, 0.0 ], [ -50.887456977999932, -17.736394921999931, 0.0 ], [ -50.887445445999958, -17.736313353999947, 0.0 ], [ -50.887439377999954, -17.736270425999976, 0.0 ], [ -50.887432783999941, -17.736223782999957, 0.0 ], [ -50.887420798999983, -17.736139005999974, 0.0 ], [ -50.88742012199998, -17.736134211999968, 0.0 ], [ -50.887413477999985, -17.736087220999934, 0.0 ], [ -50.887405807999983, -17.736032963999946, 0.0 ], [ -50.887402393999935, -17.736008813999945, 0.0 ], [ -50.887400618999948, -17.735996261999958, 0.0 ], [ -50.887394290999964, -17.735951493999949, 0.0 ], [ -50.887389793999944, -17.735919684999942, 0.0 ], [ -50.887382564999939, -17.735868545999949, 0.0 ], [ -50.887378745999968, -17.735841535999953, 0.0 ], [ -50.887372381999967, -17.735796520999941, 0.0 ], [ -50.887367020999932, -17.735758592999957, 0.0 ], [ -50.887362200999974, -17.735724495999932, 0.0 ], [ -50.887350487999981, -17.73564164499993, 0.0 ], [ -50.887345133999986, -17.735603769999955, 0.0 ], [ -50.887332471999969, -17.735514200999944, 0.0 ], [ -50.887329051999984, -17.735490015999972, 0.0 ], [ -50.887319808999962, -17.735424629999955, 0.0 ], [ -50.887319569999931, -17.735422938999932, 0.0 ], [ -50.887316844999987, -17.735403667999947, 0.0 ], [ -50.887307146999945, -17.735335058999965, 0.0 ], [ -50.887294483999938, -17.735245487999975, 0.0 ], [ -50.887291986999969, -17.735227829999928, 0.0 ], [ -50.887281821999977, -17.735155918999965, 0.0 ], [ -50.887281156999961, -17.735151219999977, 0.0 ], [ -50.887279990999957, -17.735142967999934, 0.0 ], [ -50.88726915999996, -17.735066347999975, 0.0 ], [ -50.887261319999936, -17.735010892999981, 0.0 ], [ -50.887256496999953, -17.734976776999929, 0.0 ], [ -50.887243834999936, -17.734887205999939, 0.0 ], [ -50.88724237699995, -17.734876888999963, 0.0 ], [ -50.887236725999969, -17.734836921999943, 0.0 ], [ -50.887224974999981, -17.734753792999982, 0.0 ], [ -50.887219456999958, -17.734714759999974, 0.0 ], [ -50.887218509999968, -17.734708065999939, 0.0 ], [ -50.887207296999975, -17.734628745999942, 0.0 ], [ -50.887205847999951, -17.73461849499995, 0.0 ], [ -50.887193185999934, -17.73452892399996, 0.0 ], [ -50.887182551999956, -17.734453704999964, 0.0 ], [ -50.887180522999984, -17.73443935399996, 0.0 ], [ -50.887175513999978, -17.734403922999945, 0.0 ], [ -50.887169691999986, -17.73436273599998, 0.0 ], [ -50.887167860999966, -17.73434978399996, 0.0 ], [ -50.887155198999949, -17.73426021299997, 0.0 ], [ -50.887153038999941, -17.734244936999971, 0.0 ], [ -50.887142536999932, -17.734170641999981, 0.0 ], [ -50.887131221999937, -17.734090605999938, 0.0 ], [ -50.887129873999982, -17.734081071999981, 0.0 ], [ -50.887117211999964, -17.733991501999981, 0.0 ], [ -50.887116750999951, -17.733988241999953, 0.0 ], [ -50.887104549999947, -17.733901930999934, 0.0 ], [ -50.887096734999943, -17.733846648999929, 0.0 ], [ -50.887091512999973, -17.733809709999946, 0.0 ], [ -50.887093162999975, -17.733809359999952, 0.0 ], [ -50.887094729999944, -17.733808753999938, 0.0 ], [ -50.887096171999985, -17.733807909999939, 0.0 ], [ -50.887097449999942, -17.733806848999961, 0.0 ], [ -50.887098526999978, -17.733805601999961, 0.0 ], [ -50.887099375999981, -17.733804200999941, 0.0 ], [ -50.887099972999977, -17.733802685999933, 0.0 ], [ -50.887100300999975, -17.733801097999958, 0.0 ], [ -50.887100351999948, -17.73379947899997, 0.0 ], [ -50.887100123999971, -17.733797873999947, 0.0 ], [ -50.887099623999973, -17.733796326999936, 0.0 ], [ -50.887098864999984, -17.733794879999948, 0.0 ], [ -50.887097867999955, -17.733793572999957, 0.0 ], [ -50.887096658999951, -17.733792440999935, 0.0 ], [ -50.887095272999943, -17.733791513999961, 0.0 ], [ -50.887093746999938, -17.733790818999978, 0.0 ], [ -50.887092121999956, -17.733790374999955, 0.0 ], [ -50.887090442999977, -17.733790191999958, 0.0 ], [ -50.887088754999979, -17.733790276999969, 0.0 ], [ -50.887088554999934, -17.733790304999957, 0.0 ], [ -50.887083446999952, -17.733768761999954, 0.0 ], [ -50.887074121999945, -17.733742607999943, 0.0 ], [ -50.887054676999981, -17.733706365999979, 0.0 ], [ -50.887051928999938, -17.733702274999928, 0.0 ], [ -50.887026474999971, -17.733671260999927, 0.0 ], [ -50.886996991999979, -17.733645520999971, 0.0 ], [ -50.886963545999947, -17.733624701999929, 0.0 ], [ -50.886925500999951, -17.733608855999933, 0.0 ], [ -50.886885212999971, -17.733599382999955, 0.0 ], [ -50.886843834999979, -17.733596551999938, 0.0 ], [ -50.88680255099996, -17.733600444999979, 0.0 ], [ -50.886770537999951, -17.733608284999946, 0.0 ], [ -50.886739914999964, -17.733620176999978, 0.0 ], [ -50.886709430999986, -17.733637070999976, 0.0 ], [ -50.88668178599994, -17.733657973999982, 0.0 ], [ -50.886657549999939, -17.73368245599994, 0.0 ], [ -50.886654510999961, -17.733686005999971, 0.0 ], [ -50.886622844999977, -17.73372298399994, 0.0 ], [ -50.886621372999969, -17.73372201899997, 0.0 ], [ -50.88661974799993, -17.733721312999933, 0.0 ], [ -50.886618020999947, -17.733720888999926, 0.0 ], [ -50.886616241999945, -17.733720758999937, 0.0 ], [ -50.886614466999958, -17.733720925999933, 0.0 ], [ -50.886612749999983, -17.733721386999946, 0.0 ], [ -50.886611140999946, -17.733722125999975, 0.0 ], [ -50.886609691999979, -17.733723121999958, 0.0 ], [ -50.886608444999979, -17.733724342999949, 0.0 ], [ -50.886607437999942, -17.733725753999977, 0.0 ], [ -50.886606701999938, -17.733727310999939, 0.0 ], [ -50.886606258999961, -17.733728966999934, 0.0 ], [ -50.886606122999979, -17.733730670999932, 0.0 ], [ -50.886606297999947, -17.733732371999963, 0.0 ], [ -50.886606777999987, -17.73373401799995, 0.0 ], [ -50.886607549999951, -17.733735558999967, 0.0 ], [ -50.886608587999945, -17.733736947999944, 0.0 ], [ -50.886609862999933, -17.733738142999982, 0.0 ], [ -50.886580959999947, -17.733771894999961, 0.0 ], [ -50.886553052999943, -17.733804483999961, 0.0 ], [ -50.886533234999945, -17.733827625999936, 0.0 ], [ -50.886455270999932, -17.733918668999934, 0.0 ], [ -50.886409253999943, -17.733972405999964, 0.0 ], [ -50.886339230999965, -17.734054175999972, 0.0 ], [ -50.886229630999935, -17.734182158999943, 0.0 ], [ -50.886198770999954, -17.734218196999961, 0.0 ], [ -50.886134957999957, -17.734292712999945, 0.0 ], [ -50.885974105999935, -17.734480546999976, 0.0 ], [ -50.885949193999977, -17.734509637999963, 0.0 ], [ -50.885939266999969, -17.734521230999974, 0.0 ], [ -50.885870477999958, -17.734601557999952, 0.0 ], [ -50.885807011999987, -17.734675669999945, 0.0 ], [ -50.88576670499998, -17.734722737999959, 0.0 ], [ -50.885686969999938, -17.734815846999936, 0.0 ], [ -50.885659851999947, -17.734847512999977, 0.0 ], [ -50.885648566999976, -17.734860691999927, 0.0 ], [ -50.885649781999973, -17.734861820999981, 0.0 ], [ -50.885650786999975, -17.734863127999972, 0.0 ], [ -50.885651552999946, -17.73486457499996, 0.0 ], [ -50.885652058999938, -17.73486612399995, 0.0 ], [ -50.885652291999975, -17.734867730999952, 0.0 ], [ -50.88565224499996, -17.734869353999954, 0.0 ], [ -50.885651919999987, -17.734870945999944, 0.0 ], [ -50.88565132399998, -17.734872465999956, 0.0 ], [ -50.885650475999967, -17.734873869999944, 0.0 ], [ -50.885649396999952, -17.734875120999959, 0.0 ], [ -50.885648117999949, -17.734876184999962, 0.0 ], [ -50.88564667299994, -17.73487703099994, 0.0 ], [ -50.885645102999945, -17.734877637999944, 0.0 ], [ -50.885643448999986, -17.734877987999937, 0.0 ], [ -50.885650058999943, -17.73492474699998, 0.0 ], [ -50.885672204999935, -17.735081412999932, 0.0 ], [ -50.885679358999937, -17.735132024999928, 0.0 ], [ -50.885698589999947, -17.735268067999982, 0.0 ], [ -50.885707402999969, -17.73533040999996, 0.0 ], [ -50.885720788999947, -17.735425104999933, 0.0 ], [ -50.885739956999942, -17.735560699999951, 0.0 ], [ -50.885741266999958, -17.73556997399993, 0.0 ], [ -50.885761689999981, -17.735714445999974, 0.0 ], [ -50.885762334999981, -17.735719010999958, 0.0 ], [ -50.885763063999946, -17.735724162999929, 0.0 ], [ -50.885759947999986, -17.73572841899994, 0.0 ], [ -50.885757186999967, -17.735732190999954, 0.0 ], [ -50.885737227999982, -17.735759452999957, 0.0 ], [ -50.885724608999965, -17.735776688999977, 0.0 ], [ -50.88568801599996, -17.735826671999973, 0.0 ], [ -50.885689334999938, -17.735827727999947, 0.0 ], [ -50.88569044999997, -17.735828978999962, 0.0 ], [ -50.885691331999965, -17.735830391999968, 0.0 ], [ -50.885691953999981, -17.735831925999946, 0.0 ], [ -50.88569229999996, -17.735833537999952, 0.0 ], [ -50.885692358999961, -17.735835182999949, 0.0 ], [ -50.885692130999985, -17.735836814999971, 0.0 ], [ -50.885691620999978, -17.735838386999944, 0.0 ], [ -50.885690843999953, -17.735839853999948, 0.0 ], [ -50.885689820999971, -17.735841176999941, 0.0 ], [ -50.885688581999943, -17.735842316999936, 0.0 ], [ -50.885687161999954, -17.735843242999977, 0.0 ], [ -50.885685599999931, -17.735843926999962, 0.0 ], [ -50.885683939999979, -17.735844351999958, 0.0 ], [ -50.885682229999986, -17.735844504999932, 0.0 ], [ -50.885680516999969, -17.735844380999936, 0.0 ], [ -50.885678849999977, -17.735843983999928, 0.0 ], [ -50.885677275999967, -17.735843325999952, 0.0 ], [ -50.88567583899993, -17.73584242499993, 0.0 ], [ -50.885674578999954, -17.735841305999941, 0.0 ], [ -50.885673531999942, -17.735840000999929, 0.0 ], [ -50.885672727999975, -17.735838546999958, 0.0 ], [ -50.885672188999933, -17.735836983999945, 0.0 ], [ -50.885569442999952, -17.735860569999943, 0.0 ], [ -50.885401952999985, -17.735899017999941, 0.0 ], [ -50.885327365999956, -17.735916139999972, 0.0 ], [ -50.885321501999954, -17.735917485999948, 0.0 ], [ -50.885269898999979, -17.735931479999977, 0.0 ], [ -50.885193519999973, -17.735952191999957, 0.0 ], [ -50.88503431099997, -17.735995364999951, 0.0 ], [ -50.884952390999956, -17.736020843999938, 0.0 ], [ -50.884942664999983, -17.736023868999951, 0.0 ], [ -50.884746853999957, -17.736084769999934, 0.0 ], [ -50.884728662999976, -17.736110594999957, 0.0 ], [ -50.884738224999978, -17.736137022999969, 0.0 ], [ -50.884856347999971, -17.736463484999945, 0.0 ], [ -50.884883584999955, -17.736538762999942, 0.0 ], [ -50.884916743999952, -17.736630405999961, 0.0 ], [ -50.884915167999964, -17.736631077999959, 0.0 ], [ -50.884913731999973, -17.736631992999946, 0.0 ], [ -50.884912475999954, -17.736633126999948, 0.0 ], [ -50.884911437999961, -17.736634445999982, 0.0 ], [ -50.884910644999934, -17.736635913999976, 0.0 ], [ -50.884910120999962, -17.736637488999975, 0.0 ], [ -50.884909879999952, -17.736639125999943, 0.0 ], [ -50.884909929999935, -17.73664077799998, 0.0 ], [ -50.884910268999931, -17.736642398999948, 0.0 ], [ -50.884910886999933, -17.736643942999933, 0.0 ], [ -50.884911765999959, -17.736645363999969, 0.0 ], [ -50.88491288299997, -17.736646623999945, 0.0 ], [ -50.884914203999983, -17.736647686999959, 0.0 ], [ -50.884915692999982, -17.73664852099995, 0.0 ], [ -50.884890309999946, -17.736699549999969, 0.0 ], [ -50.884861789999945, -17.736756880999963, 0.0 ], [ -50.88486015999996, -17.736756293999974, 0.0 ], [ -50.884858449999967, -17.736755979999941, 0.0 ], [ -50.884856708999962, -17.736755947999939, 0.0 ], [ -50.884854986999983, -17.736756199999945, 0.0 ], [ -50.884853335999935, -17.736756727999932, 0.0 ], [ -50.884851800999968, -17.736757516999944, 0.0 ], [ -50.884850427999936, -17.73675854399994, 0.0 ], [ -50.884849256999985, -17.736759778999954, 0.0 ], [ -50.884848320999936, -17.736761185999967, 0.0 ], [ -50.884847647999948, -17.736762724999949, 0.0 ], [ -50.884847256999933, -17.736764350999977, 0.0 ], [ -50.884847158999946, -17.736766017999969, 0.0 ], [ -50.884847357999945, -17.736767674999953, 0.0 ], [ -50.884847846999946, -17.736769276999951, 0.0 ], [ -50.884639782999955, -17.736846583999977, 0.0 ], [ -50.884555045999946, -17.736878068999943, 0.0 ], [ -50.884541425999942, -17.736883128999978, 0.0 ], [ -50.884311681999975, -17.736980082999935, 0.0 ], [ -50.884232508999958, -17.737013494999928, 0.0 ], [ -50.884117688999936, -17.737068230999967, 0.0 ], [ -50.883984418999944, -17.737131760999944, 0.0 ], [ -50.883905891999973, -17.737169194999979, 0.0 ], [ -50.883901588999947, -17.737171246999935, 0.0 ], [ -50.883896730999936, -17.737173562999942, 0.0 ], [ -50.883891902999949, -17.737175934999982, 0.0 ], [ -50.883887624999943, -17.737178035999932, 0.0 ], [ -50.883877029999951, -17.737183238999933, 0.0 ], [ -50.883803049999983, -17.73721957999993, 0.0 ], [ -50.883688376999942, -17.737275906999969, 0.0 ], [ -50.883659278999971, -17.737290199999961, 0.0 ], [ -50.88361443499997, -17.737312226999961, 0.0 ], [ -50.88359619299996, -17.737321187999953, 0.0 ], [ -50.883532895999963, -17.737352278999936, 0.0 ], [ -50.883530995999934, -17.737353212999949, 0.0 ], [ -50.883486733999973, -17.73737495499995, 0.0 ], [ -50.883481894999932, -17.737384817999953, 0.0 ], [ -50.883475748999956, -17.737380349999967, 0.0 ], [ -50.883301287999984, -17.737466045999952, 0.0 ], [ -50.883271602999969, -17.737480626999968, 0.0 ], [ -50.883205862999944, -17.737512917999936, 0.0 ], [ -50.883179997999946, -17.737525622999954, 0.0 ], [ -50.883171385999958, -17.737535794999928, 0.0 ], [ -50.883163939999974, -17.737544851999928, 0.0 ], [ -50.883158477999984, -17.737552079999944, 0.0 ], [ -50.883157337999933, -17.737553882999975, 0.0 ], [ -50.883153491999963, -17.737538642999937, 0.0 ], [ -50.88314803399993, -17.737541323999949, 0.0 ], [ -50.883086777999949, -17.737571411999966, 0.0 ], [ -50.882983061999937, -17.737622357999953, 0.0 ], [ -50.882914981999932, -17.737655797999935, 0.0 ], [ -50.882735913999966, -17.737743755999929, 0.0 ], [ -50.882608174999973, -17.737806500999966, 0.0 ], [ -50.882563737999931, -17.737828254999954, 0.0 ], [ -50.882428101999949, -17.73789465699997, 0.0 ], [ -50.882147808999946, -17.738031877999958, 0.0 ], [ -50.88204015499997, -17.738084581999942, 0.0 ], [ -50.881994086999953, -17.73810713499995, 0.0 ], [ -50.881747190999931, -17.738228004999939, 0.0 ], [ -50.881681981999975, -17.738259927999934, 0.0 ], [ -50.881682644999955, -17.738261489999957, 0.0 ], [ -50.881683018999979, -17.738263137999979, 0.0 ], [ -50.881683091999946, -17.738264823999941, 0.0 ], [ -50.88168286299998, -17.738266495999937, 0.0 ], [ -50.881682338999951, -17.738268105999964, 0.0 ], [ -50.881681533999938, -17.73826960599996, 0.0 ], [ -50.88168047299996, -17.738270950999947, 0.0 ], [ -50.881679186999975, -17.738272102999929, 0.0 ], [ -50.881677713999977, -17.738273025999945, 0.0 ], [ -50.881676096999968, -17.73827369299994, 0.0 ], [ -50.881674385999986, -17.738274085999933, 0.0 ], [ -50.881672628999979, -17.73827419099996, 0.0 ], [ -50.881670879999945, -17.738274006999973, 0.0 ], [ -50.881669188999979, -17.73827353799993, 0.0 ], [ -50.88166760699994, -17.738272797999969, 0.0 ], [ -50.881658393999942, -17.73828752299994, 0.0 ], [ -50.881656685999985, -17.738290251999956, 0.0 ], [ -50.881627598999955, -17.738336733999972, 0.0 ], [ -50.881608557999982, -17.738367163999953, 0.0 ], [ -50.881606581999961, -17.738370317999966, 0.0 ], [ -50.881608020999977, -17.738371317999963, 0.0 ], [ -50.881609257999969, -17.738372540999933, 0.0 ], [ -50.881610254999941, -17.738373949999982, 0.0 ], [ -50.881610982999973, -17.738375503999976, 0.0 ], [ -50.881611419999956, -17.738377154999966, 0.0 ], [ -50.881611550999935, -17.738378852999972, 0.0 ], [ -50.881611373999931, -17.738380547999952, 0.0 ], [ -50.881610893999948, -17.738382187999946, 0.0 ], [ -50.881610124999952, -17.73838372299997, 0.0 ], [ -50.881609089999984, -17.738385107999932, 0.0 ], [ -50.881607820999932, -17.738386299999945, 0.0 ], [ -50.881606355999963, -17.738387263999982, 0.0 ], [ -50.881604737999965, -17.738387969999962, 0.0 ], [ -50.881603017999964, -17.738388397999927, 0.0 ], [ -50.881601245999946, -17.738388532999977, 0.0 ], [ -50.881599476999952, -17.738388372999964, 0.0 ], [ -50.881597762999945, -17.738387921999959, 0.0 ], [ -50.881596156999933, -17.738387193999927, 0.0 ], [ -50.881594848999953, -17.738386323999976, 0.0 ], [ -50.881593696999971, -17.738385269999981, 0.0 ], [ -50.881592730999955, -17.738384057999951, 0.0 ], [ -50.881591971999967, -17.738382716999979, 0.0 ], [ -50.881591439999966, -17.738381278999952, 0.0 ], [ -50.881529026999942, -17.738397390999978, 0.0 ], [ -50.881504974999984, -17.73840359999997, 0.0 ], [ -50.88147208099997, -17.738412092999965, 0.0 ], [ -50.881472387999963, -17.738413721999962, 0.0 ], [ -50.881472403999965, -17.738415377999956, 0.0 ], [ -50.881472129999963, -17.738417012999946, 0.0 ], [ -50.881471571999953, -17.738418579999973, 0.0 ], [ -50.88147074699998, -17.738420034999933, 0.0 ], [ -50.881469678999963, -17.738421335999931, 0.0 ], [ -50.881468396999935, -17.738422445999959, 0.0 ], [ -50.88146693799996, -17.738423333999947, 0.0 ], [ -50.881465344999981, -17.738423973999943, 0.0 ], [ -50.881463660999941, -17.738424347999967, 0.0 ], [ -50.881461935999937, -17.738424444999964, 0.0 ], [ -50.881460218999962, -17.738424262999956, 0.0 ], [ -50.881458557999963, -17.738423805999957, 0.0 ], [ -50.881457000999944, -17.738423087999934, 0.0 ], [ -50.881455591999952, -17.738422128999957, 0.0 ], [ -50.881454371999951, -17.73842095599997, 0.0 ], [ -50.881453374999978, -17.738419603999944, 0.0 ], [ -50.881452629999956, -17.738418109999941, 0.0 ], [ -50.881452156999956, -17.738416516999962, 0.0 ], [ -50.881451971999979, -17.738414870999975, 0.0 ], [ -50.881452076999949, -17.738413217999948, 0.0 ], [ -50.881452471999978, -17.738411605999943, 0.0 ], [ -50.881453143999977, -17.738410080999927, 0.0 ], [ -50.881447780999963, -17.738407378999966, 0.0 ], [ -50.881400611999936, -17.738383622999947, 0.0 ], [ -50.881356413999981, -17.738361357999963, 0.0 ], [ -50.881346120999979, -17.738356172999943, 0.0 ], [ -50.881304021999938, -17.738334967999947, 0.0 ], [ -50.881290426999954, -17.738328119999949, 0.0 ], [ -50.881250652999938, -17.738310025999965, 0.0 ], [ -50.88114737099994, -17.73826304499994, 0.0 ], [ -50.881124389999968, -17.738252589999945, 0.0 ], [ -50.881121366999935, -17.738251214999934, 0.0 ], [ -50.881115118999958, -17.738248372999976, 0.0 ], [ -50.881009627999958, -17.738205339999979, 0.0 ], [ -50.880936565999946, -17.738175534999982, 0.0 ], [ -50.88090694899995, -17.738164795999978, 0.0 ], [ -50.880812534999961, -17.73813056399996, 0.0 ], [ -50.88079513699995, -17.738124254999946, 0.0 ], [ -50.880755065999949, -17.738109725999948, 0.0 ], [ -50.880658067999946, -17.738078821999977, 0.0 ], [ -50.880657318999965, -17.738078582999947, 0.0 ], [ -50.880570918999979, -17.738051055999961, 0.0 ], [ -50.880459640999959, -17.738020364999954, 0.0 ], [ -50.880455480999956, -17.738019217999977, 0.0 ], [ -50.880384431999971, -17.737999621999961, 0.0 ], [ -50.880312232999984, -17.737982727999963, 0.0 ], [ -50.880202432999965, -17.737957034999965, 0.0 ], [ -50.880195912999966, -17.737955509999949, 0.0 ], [ -50.880123548999961, -17.737941542999977, 0.0 ], [ -50.88000567499995, -17.737918791999959, 0.0 ], [ -50.879989053999964, -17.737916264999967, 0.0 ], [ -50.879964886999971, -17.737912589999951, 0.0 ], [ -50.879946417999975, -17.737909781999974, 0.0 ], [ -50.879928322999945, -17.737907029999974, 0.0 ], [ -50.879815706999977, -17.737889907999943, 0.0 ], [ -50.87980788699997, -17.737888717999965, 0.0 ], [ -50.879683583999963, -17.737874920999957, 0.0 ], [ -50.879642975999957, -17.737870412999939, 0.0 ], [ -50.879608953999934, -17.737866636999968, 0.0 ], [ -50.879489301999968, -17.737860640999941, 0.0 ], [ -50.879411534999974, -17.737856743999942, 0.0 ], [ -50.879349498999943, -17.737853634999965, 0.0 ], [ -50.879209064999941, -17.73784659699993, 0.0 ], [ -50.879156615999932, -17.737847074999934, 0.0 ], [ -50.879059757999983, -17.737847958999964, 0.0 ], [ -50.879022300999964, -17.737848300999929, 0.0 ], [ -50.879021220999959, -17.737848309999947, 0.0 ], [ -50.878833592999968, -17.737857118999955, 0.0 ], [ -50.878776243999937, -17.737863084999958, 0.0 ], [ -50.878715343999943, -17.737869417999946, 0.0 ], [ -50.878642290999949, -17.73787701699996, 0.0 ], [ -50.878460154999971, -17.737895959999946, 0.0 ], [ -50.87837578999995, -17.737909210999931, 0.0 ], [ -50.878320004999978, -17.737917972999981, 0.0 ], [ -50.878301216999944, -17.737921477999976, 0.0 ], [ -50.87829753699998, -17.737922164999929, 0.0 ], [ -50.878180602999976, -17.737943979999955, 0.0 ], [ -50.87810608999996, -17.737960030999943, 0.0 ], [ -50.87805114799994, -17.737971865999953, 0.0 ], [ -50.877993063999952, -17.737985626999944, 0.0 ], [ -50.877993335999975, -17.737987257999976, 0.0 ], [ -50.877993316999948, -17.737988909999956, 0.0 ], [ -50.877993009999955, -17.737990534999938, 0.0 ], [ -50.877992422999966, -17.737992087999942, 0.0 ], [ -50.877991571999985, -17.737993523999933, 0.0 ], [ -50.877990480999983, -17.737994802999935, 0.0 ], [ -50.877989181999965, -17.737995887999944, 0.0 ], [ -50.877987710999946, -17.737996748999933, 0.0 ], [ -50.877986110999984, -17.73799736199993, 0.0 ], [ -50.877984425999955, -17.737997707999966, 0.0 ], [ -50.878023166999981, -17.738288883999928, 0.0 ], [ -50.878025081999965, -17.738303267999981, 0.0 ], [ -50.878027291999956, -17.738319881999928, 0.0 ], [ -50.878033280999944, -17.738364893999972, 0.0 ], [ -50.878046646999962, -17.73846535499996, 0.0 ], [ -50.878055912999969, -17.738534992999973, 0.0 ], [ -50.878076491999934, -17.738689659999977, 0.0 ], [ -50.878093448999948, -17.738817100999938, 0.0 ], [ -50.878095222999946, -17.738817032999975, 0.0 ], [ -50.878096982999978, -17.738817259999962, 0.0 ], [ -50.878098674999933, -17.738817774999973, 0.0 ], [ -50.878100248999942, -17.738818562999938, 0.0 ], [ -50.878101656999945, -17.738819599999943, 0.0 ], [ -50.878102856999931, -17.738820853999982, 0.0 ], [ -50.878103812999939, -17.738822288999927, 0.0 ], [ -50.878104494999945, -17.738823859999968, 0.0 ], [ -50.878104882999935, -17.738825519999978, 0.0 ], [ -50.878104965999967, -17.738827219999962, 0.0 ], [ -50.878104741999948, -17.738828907999959, 0.0 ], [ -50.87810421599994, -17.738830532999941, 0.0 ], [ -50.878103403999944, -17.73883204699996, 0.0 ], [ -50.878102331999969, -17.738833402999944, 0.0 ], [ -50.878101030999971, -17.738834561999965, 0.0 ], [ -50.878099540999983, -17.73883548699996, 0.0 ], [ -50.878097905999937, -17.738836151999976, 0.0 ], [ -50.878096175999985, -17.738836535999951, 0.0 ], [ -50.878094402999977, -17.738836626999955, 0.0 ], [ -50.878092639999977, -17.738836422999952, 0.0 ], [ -50.878090940999982, -17.738835929999937, 0.0 ], [ -50.878089354999986, -17.738835162999976, 0.0 ], [ -50.878087932999961, -17.738834144999942, 0.0 ], [ -50.878086714999938, -17.73883290699996, 0.0 ], [ -50.878085738999971, -17.738831484999935, 0.0 ], [ -50.87808503399998, -17.738829922999969, 0.0 ], [ -50.877968720999945, -17.738867022999955, 0.0 ], [ -50.877950443999964, -17.738872851999929, 0.0 ], [ -50.877917470999932, -17.73888336899995, 0.0 ], [ -50.877696383999933, -17.738953885999933, 0.0 ], [ -50.877620715999967, -17.73897802099998, 0.0 ], [ -50.877530898999964, -17.739006667999945, 0.0 ], [ -50.877531286999954, -17.739008174999981, 0.0 ], [ -50.877531422999937, -17.739009722999981, 0.0 ], [ -50.877531300999976, -17.739011270999981, 0.0 ], [ -50.877530925999963, -17.739012781999975, 0.0 ], [ -50.877530306999972, -17.739014216999976, 0.0 ], [ -50.877529459999948, -17.739015539999968, 0.0 ], [ -50.877528404999964, -17.739016717999959, 0.0 ], [ -50.877527168999961, -17.739017722999961, 0.0 ], [ -50.877525782999953, -17.739018526999928, 0.0 ], [ -50.877524281999968, -17.739019111999937, 0.0 ], [ -50.877569945999937, -17.739157168999952, 0.0 ], [ -50.877639583999951, -17.739357661999975, 0.0 ], [ -50.877646046999985, -17.739376266999955, 0.0 ], [ -50.877669657999945, -17.739444245999948, 0.0 ], [ -50.877721042999951, -17.739590887999952, 0.0 ], [ -50.877750079999942, -17.739673753999966, 0.0 ], [ -50.877769661999935, -17.739729636999982, 0.0 ], [ -50.87780510999994, -17.739882229999978, 0.0 ], [ -50.877819170999942, -17.739942751999934, 0.0 ], [ -50.877886602999979, -17.740233026999931, 0.0 ], [ -50.877887125999962, -17.740241728999933, 0.0 ], [ -50.877887490999967, -17.740247803999978, 0.0 ], [ -50.87788973399995, -17.74028518199998, 0.0 ], [ -50.877902329999984, -17.740495001999932, 0.0 ], [ -50.877903930999935, -17.740521653999963, 0.0 ], [ -50.877908078999951, -17.740590770999972, 0.0 ], [ -50.877947684999981, -17.740808628999957, 0.0 ], [ -50.87795054299994, -17.740824346999943, 0.0 ], [ -50.877966799999967, -17.740913771999942, 0.0 ], [ -50.877971720999938, -17.740940841999929, 0.0 ], [ -50.877979512999957, -17.740983700999948, 0.0 ], [ -50.877983334999954, -17.74100472799995, 0.0 ], [ -50.87798597799997, -17.741019263999931, 0.0 ], [ -50.877987171999962, -17.741021819999958, 0.0 ], [ -50.877989106999962, -17.741025959999945, 0.0 ], [ -50.87800361799998, -17.741057011999942, 0.0 ], [ -50.878018127999951, -17.74108806299995, 0.0 ], [ -50.878033384999981, -17.741120709999961, 0.0 ], [ -50.87803650799998, -17.741127393999932, 0.0 ], [ -50.878054888999941, -17.74116672699995, 0.0 ], [ -50.878056823999941, -17.741170866999937, 0.0 ], [ -50.878080040999976, -17.741220548999934, 0.0 ], [ -50.87809875399995, -17.741260593999982, 0.0 ], [ -50.878122949999977, -17.74132038099998, 0.0 ], [ -50.878138024999942, -17.74135763299995, 0.0 ], [ -50.878194037999947, -17.741496041999937, 0.0 ], [ -50.878198857999962, -17.74150795099996, 0.0 ], [ -50.878220596999938, -17.741561831999945, 0.0 ], [ -50.878302934999965, -17.741765913999927, 0.0 ], [ -50.878372378999984, -17.741843597999946, 0.0 ], [ -50.878385038999966, -17.741857760999949, 0.0 ], [ -50.878459195999937, -17.741940716999977, 0.0 ], [ -50.87857027299998, -17.742053249999969, 0.0 ], [ -50.878688318999934, -17.742172843999981, 0.0 ], [ -50.878689261999966, -17.742173799999932, 0.0 ], [ -50.878763185999958, -17.742236804999948, 0.0 ], [ -50.878884623999966, -17.742340306999949, 0.0 ], [ -50.878921342999945, -17.742395470999952, 0.0 ], [ -50.878941288999954, -17.742425437999941, 0.0 ], [ -50.879014807999965, -17.742535890999932, 0.0 ], [ -50.879071608999936, -17.742598323999971, 0.0 ], [ -50.879072517999987, -17.742599322999979, 0.0 ], [ -50.879192774999979, -17.742731503999948, 0.0 ], [ -50.879217216999962, -17.742759740999929, 0.0 ], [ -50.879277034999973, -17.742828843999973, 0.0 ], [ -50.879316969999934, -17.742874978999964, 0.0 ], [ -50.879349175999948, -17.74291218299993, 0.0 ], [ -50.879420746999983, -17.743095301999972, 0.0 ], [ -50.879427230999966, -17.743111893999981, 0.0 ], [ -50.87943914799996, -17.743162126999948, 0.0 ], [ -50.879458771999964, -17.743244847999961, 0.0 ], [ -50.879478279999944, -17.743327077999936, 0.0 ], [ -50.879490395999937, -17.743378147999977, 0.0 ], [ -50.879505200999972, -17.74344055499995, 0.0 ], [ -50.879569139999944, -17.743609879999951, 0.0 ], [ -50.879579160999981, -17.743636417999937, 0.0 ], [ -50.879595035999955, -17.743678458999966, 0.0 ], [ -50.879604342999983, -17.743703104999952, 0.0 ], [ -50.879610920999937, -17.743720527999926, 0.0 ], [ -50.879613430999939, -17.743727172999968, 0.0 ], [ -50.879613605999964, -17.743727636999949, 0.0 ], [ -50.879614357999969, -17.743733909999946, 0.0 ], [ -50.879619475999959, -17.743776626999932, 0.0 ], [ -50.879624593999949, -17.743819344999963, 0.0 ], [ -50.879629190999935, -17.74385770899994, 0.0 ], [ -50.879631597999946, -17.74387780099994, 0.0 ], [ -50.879633020999961, -17.743889679999938, 0.0 ], [ -50.879637661999936, -17.743928407999931, 0.0 ], [ -50.879639524999959, -17.743943953999974, 0.0 ], [ -50.879704594999964, -17.744077102999938, 0.0 ], [ -50.879800040999953, -17.744256026999949, 0.0 ], [ -50.879817568999954, -17.744320536999965, 0.0 ], [ -50.879852039999946, -17.744447402999981, 0.0 ], [ -50.879852313999947, -17.744455872999936, 0.0 ], [ -50.879852586999959, -17.744464330999961, 0.0 ], [ -50.879858349999949, -17.744642484999929, 0.0 ], [ -50.879905776999976, -17.744816492999973, 0.0 ], [ -50.87991072799997, -17.744843927999966, 0.0 ], [ -50.879919942999948, -17.744895000999975, 0.0 ], [ -50.879922815999976, -17.744910919999938, 0.0 ], [ -50.879894512999954, -17.745036898999956, 0.0 ], [ -50.879894350999962, -17.745037617999969, 0.0 ], [ -50.879876662999948, -17.745152772999973, 0.0 ], [ -50.879896334999955, -17.745220439999969, 0.0 ], [ -50.879919134999966, -17.745298869999942, 0.0 ], [ -50.87995346699995, -17.745362088999968, 0.0 ], [ -50.88000771399993, -17.745461980999949, 0.0 ], [ -50.880112873999963, -17.745554041999981, 0.0 ], [ -50.880170803999931, -17.745604753999942, 0.0 ], [ -50.880209088999948, -17.74564146299997, 0.0 ], [ -50.880298430999972, -17.745727123999927, 0.0 ], [ -50.880337525999948, -17.745756926999945, 0.0 ], [ -50.880427505999933, -17.745825519999983, 0.0 ], [ -50.880434560999959, -17.74583742599998, 0.0 ], [ -50.880488051999976, -17.745927710999979, 0.0 ], [ -50.880490178999935, -17.746017742999982, 0.0 ], [ -50.880488657999933, -17.746017885999947, 0.0 ], [ -50.880487174999985, -17.74601824399997, 0.0 ], [ -50.880485764999946, -17.746018808999963, 0.0 ], [ -50.880484457999955, -17.74601956999993, 0.0 ], [ -50.880483284999968, -17.746020508999948, 0.0 ], [ -50.880482269999959, -17.746021604999953, 0.0 ], [ -50.880481351999947, -17.746022984999968, 0.0 ], [ -50.880480686999931, -17.746024491999947, 0.0 ], [ -50.880480291999959, -17.746026084999983, 0.0 ], [ -50.88048017999995, -17.746027717999937, 0.0 ], [ -50.88048035199995, -17.746029345999943, 0.0 ], [ -50.880480803999944, -17.746030923999967, 0.0 ], [ -50.880481523999947, -17.746032407999962, 0.0 ], [ -50.880482491999942, -17.746033755999974, 0.0 ], [ -50.880483679999941, -17.74603493199993, 0.0 ], [ -50.880485055999941, -17.74603590199996, 0.0 ], [ -50.880486511999948, -17.746036611999955, 0.0 ], [ -50.880488067999977, -17.746037090999948, 0.0 ], [ -50.88048968399994, -17.746037326999954, 0.0 ], [ -50.88049131799994, -17.746037312999931, 0.0 ], [ -50.880492928999956, -17.746037049999927, 0.0 ], [ -50.880494475999967, -17.746036544999981, 0.0 ], [ -50.880495918999941, -17.746035809999967, 0.0 ], [ -50.880497221999974, -17.746034863999967, 0.0 ], [ -50.880498350999972, -17.746033730999955, 0.0 ], [ -50.880574630999945, -17.746093157999951, 0.0 ], [ -50.880661251999982, -17.746128767999949, 0.0 ], [ -50.880666925999947, -17.746131100999946, 0.0 ], [ -50.880807253999933, -17.746188139999958, 0.0 ], [ -50.880861406999941, -17.746210151999946, 0.0 ], [ -50.880926700999964, -17.746232745999976, 0.0 ], [ -50.88106248899993, -17.746279733999927, 0.0 ], [ -50.881129549999969, -17.746304039999927, 0.0 ], [ -50.881218218999948, -17.746336177999979, 0.0 ], [ -50.881322684999986, -17.746374040999967, 0.0 ], [ -50.881359162999956, -17.746387261999928, 0.0 ], [ -50.881507496999973, -17.746447339999975, 0.0 ], [ -50.881580618999976, -17.746489032999932, 0.0 ], [ -50.881629446999966, -17.746516873999951, 0.0 ], [ -50.881649779999975, -17.746526407999966, 0.0 ], [ -50.881777773999943, -17.746586423999929, 0.0 ], [ -50.88194258599998, -17.746659139999963, 0.0 ], [ -50.88198424199993, -17.746683800999961, 0.0 ], [ -50.882041989999948, -17.746717987999943, 0.0 ], [ -50.882126467999967, -17.746767998999928, 0.0 ], [ -50.882214756999986, -17.746840303999932, 0.0 ], [ -50.882331489999956, -17.746872518999965, 0.0 ], [ -50.882467891999966, -17.74691016099996, 0.0 ], [ -50.882543857999963, -17.746931124999946, 0.0 ], [ -50.882544155999938, -17.746931217999929, 0.0 ], [ -50.882643198999972, -17.746972303999939, 0.0 ], [ -50.882804000999954, -17.747039007999945, 0.0 ], [ -50.882819710999968, -17.747042084999975, 0.0 ], [ -50.882959322999966, -17.747069434999958, 0.0 ], [ -50.883062283999948, -17.747089603999939, 0.0 ], [ -50.883159604999946, -17.747088522999945, 0.0 ], [ -50.883361819999948, -17.747086274999958, 0.0 ], [ -50.883476320999932, -17.747085000999959, 0.0 ], [ -50.883774660999961, -17.747081684999955, 0.0 ], [ -50.883845447999931, -17.747080897999979, 0.0 ], [ -50.884015044999956, -17.747079011999972, 0.0 ], [ -50.884163551999961, -17.747077359999935, 0.0 ], [ -50.884189883999966, -17.747077067999953, 0.0 ], [ -50.884288296999955, -17.747075972999937, 0.0 ], [ -50.884322390999955, -17.747082048999971, 0.0 ], [ -50.884389902999942, -17.747094081999933, 0.0 ], [ -50.884541741999954, -17.747121143999948, 0.0 ], [ -50.884680243999981, -17.74714582799993, 0.0 ], [ -50.88478715499997, -17.747164882999982, 0.0 ], [ -50.884897940999963, -17.747217802999955, 0.0 ], [ -50.885118139999975, -17.74732298999993, 0.0 ], [ -50.885274855999967, -17.74739785099996, 0.0 ], [ -50.885380921999968, -17.747448517999942, 0.0 ], [ -50.885481942999945, -17.747450914999945, 0.0 ], [ -50.885589185999947, -17.747453459999974, 0.0 ], [ -50.885658407999983, -17.747455102999936, 0.0 ], [ -50.885714987999961, -17.747456445999944, 0.0 ], [ -50.885735759999932, -17.74745693899996, 0.0 ], [ -50.885755065999945, -17.74745738699994, 0.0 ], [ -50.885784308999973, -17.747458091999931, 0.0 ], [ -50.885823415999937, -17.747459712999955, 0.0 ], [ -50.885898822999934, -17.747462836999944, 0.0 ], [ -50.88595089599994, -17.747464994999973, 0.0 ], [ -50.885974229999931, -17.747465961999978, 0.0 ], [ -50.885983686999964, -17.747466353999982, 0.0 ], [ -50.88600248299997, -17.747468139999967, 0.0 ], [ -50.886042490999955, -17.747471940999958, 0.0 ], [ -50.88608249899994, -17.747475742999939, 0.0 ], [ -50.886113856999941, -17.747478721999983, 0.0 ], [ -50.886114256999974, -17.747478759999979, 0.0 ], [ -50.886139011999944, -17.747479776999967, 0.0 ], [ -50.886283730999935, -17.747485721999965, 0.0 ], [ -50.88629657599995, -17.747486248999962, 0.0 ], [ -50.886335606999978, -17.747489047999977, 0.0 ], [ -50.886481662999984, -17.747499523999977, 0.0 ], [ -50.886504680999963, -17.747502638999947, 0.0 ], [ -50.886631221999949, -17.747519772999965, 0.0 ], [ -50.886642184999971, -17.747521245999963, 0.0 ], [ -50.88664253099995, -17.747519752999949, 0.0 ], [ -50.88664311499997, -17.747518328999945, 0.0 ], [ -50.886643922999951, -17.747517009999967, 0.0 ], [ -50.886644934999936, -17.747515827999962, 0.0 ], [ -50.886646126999949, -17.747514810999974, 0.0 ], [ -50.886647469999957, -17.747513982999976, 0.0 ], [ -50.886648929999978, -17.747513365999964, 0.0 ], [ -50.886650472999975, -17.74751297399996, 0.0 ], [ -50.88665206099995, -17.747512816999972, 0.0 ], [ -50.88662301599993, -17.74605115199995, 0.0 ], [ -50.886601250999945, -17.744955835999974, 0.0 ], [ -50.886657682999953, -17.744939409999972, 0.0 ], [ -50.886492693999969, -17.74424320199995, 0.0 ], [ -50.88639716199998, -17.743761012999983, 0.0 ], [ -50.886345084999959, -17.74359734199993, 0.0 ], [ -50.886327918999939, -17.743543389999957, 0.0 ], [ -50.886317980999934, -17.743469231999939, 0.0 ], [ -50.886334830999942, -17.743395631999931, 0.0 ], [ -50.886360024999931, -17.743285585999956, 0.0 ], [ -50.886533821999933, -17.743136454999956, 0.0 ], [ -50.888366247999954, -17.742775259999974, 0.0 ] ] ] ] } },
{ "type": "Feature", "properties": { "OID_": 0, "Name": "Placemark", "FolderPath": "Document", "SymbolID": 0, "AltMode": 0, "Base": 0.0, "Clamped": -1, "Extruded": 0, "Snippet": null, "PopupInfo": "<html xmlns:fo=\"http://www.w3.org/1999/XSL/Format\" xmlns:msxsl=\"urn:schemas-microsoft-com:xslt\"><head><META http-equiv=\"Content-Type\" content=\"text/html\"><meta http-equiv=\"content-type\" content=\"text/html; charset=UTF-8\"></head><body style=\"margin:0px 0p", "Shape_Leng": 0.04150731965, "Shape_Area": 3.63735e-05 }, "geometry": { "type": "MultiPolygon", "coordinates": [ [ [ [ -50.494702108999945, -17.969104189999939, 0.0 ], [ -50.494698017999951, -17.969072314999949, 0.0 ], [ -50.494314943999939, -17.96938275499997, 0.0 ], [ -50.494309614999963, -17.969371158999934, 0.0 ], [ -50.493870614999935, -17.969221907999952, 0.0 ], [ -50.493829958999981, -17.969207063999932, 0.0 ], [ -50.493794811999976, -17.969189427999936, 0.0 ], [ -50.493766269999981, -17.969169703999967, 0.0 ], [ -50.493615171999977, -17.969055271999935, 0.0 ], [ -50.493571291999956, -17.969014103999939, 0.0 ], [ -50.493544243999963, -17.968984908999971, 0.0 ], [ -50.493342834999964, -17.968749619999983, 0.0 ], [ -50.493341255999951, -17.968748068999957, 0.0 ], [ -50.493321198999979, -17.968726425999932, 0.0 ], [ -50.493337501999974, -17.968703543999936, 0.0 ], [ -50.493332247999945, -17.968699906999973, 0.0 ], [ -50.493148232999943, -17.96857289899998, 0.0 ], [ -50.493045163999966, -17.968727147999971, 0.0 ], [ -50.492869394999957, -17.968990193999957, 0.0 ], [ -50.492810349999957, -17.969078557999978, 0.0 ], [ -50.492800265999961, -17.969093649999934, 0.0 ], [ -50.49261936299996, -17.969088177999936, 0.0 ], [ -50.492509125999959, -17.96908313299997, 0.0 ], [ -50.492376020999984, -17.969077041999981, 0.0 ], [ -50.492377330999943, -17.969046512999967, 0.0 ], [ -50.492378631999941, -17.969011726999952, 0.0 ], [ -50.492162091999944, -17.969015083999977, 0.0 ], [ -50.492016378999949, -17.969017621999967, 0.0 ], [ -50.49190337899995, -17.96901975399993, 0.0 ], [ -50.491750592999949, -17.969022637999956, 0.0 ], [ -50.491645325999968, -17.969024624999975, 0.0 ], [ -50.49159889699996, -17.969025500999976, 0.0 ], [ -50.49151474599995, -17.969027147999952, 0.0 ], [ -50.491576703999954, -17.968973719999951, 0.0 ], [ -50.491450260999954, -17.968875066999942, 0.0 ], [ -50.491438940999956, -17.968860545999974, 0.0 ], [ -50.491447964999963, -17.96883764699993, 0.0 ], [ -50.491137785999967, -17.968545607999943, 0.0 ], [ -50.49108911299993, -17.968591453999977, 0.0 ], [ -50.490972372999977, -17.968514759999948, 0.0 ], [ -50.490805661999957, -17.968285127999934, 0.0 ], [ -50.490652670999964, -17.968427169999927, 0.0 ], [ -50.490437268999983, -17.968475419999947, 0.0 ], [ -50.489988919999973, -17.968525718999956, 0.0 ], [ -50.489967589999935, -17.968528393999975, 0.0 ], [ -50.489805642999954, -17.968101073999946, 0.0 ], [ -50.489985808999961, -17.968035264999969, 0.0 ], [ -50.489629728999944, -17.967160996999951, 0.0 ], [ -50.489595024999971, -17.967109149999942, 0.0 ], [ -50.48960823799996, -17.96709128699996, 0.0 ], [ -50.489617069999952, -17.967072111999983, 0.0 ], [ -50.489623018999964, -17.967037729999959, 0.0 ], [ -50.489623498999947, -17.967016132999959, 0.0 ], [ -50.489614020999966, -17.966979986999945, 0.0 ], [ -50.489207100999977, -17.966129623999961, 0.0 ], [ -50.489171250999959, -17.966147025999931, 0.0 ], [ -50.48901869599996, -17.96595635999995, 0.0 ], [ -50.488814933999947, -17.966091413999948, 0.0 ], [ -50.488772407999932, -17.966046104999975, 0.0 ], [ -50.488632774999985, -17.966130298999929, 0.0 ], [ -50.488584605999961, -17.966084515999967, 0.0 ], [ -50.488665968999953, -17.965898728999946, 0.0 ], [ -50.488455485999964, -17.965693939999937, 0.0 ], [ -50.48829559099994, -17.965783361999968, 0.0 ], [ -50.48786763399994, -17.96536066799996, 0.0 ], [ -50.487850684999955, -17.965345623999951, 0.0 ], [ -50.487776724999947, -17.965320133999967, 0.0 ], [ -50.487763387999962, -17.965304982999953, 0.0 ], [ -50.487573458999975, -17.965089491999947, 0.0 ], [ -50.487124408999932, -17.964615235999929, 0.0 ], [ -50.487668061999955, -17.96437500899998, 0.0 ], [ -50.487736492999943, -17.964363007999964, 0.0 ], [ -50.488411920999965, -17.964070054999979, 0.0 ], [ -50.488359550999974, -17.963959986999953, 0.0 ], [ -50.488317278999943, -17.963906114999929, 0.0 ], [ -50.488199080999948, -17.963648099999943, 0.0 ], [ -50.48765474299995, -17.963016246999928, 0.0 ], [ -50.487468646999957, -17.96263326299993, 0.0 ], [ -50.486294475999955, -17.963092330999928, 0.0 ], [ -50.485686652999959, -17.963329722999958, 0.0 ], [ -50.485597324999958, -17.963359409999953, 0.0 ], [ -50.48548307599998, -17.963397563999933, 0.0 ], [ -50.48472845699996, -17.963676016999955, 0.0 ], [ -50.484920759999966, -17.964103322999961, 0.0 ], [ -50.485321341999963, -17.96501955399998, 0.0 ], [ -50.485329318999959, -17.965028374999974, 0.0 ], [ -50.485339442999987, -17.96503372899997, 0.0 ], [ -50.485349166999981, -17.965035211999975, 0.0 ], [ -50.485500103999982, -17.965395263999937, 0.0 ], [ -50.48570885099997, -17.965867487999958, 0.0 ], [ -50.486012503999973, -17.966597140999966, 0.0 ], [ -50.486007967999967, -17.966628071999935, 0.0 ], [ -50.485135637999974, -17.966992717999972, 0.0 ], [ -50.485126369999932, -17.96697044299998, 0.0 ], [ -50.484876206999957, -17.967072016999964, 0.0 ], [ -50.485320444999957, -17.968173567999941, 0.0 ], [ -50.485945836999974, -17.967956104999928, 0.0 ], [ -50.485976567999955, -17.967957127999966, 0.0 ], [ -50.486138180999944, -17.96832643099998, 0.0 ], [ -50.48660646299993, -17.969332170999962, 0.0 ], [ -50.48664366099996, -17.969414649999976, 0.0 ], [ -50.486937719999958, -17.970081725999933, 0.0 ], [ -50.487411504999955, -17.971172449999926, 0.0 ], [ -50.487898497999936, -17.970972492999977, 0.0 ], [ -50.488587858999949, -17.970689687999936, 0.0 ], [ -50.488825290999955, -17.970595167999932, 0.0 ], [ -50.489279565999936, -17.970409991999929, 0.0 ], [ -50.489470386999983, -17.970331835999957, 0.0 ], [ -50.489502078999976, -17.970360373999938, 0.0 ], [ -50.48991611799994, -17.971148222999943, 0.0 ], [ -50.489924107999968, -17.97116436999994, 0.0 ], [ -50.489932804999967, -17.971180642999968, 0.0 ], [ -50.489944564999973, -17.971197764999943, 0.0 ], [ -50.489957195999978, -17.971212683999966, 0.0 ], [ -50.489968523999949, -17.971225022999931, 0.0 ], [ -50.489981963999981, -17.971239198999967, 0.0 ], [ -50.489997221999943, -17.971251891999941, 0.0 ], [ -50.489958119999983, -17.971246985999983, 0.0 ], [ -50.489881817999958, -17.971248879999962, 0.0 ], [ -50.489909940999951, -17.971373510999967, 0.0 ], [ -50.490673331999972, -17.971423167999944, 0.0 ], [ -50.490729619999968, -17.971414024999945, 0.0 ], [ -50.491484253999943, -17.971457439999938, 0.0 ], [ -50.491511066999976, -17.971457892999979, 0.0 ], [ -50.491502244999936, -17.971750095999937, 0.0 ], [ -50.491527369999972, -17.971777580999969, 0.0 ], [ -50.491555862999974, -17.971783794999965, 0.0 ], [ -50.491700212999945, -17.971784262999961, 0.0 ], [ -50.491702062999934, -17.971775669999943, 0.0 ], [ -50.492122708999943, -17.971689562999927, 0.0 ], [ -50.492120812999985, -17.971657720999929, 0.0 ], [ -50.492117636999978, -17.971610087999977, 0.0 ], [ -50.492187752999939, -17.971127043999957, 0.0 ], [ -50.492104024999946, -17.971117853999942, 0.0 ], [ -50.49210411599995, -17.970976348999955, 0.0 ], [ -50.492385758999944, -17.97100243899996, 0.0 ], [ -50.492389504999949, -17.970867522999981, 0.0 ], [ -50.492104508999944, -17.970838958999934, 0.0 ], [ -50.492104858999937, -17.970678845999942, 0.0 ], [ -50.492104604999952, -17.970654771999932, 0.0 ], [ -50.492187276999971, -17.970578838999927, 0.0 ], [ -50.492197709999971, -17.970578777999947, 0.0 ], [ -50.492378953999946, -17.970581166999978, 0.0 ], [ -50.49237889699998, -17.970565131999933, 0.0 ], [ -50.492614656999933, -17.970571521999943, 0.0 ], [ -50.492651273999968, -17.970324081999934, 0.0 ], [ -50.492851043999963, -17.970357986999943, 0.0 ], [ -50.494614921999982, -17.971100304999936, 0.0 ], [ -50.49485019399998, -17.970631941999955, 0.0 ], [ -50.494946464999941, -17.970509386999936, 0.0 ], [ -50.494958789999941, -17.970496601999969, 0.0 ], [ -50.495001880999951, -17.97044559099993, 0.0 ], [ -50.49505641099995, -17.970485210999982, 0.0 ], [ -50.495158400999969, -17.970559137999942, 0.0 ], [ -50.495171208999977, -17.970542988999966, 0.0 ], [ -50.495482354999979, -17.970167315999959, 0.0 ], [ -50.495218086999955, -17.969951103999961, 0.0 ], [ -50.494737045999955, -17.969590897999979, 0.0 ], [ -50.494702108999945, -17.969104189999939, 0.0 ] ] ] ] } },
{ "type": "Feature", "properties": { "OID_": 0, "Name": "Placemark", "FolderPath": "Document", "SymbolID": 0, "AltMode": 0, "Base": 0.0, "Clamped": -1, "Extruded": 0, "Snippet": null, "PopupInfo": "<html xmlns:fo=\"http://www.w3.org/1999/XSL/Format\" xmlns:msxsl=\"urn:schemas-microsoft-com:xslt\"><head><META http-equiv=\"Content-Type\" content=\"text/html\"><meta http-equiv=\"content-type\" content=\"text/html; charset=UTF-8\"></head><body style=\"margin:0px 0p", "Shape_Leng": 0.04795202124, "Shape_Area": 6.819712e-05 }, "geometry": { "type": "MultiPolygon", "coordinates": [ [ [ [ -50.619019998999931, -18.121228803999941, 0.0 ], [ -50.618992014999947, -18.121174692999944, 0.0 ], [ -50.618282972999964, -18.123109965999959, 0.0 ], [ -50.618266912999957, -18.123154598999974, 0.0 ], [ -50.618076856999949, -18.125529073999928, 0.0 ], [ -50.618043508999961, -18.125668720999954, 0.0 ], [ -50.617983384999945, -18.126337085999978, 0.0 ], [ -50.617796498999951, -18.129149966999933, 0.0 ], [ -50.617704539999977, -18.12999227399996, 0.0 ], [ -50.617641996999964, -18.130823006999947, 0.0 ], [ -50.617575262999935, -18.131661799999961, 0.0 ], [ -50.617557049999959, -18.132863169999951, 0.0 ], [ -50.61644550699998, -18.13359952199994, 0.0 ], [ -50.615201196999976, -18.13433030799996, 0.0 ], [ -50.615149308999946, -18.134355357999937, 0.0 ], [ -50.61515002799996, -18.134390407999945, 0.0 ], [ -50.615084559999957, -18.13600331899994, 0.0 ], [ -50.616254746999971, -18.136044842999979, 0.0 ], [ -50.616127758999937, -18.139437011999973, 0.0 ], [ -50.61991306699997, -18.139513316999967, 0.0 ], [ -50.621778647999975, -18.138416562999964, 0.0 ], [ -50.621861398999954, -18.138345521999952, 0.0 ], [ -50.622112625999932, -18.137715061999927, 0.0 ], [ -50.622481132999951, -18.136812267999971, 0.0 ], [ -50.622482505999983, -18.136748101999956, 0.0 ], [ -50.622470583999984, -18.136674122999977, 0.0 ], [ -50.622347031999936, -18.136315415999945, 0.0 ], [ -50.624201561999939, -18.135824339999942, 0.0 ], [ -50.620536545999983, -18.13085457699998, 0.0 ], [ -50.619975152999984, -18.130181020999942, 0.0 ], [ -50.62038907799996, -18.129364301999942, 0.0 ], [ -50.620339724999951, -18.129277998999953, 0.0 ], [ -50.619800469999973, -18.128946320999944, 0.0 ], [ -50.619772791999935, -18.128916898999933, 0.0 ], [ -50.620034321999981, -18.127333014999977, 0.0 ], [ -50.620266575999949, -18.124982219999936, 0.0 ], [ -50.619836617999965, -18.123243231999936, 0.0 ], [ -50.619541476999984, -18.123206252999978, 0.0 ], [ -50.619530509999947, -18.123050626999941, 0.0 ], [ -50.619019998999931, -18.121228803999941, 0.0 ] ] ] ] } },
{ "type": "Feature", "properties": { "OID_": 0, "Name": "Placemark", "FolderPath": "Document", "SymbolID": 0, "AltMode": 0, "Base": 0.0, "Clamped": -1, "Extruded": 0, "Snippet": null, "PopupInfo": "<html xmlns:fo=\"http://www.w3.org/1999/XSL/Format\" xmlns:msxsl=\"urn:schemas-microsoft-com:xslt\"><head><META http-equiv=\"Content-Type\" content=\"text/html\"><meta http-equiv=\"content-type\" content=\"text/html; charset=UTF-8\"></head><body style=\"margin:0px 0p", "Shape_Leng": 0.03001927234, "Shape_Area": 3.885782e-05 }, "geometry": { "type": "MultiPolygon", "coordinates": [ [ [ [ -50.507954642999948, -18.070427787999961, 0.0 ], [ -50.506288481999945, -18.070525771999939, 0.0 ], [ -50.505366251999931, -18.070577043999947, 0.0 ], [ -50.504459129999987, -18.070633469999962, 0.0 ], [ -50.503579500999933, -18.070690205999938, 0.0 ], [ -50.502698312999939, -18.070739776999972, 0.0 ], [ -50.501816640999948, -18.070787149999944, 0.0 ], [ -50.500945652999974, -18.070835489999979, 0.0 ], [ -50.499821741999938, -18.070907976999933, 0.0 ], [ -50.499578549999967, -18.070942909999928, 0.0 ], [ -50.498657111999933, -18.071139069999958, 0.0 ], [ -50.497542679999981, -18.071376395999948, 0.0 ], [ -50.498734142999979, -18.073893625999972, 0.0 ], [ -50.498673955999948, -18.07519833899994, 0.0 ], [ -50.499639903999935, -18.074710478999975, 0.0 ], [ -50.499620070999981, -18.075189705999946, 0.0 ], [ -50.500721632999955, -18.075220964999971, 0.0 ], [ -50.501594742999941, -18.075255378999941, 0.0 ], [ -50.502436631999956, -18.075289149999946, 0.0 ], [ -50.503316969999958, -18.075335080999935, 0.0 ], [ -50.504204160999961, -18.075366234999933, 0.0 ], [ -50.505088643999954, -18.075407713999937, 0.0 ], [ -50.505026875999931, -18.076278718999959, 0.0 ], [ -50.505982456999959, -18.076287880999928, 0.0 ], [ -50.505998816999977, -18.075452335999955, 0.0 ], [ -50.50604799499996, -18.07444038899996, 0.0 ], [ -50.506052033999936, -18.074348776999955, 0.0 ], [ -50.506115074999968, -18.073402944999941, 0.0 ], [ -50.506370118999939, -18.073167042999955, 0.0 ], [ -50.506961390999948, -18.072298132999947, 0.0 ], [ -50.507008939999935, -18.072342743999968, 0.0 ], [ -50.508037084999955, -18.070816707999938, 0.0 ], [ -50.507971650999934, -18.070550509999975, 0.0 ], [ -50.507954642999948, -18.070427787999961, 0.0 ] ] ] ] } },
{ "type": "Feature", "properties": { "OID_": 0, "Name": "Placemark", "FolderPath": "Document", "SymbolID": 0, "AltMode": 0, "Base": 0.0, "Clamped": -1, "Extruded": 0, "Snippet": null, "PopupInfo": "<html xmlns:fo=\"http://www.w3.org/1999/XSL/Format\" xmlns:msxsl=\"urn:schemas-microsoft-com:xslt\"><head><META http-equiv=\"Content-Type\" content=\"text/html\"><meta http-equiv=\"content-type\" content=\"text/html; charset=UTF-8\"></head><body style=\"margin:0px 0p", "Shape_Leng": 0.01186217456, "Shape_Area": 8.37369e-06 }, "geometry": { "type": "MultiPolygon", "coordinates": [ [ [ [ -50.896076218999951, -17.781160104999969, 0.0 ], [ -50.897645694999937, -17.782439324999928, 0.0 ], [ -50.898404869999979, -17.781595981999942, 0.0 ], [ -50.898469238999951, -17.78164903499993, 0.0 ], [ -50.899773279999977, -17.78020216699997, 0.0 ], [ -50.899642367999945, -17.77978677699997, 0.0 ], [ -50.899518891999946, -17.779628871999932, 0.0 ], [ -50.899356877999935, -17.77930947599998, 0.0 ], [ -50.899299478999978, -17.778864350999982, 0.0 ], [ -50.899323402999983, -17.778529728999956, 0.0 ], [ -50.899318178999977, -17.778261934999932, 0.0 ], [ -50.899317709999934, -17.77823790399998, 0.0 ], [ -50.898970935999955, -17.778243349999968, 0.0 ], [ -50.898063432999948, -17.778579494999974, 0.0 ], [ -50.897690472999955, -17.778820112999938, 0.0 ], [ -50.896789340999931, -17.780126386999939, 0.0 ], [ -50.896076218999951, -17.781160104999969, 0.0 ] ] ] ] } },
{ "type": "Feature", "properties": { "OID_": 0, "Name": "Placemark", "FolderPath": "Document", "SymbolID": 0, "AltMode": 0, "Base": 0.0, "Clamped": -1, "Extruded": 0, "Snippet": null, "PopupInfo": "<html xmlns:fo=\"http://www.w3.org/1999/XSL/Format\" xmlns:msxsl=\"urn:schemas-microsoft-com:xslt\"><head><META http-equiv=\"Content-Type\" content=\"text/html\"><meta http-equiv=\"content-type\" content=\"text/html; charset=UTF-8\"></head><body style=\"margin:0px 0p", "Shape_Leng": 0.01039872909, "Shape_Area": 6.43563e-06 }, "geometry": { "type": "MultiPolygon", "coordinates": [ [ [ [ -50.93529074199995, -17.83813588199996, 0.0 ], [ -50.935581438999975, -17.838540829999943, 0.0 ], [ -50.936598604999972, -17.839951164999945, 0.0 ], [ -50.93680655999998, -17.840241462999927, 0.0 ], [ -50.937168578999945, -17.840546606999965, 0.0 ], [ -50.937350994999974, -17.840586430999963, 0.0 ], [ -50.93774055199998, -17.840550681999957, 0.0 ], [ -50.938040221999984, -17.84048979399995, 0.0 ], [ -50.938283714999955, -17.84040736399993, 0.0 ], [ -50.938478529999941, -17.840281870999945, 0.0 ], [ -50.938635909999959, -17.840095381999959, 0.0 ], [ -50.938733356999933, -17.839916048999953, 0.0 ], [ -50.938864531999968, -17.839686503999928, 0.0 ], [ -50.939196847999938, -17.83907796699998, 0.0 ], [ -50.936091076999958, -17.837486616999968, 0.0 ], [ -50.935995680999952, -17.837511217999975, 0.0 ], [ -50.935903263999933, -17.837586280999972, 0.0 ], [ -50.935840798999948, -17.83769627099997, 0.0 ], [ -50.935799825999936, -17.837766514999942, 0.0 ], [ -50.935745863999955, -17.837827772999958, 0.0 ], [ -50.935694069999954, -17.837891123999952, 0.0 ], [ -50.935623469999939, -17.837937741999951, 0.0 ], [ -50.935562091999941, -17.837992684999961, 0.0 ], [ -50.935508574999972, -17.838023798999927, 0.0 ], [ -50.93529074199995, -17.83813588199996, 0.0 ] ] ] ] } },
{ "type": "Feature", "properties": { "OID_": 0, "Name": "Placemark", "FolderPath": "Document", "SymbolID": 0, "AltMode": 0, "Base": 0.0, "Clamped": -1, "Extruded": 0, "Snippet": null, "PopupInfo": "<html xmlns:fo=\"http://www.w3.org/1999/XSL/Format\" xmlns:msxsl=\"urn:schemas-microsoft-com:xslt\"><head><META http-equiv=\"Content-Type\" content=\"text/html\"><meta http-equiv=\"content-type\" content=\"text/html; charset=UTF-8\"></head><body style=\"margin:0px 0p", "Shape_Leng": 0.05585315229, "Shape_Area": 1.134414e-05 }, "geometry": { "type": "MultiPolygon", "coordinates": [ [ [ [ -50.959941259999937, -17.794561379999948, 0.0 ], [ -50.95954712799994, -17.794675874999939, 0.0 ], [ -50.958831286999953, -17.794898730999932, 0.0 ], [ -50.957922340999971, -17.795121790999929, 0.0 ], [ -50.957623275999936, -17.795251, 0.0 ], [ -50.956616697999948, -17.795436457999926, 0.0 ], [ -50.956545098999982, -17.795440134999978, 0.0 ], [ -50.956348580999986, -17.795433528999979, 0.0 ], [ -50.956346144999941, -17.795523947999982, 0.0 ], [ -50.956228811999949, -17.795523921999973, 0.0 ], [ -50.956224556999985, -17.795590438999966, 0.0 ], [ -50.955412383999942, -17.795766992999972, 0.0 ], [ -50.954777472999979, -17.795921060999945, 0.0 ], [ -50.954468194999947, -17.795992976999969, 0.0 ], [ -50.954065263999951, -17.796113233999961, 0.0 ], [ -50.953780893999976, -17.796153010999944, 0.0 ], [ -50.953292412999986, -17.796139244999949, 0.0 ], [ -50.953230298999983, -17.796369191999929, 0.0 ], [ -50.953213909999931, -17.796448552999948, 0.0 ], [ -50.952739141999984, -17.796583165999948, 0.0 ], [ -50.952052293999941, -17.796755682999958, 0.0 ], [ -50.95118438999998, -17.796963309999967, 0.0 ], [ -50.950542860999974, -17.797121124999933, 0.0 ], [ -50.949820687999932, -17.797265486999947, 0.0 ], [ -50.94953669299997, -17.797331257999929, 0.0 ], [ -50.949129920999951, -17.797419738999963, 0.0 ], [ -50.948794143999976, -17.797507369999948, 0.0 ], [ -50.948655087999953, -17.797530074999941, 0.0 ], [ -50.948508343999947, -17.797524971999962, 0.0 ], [ -50.948420461999945, -17.79753368799993, 0.0 ], [ -50.948194137999963, -17.797557556999948, 0.0 ], [ -50.947300342999938, -17.797677199999953, 0.0 ], [ -50.946376968999971, -17.797799629999929, 0.0 ], [ -50.946333949999939, -17.797804243999963, 0.0 ], [ -50.944710427999951, -17.798038432999931, 0.0 ], [ -50.944413321999946, -17.798085132999972, 0.0 ], [ -50.944354078999936, -17.798075756999935, 0.0 ], [ -50.944200342999977, -17.79804538999997, 0.0 ], [ -50.944066084999974, -17.798386301999926, 0.0 ], [ -50.943995388999952, -17.798516235999955, 0.0 ], [ -50.943950156999961, -17.798559541999964, 0.0 ], [ -50.943902110999943, -17.798559527999942, 0.0 ], [ -50.943726865999963, -17.79862174699997, 0.0 ], [ -50.94371837999995, -17.798646111999972, 0.0 ], [ -50.943404623999982, -17.798789511999928, 0.0 ], [ -50.943011739999974, -17.798913938999931, 0.0 ], [ -50.942904312999985, -17.799008665999963, 0.0 ], [ -50.942844952999963, -17.799038429999939, 0.0 ], [ -50.942782780999948, -17.799019459999954, 0.0 ], [ -50.942641459999948, -17.799051906999978, 0.0 ], [ -50.942146808999951, -17.799241278999943, 0.0 ], [ -50.941886765999982, -17.79933596099994, 0.0 ], [ -50.941790576999949, -17.799633744999937, 0.0 ], [ -50.941570146999936, -17.799582237999971, 0.0 ], [ -50.941129238999963, -17.799630838999974, 0.0 ], [ -50.940626084999963, -17.799885180999979, 0.0 ], [ -50.940329282999983, -17.80002587499996, 0.0 ], [ -50.940227524999955, -17.800066454999978, 0.0 ], [ -50.940142734999938, -17.800074551999955, 0.0 ], [ -50.940060776999985, -17.800066403999949, 0.0 ], [ -50.93998163599997, -17.800085331999981, 0.0 ], [ -50.939882710999939, -17.800104252999972, 0.0 ], [ -50.939724423999962, -17.800155643999972, 0.0 ], [ -50.939588754999932, -17.800185383999974, 0.0 ], [ -50.939475697999967, -17.800204300999951, 0.0 ], [ -50.939365455999962, -17.800258413999927, 0.0 ], [ -50.939221943999939, -17.800331649999976, 0.0 ], [ -50.939161017999936, -17.800768244999972, 0.0 ], [ -50.939311519999933, -17.800861227999974, 0.0 ], [ -50.939325751999945, -17.800612736999938, 0.0 ], [ -50.939443283999935, -17.800570428999947, 0.0 ], [ -50.93958708599996, -17.80056267599997, 0.0 ], [ -50.939694165999981, -17.800590027999931, 0.0 ], [ -50.939840469999979, -17.800587926999981, 0.0 ], [ -50.93995734899994, -17.80056996299993, 0.0 ], [ -50.940526412999986, -17.800362787999973, 0.0 ], [ -50.940512677999948, -17.800270169999976, 0.0 ], [ -50.941082895999955, -17.80012322999994, 0.0 ], [ -50.941692364999938, -17.799846404999982, 0.0 ], [ -50.943178063999937, -17.799411759999941, 0.0 ], [ -50.943378721999977, -17.799375348999945, 0.0 ], [ -50.943789067999944, -17.799232735999965, 0.0 ], [ -50.944359070999951, -17.79901319499993, 0.0 ], [ -50.94438523599996, -17.798999626999944, 0.0 ], [ -50.944379476999984, -17.798980446999963, 0.0 ], [ -50.944985113999962, -17.798802231999957, 0.0 ], [ -50.945191780999949, -17.798760956999956, 0.0 ], [ -50.946350817999985, -17.798403054999937, 0.0 ], [ -50.947178249999979, -17.798205314999962, 0.0 ], [ -50.947832766999966, -17.798024345999977, 0.0 ], [ -50.947729175999939, -17.79789565599998, 0.0 ], [ -50.948477518999937, -17.79766964099997, 0.0 ], [ -50.948736912999948, -17.797607365999966, 0.0 ], [ -50.948806371999979, -17.797590690999982, 0.0 ], [ -50.94916640799994, -17.797477818999937, 0.0 ], [ -50.949387039999976, -17.797417186999951, 0.0 ], [ -50.949672546999977, -17.797383887999956, 0.0 ], [ -50.950580331999959, -17.797162152999931, 0.0 ], [ -50.95086641499995, -17.797088544999951, 0.0 ], [ -50.95106651499998, -17.797065852999935, 0.0 ], [ -50.95121912299993, -17.797091881999961, 0.0 ], [ -50.951405652999938, -17.797088679999945, 0.0 ], [ -50.952957382999955, -17.796773358999928, 0.0 ], [ -50.954685347999941, -17.796384461999935, 0.0 ], [ -50.956547340999975, -17.79596253099993, 0.0 ], [ -50.958151905999955, -17.79558568799996, 0.0 ], [ -50.959343296999975, -17.795281707999948, 0.0 ], [ -50.959928736999984, -17.795153177999964, 0.0 ], [ -50.961485421999953, -17.794839713999977, 0.0 ], [ -50.962364292999951, -17.794757183999934, 0.0 ], [ -50.96268073899995, -17.79473412699997, 0.0 ], [ -50.963206015999958, -17.794718332999935, 0.0 ], [ -50.96383519699998, -17.794741782999949, 0.0 ], [ -50.964287481999975, -17.79484238699996, 0.0 ], [ -50.964263405999986, -17.794660971999974, 0.0 ], [ -50.964188804999935, -17.79460897599995, 0.0 ], [ -50.963988744999938, -17.794449744999952, 0.0 ], [ -50.963941281999951, -17.794368514999974, 0.0 ], [ -50.963944712999933, -17.794170333999944, 0.0 ], [ -50.96397865299997, -17.794040385999949, 0.0 ], [ -50.964277222999954, -17.793393915999957, 0.0 ], [ -50.964199251999958, -17.793241203999969, 0.0 ], [ -50.96413819299994, -17.793312668999931, 0.0 ], [ -50.963887195999973, -17.793494558999953, 0.0 ], [ -50.963704038999936, -17.793608234999965, 0.0 ], [ -50.963612452999939, -17.793699186999959, 0.0 ], [ -50.963483548999932, -17.793858356999976, 0.0 ], [ -50.963358036999978, -17.794007781999937, 0.0 ], [ -50.962781478999943, -17.79412571599994, 0.0 ], [ -50.962648070999933, -17.794192832999954, 0.0 ], [ -50.962265936999984, -17.79437902899997, 0.0 ], [ -50.962035305999962, -17.794454790999964, 0.0 ], [ -50.961831819999986, -17.794467745999953, 0.0 ], [ -50.961546941999984, -17.79447418899997, 0.0 ], [ -50.96128919399996, -17.794491464999965, 0.0 ], [ -50.960861878999935, -17.794491379999954, 0.0 ], [ -50.960608665999985, -17.794443678999983, 0.0 ], [ -50.960457183999949, -17.794443648999959, 0.0 ], [ -50.960279467999953, -17.794475667999961, 0.0 ], [ -50.959941259999937, -17.794561379999948, 0.0 ] ] ] ] } },
{ "type": "Feature", "properties": { "OID_": 0, "Name": "Placemark", "FolderPath": "Document", "SymbolID": 0, "AltMode": 0, "Base": 0.0, "Clamped": -1, "Extruded": 0, "Snippet": null, "PopupInfo": "<html xmlns:fo=\"http://www.w3.org/1999/XSL/Format\" xmlns:msxsl=\"urn:schemas-microsoft-com:xslt\"><head><META http-equiv=\"Content-Type\" content=\"text/html\"><meta http-equiv=\"content-type\" content=\"text/html; charset=UTF-8\"></head><body style=\"margin:0px 0p", "Shape_Leng": 0.01629889193, "Shape_Area": 1.531232e-05 }, "geometry": { "type": "MultiPolygon", "coordinates": [ [ [ [ -50.930177391999962, -17.761430347999976, 0.0 ], [ -50.927900651999948, -17.763025781999943, 0.0 ], [ -50.929349039999977, -17.764755212999944, 0.0 ], [ -50.929036520999944, -17.765001777999942, 0.0 ], [ -50.930354226999953, -17.766895114999954, 0.0 ], [ -50.933096600999932, -17.766096604999973, 0.0 ], [ -50.932820459999959, -17.764693740999974, 0.0 ], [ -50.932680216999984, -17.764147212999944, 0.0 ], [ -50.93229800599994, -17.763784033999968, 0.0 ], [ -50.931136256999935, -17.762705240999935, 0.0 ], [ -50.930177391999962, -17.761430347999976, 0.0 ] ] ] ] } },
{ "type": "Feature", "properties": { "OID_": 0, "Name": "Placemark", "FolderPath": "Document", "SymbolID": 0, "AltMode": 0, "Base": 0.0, "Clamped": -1, "Extruded": 0, "Snippet": null, "PopupInfo": "<html xmlns:fo=\"http://www.w3.org/1999/XSL/Format\" xmlns:msxsl=\"urn:schemas-microsoft-com:xslt\"><head><META http-equiv=\"Content-Type\" content=\"text/html\"><meta http-equiv=\"content-type\" content=\"text/html; charset=UTF-8\"></head><body style=\"margin:0px 0p", "Shape_Leng": 0.02532807401, "Shape_Area": 2.738662e-05 }, "geometry": { "type": "MultiPolygon", "coordinates": [ [ [ [ -50.944698975999984, -17.847196390999954, 0.0 ], [ -50.94404228999997, -17.847027136999941, 0.0 ], [ -50.943361464999953, -17.846278379999944, 0.0 ], [ -50.943861252999966, -17.847379043999979, 0.0 ], [ -50.94449356399997, -17.848086763999959, 0.0 ], [ -50.94460838699996, -17.848217164999937, 0.0 ], [ -50.949179872999935, -17.849836847999939, 0.0 ], [ -50.950021441999979, -17.84895572399995, 0.0 ], [ -50.950175720999937, -17.848723835999976, 0.0 ], [ -50.951789080999959, -17.846052381999982, 0.0 ], [ -50.949811515999954, -17.845476506999944, 0.0 ], [ -50.950548835999939, -17.844358661999934, 0.0 ], [ -50.947015772999976, -17.843522717999974, 0.0 ], [ -50.946900288999984, -17.843737631999943, 0.0 ], [ -50.946860586999946, -17.843764059999955, 0.0 ], [ -50.946832308999944, -17.843801617999929, 0.0 ], [ -50.946818666999945, -17.843846041999939, 0.0 ], [ -50.946821210999985, -17.843892282999946, 0.0 ], [ -50.946839653999973, -17.843935086999977, 0.0 ], [ -50.946871897999984, -17.843969590999961, 0.0 ], [ -50.946914280999977, -17.843991874999972, 0.0 ], [ -50.946866944999954, -17.844047675999946, 0.0 ], [ -50.945639326999981, -17.846388538999975, 0.0 ], [ -50.94550333799998, -17.846337029999972, 0.0 ], [ -50.945000179999965, -17.847273614999949, 0.0 ], [ -50.944698975999984, -17.847196390999954, 0.0 ] ] ] ] } },
{ "type": "Feature", "properties": { "OID_": 0, "Name": "Placemark", "FolderPath": "Document", "SymbolID": 0, "AltMode": 0, "Base": 0.0, "Clamped": -1, "Extruded": 0, "Snippet": null, "PopupInfo": "<html xmlns:fo=\"http://www.w3.org/1999/XSL/Format\" xmlns:msxsl=\"urn:schemas-microsoft-com:xslt\"><head><META http-equiv=\"Content-Type\" content=\"text/html\"><meta http-equiv=\"content-type\" content=\"text/html; charset=UTF-8\"></head><body style=\"margin:0px 0p", "Shape_Leng": 0.03262911924, "Shape_Area": 5.992838e-05 }, "geometry": { "type": "MultiPolygon", "coordinates": [ [ [ [ -50.893732123999939, -17.764786283999968, 0.0 ], [ -50.890601870999944, -17.765726724999979, 0.0 ], [ -50.883644360999938, -17.767860944999939, 0.0 ], [ -50.883710298999972, -17.768010671999946, 0.0 ], [ -50.883792317999962, -17.768190690999973, 0.0 ], [ -50.883868762999953, -17.768358185999944, 0.0 ], [ -50.883945788999938, -17.768515395999941, 0.0 ], [ -50.884067864999963, -17.768761920999964, 0.0 ], [ -50.88414352999996, -17.768911871999933, 0.0 ], [ -50.884293578999973, -17.769195926999942, 0.0 ], [ -50.884383523999986, -17.769363231999932, 0.0 ], [ -50.884495925999943, -17.769564583999966, 0.0 ], [ -50.884638010999936, -17.769813019999958, 0.0 ], [ -50.884730220999984, -17.769967618999942, 0.0 ], [ -50.88481294099995, -17.770107766999956, 0.0 ], [ -50.884960680999939, -17.770351281999979, 0.0 ], [ -50.885083735999956, -17.770538818999967, 0.0 ], [ -50.885109515999943, -17.770581489999927, 0.0 ], [ -50.885217562999969, -17.770741448999956, 0.0 ], [ -50.885295649999932, -17.770856916999946, 0.0 ], [ -50.885317891999932, -17.770889146999934, 0.0 ], [ -50.885422601999949, -17.771044891999964, 0.0 ], [ -50.885538650999933, -17.77121406699996, 0.0 ], [ -50.88565906499997, -17.771389083999964, 0.0 ], [ -50.885770036999986, -17.771549053999934, 0.0 ], [ -50.885898553999937, -17.771726426999976, 0.0 ], [ -50.886034387999985, -17.771908675999953, 0.0 ], [ -50.886085254999955, -17.771978144999935, 0.0 ], [ -50.886150132999944, -17.77205816399993, 0.0 ], [ -50.886311452999962, -17.772259771999927, 0.0 ], [ -50.886430329999939, -17.772409379999942, 0.0 ], [ -50.886544986999979, -17.772551047999968, 0.0 ], [ -50.886654834999945, -17.772688048999953, 0.0 ], [ -50.886835409999946, -17.772893131999979, 0.0 ], [ -50.886982596999985, -17.773059758999977, 0.0 ], [ -50.887218537999956, -17.773324145999936, 0.0 ], [ -50.887433248999969, -17.773554549999972, 0.0 ], [ -50.895288505999986, -17.769920684999931, 0.0 ], [ -50.89518168799998, -17.76940824899998, 0.0 ], [ -50.894894536999971, -17.76865253099993, 0.0 ], [ -50.894708088999948, -17.768140994999953, 0.0 ], [ -50.894606411999973, -17.76758130099995, 0.0 ], [ -50.894495920999987, -17.767015879999974, 0.0 ], [ -50.894328912999981, -17.766536719999976, 0.0 ], [ -50.894264454999984, -17.766232053999943, 0.0 ], [ -50.894253913999933, -17.766087740999978, 0.0 ], [ -50.894263139999964, -17.766007159999958, 0.0 ], [ -50.894316726999932, -17.765938324999979, 0.0 ], [ -50.894466600999976, -17.765861995999956, 0.0 ], [ -50.894524520999937, -17.76582044099996, 0.0 ], [ -50.89456546599996, -17.765688368999975, 0.0 ], [ -50.894572193999977, -17.764961762999974, 0.0 ], [ -50.894566153999961, -17.764534810999976, 0.0 ], [ -50.893732123999939, -17.764786283999968, 0.0 ] ] ] ] } },
{ "type": "Feature", "properties": { "OID_": 0, "Name": "Placemark", "FolderPath": "Document", "SymbolID": 0, "AltMode": 0, "Base": 0.0, "Clamped": -1, "Extruded": 0, "Snippet": null, "PopupInfo": "<html xmlns:fo=\"http://www.w3.org/1999/XSL/Format\" xmlns:msxsl=\"urn:schemas-microsoft-com:xslt\"><head><META http-equiv=\"Content-Type\" content=\"text/html\"><meta http-equiv=\"content-type\" content=\"text/html; charset=UTF-8\"></head><body style=\"margin:0px 0p", "Shape_Leng": 0.01114559613, "Shape_Area": 4.55856e-06 }, "geometry": { "type": "MultiPolygon", "coordinates": [ [ [ [ -50.932143415999974, -17.804287425999973, 0.0 ], [ -50.932268199999953, -17.804470820999938, 0.0 ], [ -50.932428684999934, -17.804904131999933, 0.0 ], [ -50.932795456999941, -17.805564793999963, 0.0 ], [ -50.933121502999938, -17.806088126999953, 0.0 ], [ -50.933322670999985, -17.806794897999964, 0.0 ], [ -50.935411066999961, -17.805569876999982, 0.0 ], [ -50.93517583199997, -17.805307675999927, 0.0 ], [ -50.934993663999933, -17.804942862999951, 0.0 ], [ -50.934918789999983, -17.80481741899996, 0.0 ], [ -50.934831379999935, -17.804751439999961, 0.0 ], [ -50.933049324999956, -17.804795431999935, 0.0 ], [ -50.93302248599997, -17.804795808999927, 0.0 ], [ -50.933316429999934, -17.804195212999957, 0.0 ], [ -50.933087893999982, -17.804092843999967, 0.0 ], [ -50.933104527999944, -17.804061402999935, 0.0 ], [ -50.933312950999948, -17.803739121999968, 0.0 ], [ -50.933032069999967, -17.803604470999971, 0.0 ], [ -50.932805951999967, -17.803375474999939, 0.0 ], [ -50.932300345999977, -17.804165156999943, 0.0 ], [ -50.932143415999974, -17.804287425999973, 0.0 ] ] ] ] } },
{ "type": "Feature", "properties": { "OID_": 0, "Name": "Placemark", "FolderPath": "Document", "SymbolID": 0, "AltMode": 0, "Base": 0.0, "Clamped": -1, "Extruded": 0, "Snippet": null, "PopupInfo": "<html xmlns:fo=\"http://www.w3.org/1999/XSL/Format\" xmlns:msxsl=\"urn:schemas-microsoft-com:xslt\"><head><META http-equiv=\"Content-Type\" content=\"text/html\"><meta http-equiv=\"content-type\" content=\"text/html; charset=UTF-8\"></head><body style=\"margin:0px 0p", "Shape_Leng": 0.01961197728, "Shape_Area": 1.675766e-05 }, "geometry": { "type": "MultiPolygon", "coordinates": [ [ [ [ -50.897524545999943, -17.773904984999945, 0.0 ], [ -50.897109497999963, -17.773308740999937, 0.0 ], [ -50.89674447799996, -17.772842156999957, 0.0 ], [ -50.896409791999986, -17.772420856999929, 0.0 ], [ -50.896253545999969, -17.772063172999935, 0.0 ], [ -50.896111064999957, -17.771754831999942, 0.0 ], [ -50.895916326999952, -17.771408375999954, 0.0 ], [ -50.895861606999972, -17.771333432999938, 0.0 ], [ -50.895653126999946, -17.771421480999948, 0.0 ], [ -50.892212131999941, -17.775155217999952, 0.0 ], [ -50.892679489999978, -17.775540602999968, 0.0 ], [ -50.892684838999969, -17.775604552999937, 0.0 ], [ -50.891524009999955, -17.776920488999963, 0.0 ], [ -50.892232380999985, -17.777472066999962, 0.0 ], [ -50.893325725999944, -17.776156167999943, 0.0 ], [ -50.89340003999996, -17.776148253999963, 0.0 ], [ -50.894784338999955, -17.777271123999981, 0.0 ], [ -50.89645931299998, -17.775213950999955, 0.0 ], [ -50.897524545999943, -17.773904984999945, 0.0 ] ] ] ] } },
{ "type": "Feature", "properties": { "OID_": 0, "Name": "Placemark", "FolderPath": "Document", "SymbolID": 0, "AltMode": 0, "Base": 0.0, "Clamped": -1, "Extruded": 0, "Snippet": null, "PopupInfo": "<html xmlns:fo=\"http://www.w3.org/1999/XSL/Format\" xmlns:msxsl=\"urn:schemas-microsoft-com:xslt\"><head><META http-equiv=\"Content-Type\" content=\"text/html\"><meta http-equiv=\"content-type\" content=\"text/html; charset=UTF-8\"></head><body style=\"margin:0px 0p", "Shape_Leng": 0.01008856012, "Shape_Area": 3.07922e-06 }, "geometry": { "type": "MultiPolygon", "coordinates": [ [ [ [ -50.918876240999964, -17.783992440999953, 0.0 ], [ -50.919561125999962, -17.784328996999932, 0.0 ], [ -50.919651173999966, -17.784373247999952, 0.0 ], [ -50.919652303999953, -17.784373802999937, 0.0 ], [ -50.921062229999961, -17.785066816999972, 0.0 ], [ -50.921076245999984, -17.784888345999946, 0.0 ], [ -50.921081337999965, -17.784716853999953, 0.0 ], [ -50.921105563999959, -17.784530475999929, 0.0 ], [ -50.921244574999946, -17.784346866999954, 0.0 ], [ -50.921391541999981, -17.784220064999943, 0.0 ], [ -50.921562046999952, -17.784274076999964, 0.0 ], [ -50.921918793999964, -17.784821908999959, 0.0 ], [ -50.922193580999931, -17.784690704999946, 0.0 ], [ -50.922115371999951, -17.784248045999959, 0.0 ], [ -50.922088076999955, -17.784123233999935, 0.0 ], [ -50.922157530999982, -17.783808344999954, 0.0 ], [ -50.922278336999966, -17.783515802999943, 0.0 ], [ -50.922286643999939, -17.783469743999945, 0.0 ], [ -50.92164771399996, -17.783299635999981, 0.0 ], [ -50.921028864999982, -17.783133704999955, 0.0 ], [ -50.920921666999959, -17.783341461999953, 0.0 ], [ -50.920813229999965, -17.783551620999958, 0.0 ], [ -50.920583206999936, -17.783997420999981, 0.0 ], [ -50.919080320999967, -17.783583462999957, 0.0 ], [ -50.918876240999964, -17.783992440999953, 0.0 ] ] ] ] } },
{ "type": "Feature", "properties": { "OID_": 0, "Name": "Placemark", "FolderPath": "Document", "SymbolID": 0, "AltMode": 0, "Base": 0.0, "Clamped": -1, "Extruded": 0, "Snippet": null, "PopupInfo": "<html xmlns:fo=\"http://www.w3.org/1999/XSL/Format\" xmlns:msxsl=\"urn:schemas-microsoft-com:xslt\"><head><META http-equiv=\"Content-Type\" content=\"text/html\"><meta http-equiv=\"content-type\" content=\"text/html; charset=UTF-8\"></head><body style=\"margin:0px 0p", "Shape_Leng": 0.09144042493, "Shape_Area": 0.00015522115 }, "geometry": { "type": "MultiPolygon", "coordinates": [ [ [ [ -50.921076245999984, -17.784888345999946, 0.0 ], [ -50.921062229999961, -17.785066816999972, 0.0 ], [ -50.919652303999953, -17.784373802999937, 0.0 ], [ -50.919651173999966, -17.784373247999952, 0.0 ], [ -50.919561125999962, -17.784328996999932, 0.0 ], [ -50.918982221999954, -17.785428595999974, 0.0 ], [ -50.919429815999933, -17.785644807999972, 0.0 ], [ -50.919669448999969, -17.785762292999948, 0.0 ], [ -50.920517306999955, -17.786173493999968, 0.0 ], [ -50.921296003999942, -17.786549157999957, 0.0 ], [ -50.921877728999959, -17.786831358999962, 0.0 ], [ -50.921438037999962, -17.787694418999934, 0.0 ], [ -50.922628790999966, -17.788267411999982, 0.0 ], [ -50.922387299999968, -17.788727949999952, 0.0 ], [ -50.922749685999975, -17.788985945999968, 0.0 ], [ -50.922723381999958, -17.789039763999938, 0.0 ], [ -50.92328854799996, -17.789326677999952, 0.0 ], [ -50.92262089899998, -17.790619039999967, 0.0 ], [ -50.923602460999973, -17.791099335999945, 0.0 ], [ -50.92310974399993, -17.792003784999963, 0.0 ], [ -50.924077660999956, -17.792469316999927, 0.0 ], [ -50.923610843999938, -17.793352782999932, 0.0 ], [ -50.92341535199995, -17.793711782999935, 0.0 ], [ -50.923095084999943, -17.794340344999966, 0.0 ], [ -50.923409422999953, -17.794484177999948, 0.0 ], [ -50.924064335999958, -17.794913576999932, 0.0 ], [ -50.924132866999969, -17.794979552999962, 0.0 ], [ -50.924661760999982, -17.795487498999933, 0.0 ], [ -50.925279296999975, -17.796128891999956, 0.0 ], [ -50.925622330999943, -17.796589339999969, 0.0 ], [ -50.926205398999969, -17.797600614999965, 0.0 ], [ -50.926522584999987, -17.798332310999967, 0.0 ], [ -50.926865618999955, -17.798809195999979, 0.0 ], [ -50.927229269999941, -17.799423291999972, 0.0 ], [ -50.927250975999982, -17.799459996999929, 0.0 ], [ -50.927783137999938, -17.800354888999948, 0.0 ], [ -50.927924516999951, -17.800519633999954, 0.0 ], [ -50.928381551999962, -17.801060654999958, 0.0 ], [ -50.928718097999933, -17.801459096999963, 0.0 ], [ -50.929258352999966, -17.802098057999956, 0.0 ], [ -50.930088581999939, -17.802841868999963, 0.0 ], [ -50.930194339999957, -17.802901882999947, 0.0 ], [ -50.931041542999935, -17.803331786999934, 0.0 ], [ -50.931471173999967, -17.803581742999938, 0.0 ], [ -50.931598252999947, -17.80370212899993, 0.0 ], [ -50.931772463999948, -17.803852134999943, 0.0 ], [ -50.932014868999943, -17.804102517999979, 0.0 ], [ -50.932143415999974, -17.804287425999973, 0.0 ], [ -50.932300345999977, -17.804165156999943, 0.0 ], [ -50.932805951999967, -17.803375474999939, 0.0 ], [ -50.933032069999967, -17.803604470999971, 0.0 ], [ -50.933312950999948, -17.803739121999968, 0.0 ], [ -50.933104527999944, -17.804061402999935, 0.0 ], [ -50.933087893999982, -17.804092843999967, 0.0 ], [ -50.933316429999934, -17.804195212999957, 0.0 ], [ -50.93302248599997, -17.804795808999927, 0.0 ], [ -50.933049324999956, -17.804795431999935, 0.0 ], [ -50.934831379999935, -17.804751439999961, 0.0 ], [ -50.934918789999983, -17.80481741899996, 0.0 ], [ -50.934993663999933, -17.804942862999951, 0.0 ], [ -50.93517583199997, -17.805307675999927, 0.0 ], [ -50.935411066999961, -17.805569876999982, 0.0 ], [ -50.93545153599996, -17.805526489999977, 0.0 ], [ -50.936870029999966, -17.804244008999945, 0.0 ], [ -50.937490150999963, -17.803871560999937, 0.0 ], [ -50.937514991999933, -17.803859022999973, 0.0 ], [ -50.937097051999956, -17.80314279299995, 0.0 ], [ -50.936687120999977, -17.802466633999927, 0.0 ], [ -50.936440490999985, -17.802069424999956, 0.0 ], [ -50.936241551999956, -17.801745767999932, 0.0 ], [ -50.936234307999939, -17.80173569699997, 0.0 ], [ -50.936136530999931, -17.801756267999963, 0.0 ], [ -50.935289180999973, -17.802096700999982, 0.0 ], [ -50.935124166999969, -17.80178247799995, 0.0 ], [ -50.935065187999953, -17.801670034999972, 0.0 ], [ -50.93484607299996, -17.801258460999975, 0.0 ], [ -50.934699140999953, -17.801218827999946, 0.0 ], [ -50.934723297999938, -17.800618135999969, 0.0 ], [ -50.93538000999996, -17.800626216999945, 0.0 ], [ -50.93530057299995, -17.800856859999953, 0.0 ], [ -50.936424601999931, -17.801260012999933, 0.0 ], [ -50.936432226999955, -17.801137810999933, 0.0 ], [ -50.936341939999977, -17.80070459999996, 0.0 ], [ -50.936333550999962, -17.800452809999967, 0.0 ], [ -50.936367679999933, -17.799827966999942, 0.0 ], [ -50.935679496999967, -17.799816869999972, 0.0 ], [ -50.935272399999974, -17.799816735999968, 0.0 ], [ -50.934864533999985, -17.799798678999935, 0.0 ], [ -50.934786500999962, -17.799777988999949, 0.0 ], [ -50.934830394999949, -17.798784545999979, 0.0 ], [ -50.934831820999932, -17.798745695999969, 0.0 ], [ -50.934877293999932, -17.797711030999949, 0.0 ], [ -50.934878293999986, -17.797686646999978, 0.0 ], [ -50.93492351499998, -17.796794308999949, 0.0 ], [ -50.934934737999981, -17.796524246999979, 0.0 ], [ -50.934914870999933, -17.796432209999978, 0.0 ], [ -50.934930790999942, -17.796087925999927, 0.0 ], [ -50.934936185999959, -17.795894640999961, 0.0 ], [ -50.934947428999976, -17.795492085999967, 0.0 ], [ -50.935430688999986, -17.795493920999945, 0.0 ], [ -50.935431768999933, -17.795473369999968, 0.0 ], [ -50.935432257999935, -17.795196787999942, 0.0 ], [ -50.935393613999963, -17.795197884999936, 0.0 ], [ -50.935393902999976, -17.795189252999933, 0.0 ], [ -50.935397795999961, -17.795072762999951, 0.0 ], [ -50.935435122999934, -17.795071868999969, 0.0 ], [ -50.93543021499994, -17.794886553999959, 0.0 ], [ -50.935561046999965, -17.794882060999953, 0.0 ], [ -50.93555343099996, -17.794814431999953, 0.0 ], [ -50.93554409799998, -17.794731556999977, 0.0 ], [ -50.935543582999969, -17.794723678999958, 0.0 ], [ -50.935536540999976, -17.794616, 0.0 ], [ -50.935533518999932, -17.79460212999993, 0.0 ], [ -50.935512759999938, -17.794506830999978, 0.0 ], [ -50.935509951999961, -17.794405832999928, 0.0 ], [ -50.935498482999947, -17.794306639999945, 0.0 ], [ -50.935495379999963, -17.794279807999942, 0.0 ], [ -50.935489607999955, -17.794211556999983, 0.0 ], [ -50.934927475999984, -17.794200132999947, 0.0 ], [ -50.934926769999947, -17.794175906999953, 0.0 ], [ -50.934921541999984, -17.793467447999944, 0.0 ], [ -50.934922901999983, -17.793418934999977, 0.0 ], [ -50.934921480999947, -17.793172471999981, 0.0 ], [ -50.934920342999931, -17.792984888999968, 0.0 ], [ -50.934918972999981, -17.792757482999946, 0.0 ], [ -50.935647873999983, -17.792580993999934, 0.0 ], [ -50.936025474999951, -17.792494480999949, 0.0 ], [ -50.936934424999947, -17.792299843999956, 0.0 ], [ -50.937119829999972, -17.792265248999968, 0.0 ], [ -50.937737098999946, -17.792137656999955, 0.0 ], [ -50.937836578999963, -17.792135522999956, 0.0 ], [ -50.938545780999959, -17.792116342999975, 0.0 ], [ -50.938228348999985, -17.791317383999967, 0.0 ], [ -50.938167457999953, -17.790869019999946, 0.0 ], [ -50.938126936999936, -17.790362183999946, 0.0 ], [ -50.938280947999942, -17.790114647999928, 0.0 ], [ -50.936659187999965, -17.788178597999945, 0.0 ], [ -50.93615166099994, -17.789160275999961, 0.0 ], [ -50.935895931999937, -17.789661471999977, 0.0 ], [ -50.935719641999981, -17.790000906999978, 0.0 ], [ -50.935414547999983, -17.790590821999956, 0.0 ], [ -50.935013654999977, -17.791370410999946, 0.0 ], [ -50.934838563999961, -17.791711133999968, 0.0 ], [ -50.934453733999931, -17.79178193499996, 0.0 ], [ -50.933467740999959, -17.791964329999928, 0.0 ], [ -50.933625258999939, -17.791605043999937, 0.0 ], [ -50.933863923999979, -17.791150641999934, 0.0 ], [ -50.93360612999993, -17.791151359999958, 0.0 ], [ -50.933460250999985, -17.791178742999932, 0.0 ], [ -50.933407894999959, -17.791017119999935, 0.0 ], [ -50.933235862999936, -17.791037919999951, 0.0 ], [ -50.933173864999958, -17.791057659999979, 0.0 ], [ -50.933040892999941, -17.791329133999966, 0.0 ], [ -50.932878588999984, -17.791637100999935, 0.0 ], [ -50.929655734999983, -17.790043134999962, 0.0 ], [ -50.930101824999952, -17.789177808999966, 0.0 ], [ -50.930101485999955, -17.789110654999945, 0.0 ], [ -50.93007846699993, -17.789095205999956, 0.0 ], [ -50.92855015799995, -17.789199505999932, 0.0 ], [ -50.928672194999933, -17.790001692999965, 0.0 ], [ -50.926038790999939, -17.788774267999941, 0.0 ], [ -50.926006080999969, -17.788598815999933, 0.0 ], [ -50.925711243999956, -17.788247685999977, 0.0 ], [ -50.925471819999984, -17.788075395999954, 0.0 ], [ -50.925254407999944, -17.787911502999975, 0.0 ], [ -50.925102497999944, -17.78786639499998, 0.0 ], [ -50.922435854999947, -17.785792429999958, 0.0 ], [ -50.92241095199995, -17.785773224999957, 0.0 ], [ -50.921915718999969, -17.784904648999941, 0.0 ], [ -50.921918793999964, -17.784821908999959, 0.0 ], [ -50.921562046999952, -17.784274076999964, 0.0 ], [ -50.921391541999981, -17.784220064999943, 0.0 ], [ -50.921244574999946, -17.784346866999954, 0.0 ], [ -50.921105563999959, -17.784530475999929, 0.0 ], [ -50.921081337999965, -17.784716853999953, 0.0 ], [ -50.921076245999984, -17.784888345999946, 0.0 ] ] ] ] } },
{ "type": "Feature", "properties": { "OID_": 0, "Name": "Placemark", "FolderPath": "Document", "SymbolID": 0, "AltMode": 0, "Base": 0.0, "Clamped": -1, "Extruded": 0, "Snippet": null, "PopupInfo": "<html xmlns:fo=\"http://www.w3.org/1999/XSL/Format\" xmlns:msxsl=\"urn:schemas-microsoft-com:xslt\"><head><META http-equiv=\"Content-Type\" content=\"text/html\"><meta http-equiv=\"content-type\" content=\"text/html; charset=UTF-8\"></head><body style=\"margin:0px 0p", "Shape_Leng": 0.0273595738, "Shape_Area": 1.738709e-05 }, "geometry": { "type": "MultiPolygon", "coordinates": [ [ [ [ -50.928611235999938, -17.809620010999936, 0.0 ], [ -50.928500883999959, -17.809557290999976, 0.0 ], [ -50.929031337999959, -17.809143197999958, 0.0 ], [ -50.928574007999941, -17.808638121999934, 0.0 ], [ -50.930720981999968, -17.806993921999947, 0.0 ], [ -50.929796372999931, -17.805966403999946, 0.0 ], [ -50.930044923999958, -17.805773336999948, 0.0 ], [ -50.929822566999974, -17.805516545999978, 0.0 ], [ -50.929967013999942, -17.805400703999965, 0.0 ], [ -50.92973294799998, -17.805147647999945, 0.0 ], [ -50.930929281999965, -17.804227272999981, 0.0 ], [ -50.930730778999987, -17.804039416999956, 0.0 ], [ -50.930926272999955, -17.803912603999947, 0.0 ], [ -50.931471173999967, -17.803581742999938, 0.0 ], [ -50.931041542999935, -17.803331786999934, 0.0 ], [ -50.930590027999983, -17.803863569999976, 0.0 ], [ -50.930567819999965, -17.80392791099996, 0.0 ], [ -50.930136663999974, -17.804392671999949, 0.0 ], [ -50.930129810999972, -17.804408701999932, 0.0 ], [ -50.930101010999977, -17.804479131999926, 0.0 ], [ -50.930087684999933, -17.804490364999936, 0.0 ], [ -50.928977111999984, -17.805378322999957, 0.0 ], [ -50.928960139999958, -17.805392277999943, 0.0 ], [ -50.928936120999936, -17.80542031799996, 0.0 ], [ -50.928178891999949, -17.80601639799994, 0.0 ], [ -50.928160434999938, -17.806031197999971, 0.0 ], [ -50.92810448299997, -17.806085504999942, 0.0 ], [ -50.927928296999937, -17.80621352199995, 0.0 ], [ -50.927505534999966, -17.806428479999965, 0.0 ], [ -50.92688910399994, -17.806746630999953, 0.0 ], [ -50.92628042299998, -17.807060779999972, 0.0 ], [ -50.924929986999985, -17.807757745999936, 0.0 ], [ -50.926419496999983, -17.809516453999947, 0.0 ], [ -50.927252998999961, -17.810401892999948, 0.0 ], [ -50.929007719999959, -17.812362048999944, 0.0 ], [ -50.929203482999981, -17.812561302999939, 0.0 ], [ -50.92929494699996, -17.812473927999974, 0.0 ], [ -50.929558129999975, -17.812109939999971, 0.0 ], [ -50.929438209999944, -17.811977116999969, 0.0 ], [ -50.92894797699995, -17.811408950999976, 0.0 ], [ -50.92875001699997, -17.811199722999959, 0.0 ], [ -50.928724183999975, -17.810719694999932, 0.0 ], [ -50.928611235999938, -17.809620010999936, 0.0 ] ] ] ] } },
{ "type": "Feature", "properties": { "OID_": 0, "Name": "Placemark", "FolderPath": "Document", "SymbolID": 0, "AltMode": 0, "Base": 0.0, "Clamped": -1, "Extruded": 0, "Snippet": null, "PopupInfo": "<html xmlns:fo=\"http://www.w3.org/1999/XSL/Format\" xmlns:msxsl=\"urn:schemas-microsoft-com:xslt\"><head><META http-equiv=\"Content-Type\" content=\"text/html\"><meta http-equiv=\"content-type\" content=\"text/html; charset=UTF-8\"></head><body style=\"margin:0px 0p", "Shape_Leng": 0.00807986334, "Shape_Area": 4.19846e-06 }, "geometry": { "type": "MultiPolygon", "coordinates": [ [ [ [ -50.934395193999933, -17.81265813999994, 0.0 ], [ -50.934043783999982, -17.812490490999949, 0.0 ], [ -50.933344253999962, -17.812157596999953, 0.0 ], [ -50.932772255999964, -17.811884361999944, 0.0 ], [ -50.932638055999973, -17.811820437999927, 0.0 ], [ -50.932044995999945, -17.812856968999938, 0.0 ], [ -50.932008, -17.81292088999993, 0.0 ], [ -50.931976515999963, -17.81307628199994, 0.0 ], [ -50.931929885999978, -17.813310126999966, 0.0 ], [ -50.931820598999934, -17.813826678999931, 0.0 ], [ -50.93338902399995, -17.814603338999973, 0.0 ], [ -50.933528641999942, -17.814329964999956, 0.0 ], [ -50.933682099999942, -17.814032217999966, 0.0 ], [ -50.933823661999952, -17.813756596999951, 0.0 ], [ -50.934395193999933, -17.81265813999994, 0.0 ] ] ] ] } },
{ "type": "Feature", "properties": { "OID_": 0, "Name": "Placemark", "FolderPath": "Document", "SymbolID": 0, "AltMode": 0, "Base": 0.0, "Clamped": -1, "Extruded": 0, "Snippet": null, "PopupInfo": "<html xmlns:fo=\"http://www.w3.org/1999/XSL/Format\" xmlns:msxsl=\"urn:schemas-microsoft-com:xslt\"><head><META http-equiv=\"Content-Type\" content=\"text/html\"><meta http-equiv=\"content-type\" content=\"text/html; charset=UTF-8\"></head><body style=\"margin:0px 0p", "Shape_Leng": 0.02229774361, "Shape_Area": 1.043835e-05 }, "geometry": { "type": "MultiPolygon", "coordinates": [ [ [ [ -50.932258001999969, -17.805715477999968, 0.0 ], [ -50.932228291999934, -17.805900819999977, 0.0 ], [ -50.932223606999969, -17.805942352999978, 0.0 ], [ -50.932221546999983, -17.805960623999965, 0.0 ], [ -50.932213382999976, -17.806032992999974, 0.0 ], [ -50.932191073999945, -17.806230759999949, 0.0 ], [ -50.932175098999949, -17.806372376999946, 0.0 ], [ -50.93215130699997, -17.806583290999981, 0.0 ], [ -50.931986519999953, -17.806576944999961, 0.0 ], [ -50.931947376999972, -17.807045553999956, 0.0 ], [ -50.931848749999972, -17.807312402999969, 0.0 ], [ -50.931378473999985, -17.807925208999961, 0.0 ], [ -50.931226020999986, -17.808113172999981, 0.0 ], [ -50.93054736299996, -17.808845605999977, 0.0 ], [ -50.930405942999982, -17.808948968999971, 0.0 ], [ -50.930073, -17.809213313999976, 0.0 ], [ -50.92943990699996, -17.809745217999932, 0.0 ], [ -50.928611235999938, -17.809620010999936, 0.0 ], [ -50.928724183999975, -17.810719694999932, 0.0 ], [ -50.92875001699997, -17.811199722999959, 0.0 ], [ -50.92894797699995, -17.811408950999976, 0.0 ], [ -50.929438209999944, -17.811977116999969, 0.0 ], [ -50.929558129999975, -17.812109939999971, 0.0 ], [ -50.929755280999984, -17.811837274999959, 0.0 ], [ -50.933322670999985, -17.806794897999964, 0.0 ], [ -50.933121502999938, -17.806088126999953, 0.0 ], [ -50.932795456999941, -17.805564793999963, 0.0 ], [ -50.932428684999934, -17.804904131999933, 0.0 ], [ -50.932268199999953, -17.804470820999938, 0.0 ], [ -50.932143415999974, -17.804287425999973, 0.0 ], [ -50.932014868999943, -17.804102517999979, 0.0 ], [ -50.931772463999948, -17.803852134999943, 0.0 ], [ -50.931598252999947, -17.80370212899993, 0.0 ], [ -50.931471173999967, -17.803581742999938, 0.0 ], [ -50.931250892999969, -17.803715376999946, 0.0 ], [ -50.930926272999955, -17.803912603999947, 0.0 ], [ -50.930730778999987, -17.804039416999956, 0.0 ], [ -50.930929281999965, -17.804227272999981, 0.0 ], [ -50.931207061999942, -17.804549030999965, 0.0 ], [ -50.93123153199997, -17.80457737699993, 0.0 ], [ -50.931311535999953, -17.804666081999926, 0.0 ], [ -50.932258001999969, -17.805715477999968, 0.0 ] ] ] ] } },
{ "type": "Feature", "properties": { "OID_": 0, "Name": "Placemark", "FolderPath": "Document", "SymbolID": 0, "AltMode": 0, "Base": 0.0, "Clamped": -1, "Extruded": 0, "Snippet": null, "PopupInfo": "<html xmlns:fo=\"http://www.w3.org/1999/XSL/Format\" xmlns:msxsl=\"urn:schemas-microsoft-com:xslt\"><head><META http-equiv=\"Content-Type\" content=\"text/html\"><meta http-equiv=\"content-type\" content=\"text/html; charset=UTF-8\"></head><body style=\"margin:0px 0p", "Shape_Leng": 0.02101773867, "Shape_Area": 1.225712e-05 }, "geometry": { "type": "MultiPolygon", "coordinates": [ [ [ [ -50.945454040999948, -17.796257510999965, 0.0 ], [ -50.944598660999986, -17.796082475999981, 0.0 ], [ -50.94281545299998, -17.79572140199997, 0.0 ], [ -50.941725316999964, -17.795503800999938, 0.0 ], [ -50.941693809999947, -17.795632010999952, 0.0 ], [ -50.941931562999969, -17.795690829999955, 0.0 ], [ -50.941826735999939, -17.796299532999967, 0.0 ], [ -50.941733304999957, -17.79684371299993, 0.0 ], [ -50.941716430999975, -17.796905735999928, 0.0 ], [ -50.941623592999974, -17.79746247099996, 0.0 ], [ -50.941615473999946, -17.797499795999954, 0.0 ], [ -50.94152369699998, -17.798029797999959, 0.0 ], [ -50.941392684999983, -17.798806856999931, 0.0 ], [ -50.94138068999996, -17.798953123999979, 0.0 ], [ -50.941267366999966, -17.799496689999955, 0.0 ], [ -50.940592795999976, -17.799169935999942, 0.0 ], [ -50.940040293999971, -17.798915720999958, 0.0 ], [ -50.939699572999984, -17.79874426899994, 0.0 ], [ -50.938795984999956, -17.798319988999936, 0.0 ], [ -50.939221943999939, -17.800331649999976, 0.0 ], [ -50.939365455999962, -17.800258413999927, 0.0 ], [ -50.939475697999967, -17.800204300999951, 0.0 ], [ -50.939588754999932, -17.800185383999974, 0.0 ], [ -50.939724423999962, -17.800155643999972, 0.0 ], [ -50.939882710999939, -17.800104252999972, 0.0 ], [ -50.93998163599997, -17.800085331999981, 0.0 ], [ -50.940060776999985, -17.800066403999949, 0.0 ], [ -50.940142734999938, -17.800074551999955, 0.0 ], [ -50.940227524999955, -17.800066454999978, 0.0 ], [ -50.940329282999983, -17.80002587499996, 0.0 ], [ -50.940626084999963, -17.799885180999979, 0.0 ], [ -50.941129238999963, -17.799630838999974, 0.0 ], [ -50.941570146999936, -17.799582237999971, 0.0 ], [ -50.941790576999949, -17.799633744999937, 0.0 ], [ -50.941886765999982, -17.79933596099994, 0.0 ], [ -50.942146808999951, -17.799241278999943, 0.0 ], [ -50.942641459999948, -17.799051906999978, 0.0 ], [ -50.942782780999948, -17.799019459999954, 0.0 ], [ -50.942844952999963, -17.799038429999939, 0.0 ], [ -50.942904312999985, -17.799008665999963, 0.0 ], [ -50.943011739999974, -17.798913938999931, 0.0 ], [ -50.943404623999982, -17.798789511999928, 0.0 ], [ -50.94371837999995, -17.798646111999972, 0.0 ], [ -50.943726865999963, -17.79862174699997, 0.0 ], [ -50.943902110999943, -17.798559527999942, 0.0 ], [ -50.943950156999961, -17.798559541999964, 0.0 ], [ -50.943995388999952, -17.798516235999955, 0.0 ], [ -50.944066084999974, -17.798386301999926, 0.0 ], [ -50.944200342999977, -17.79804538999997, 0.0 ], [ -50.944354078999936, -17.798075756999935, 0.0 ], [ -50.944413321999946, -17.798085132999972, 0.0 ], [ -50.944569458999979, -17.797777819999965, 0.0 ], [ -50.944607834999942, -17.797710130999974, 0.0 ], [ -50.945454040999948, -17.796257510999965, 0.0 ] ] ] ] } },
{ "type": "Feature", "properties": { "OID_": 0, "Name": "Placemark", "FolderPath": "Document", "SymbolID": 0, "AltMode": 0, "Base": 0.0, "Clamped": -1, "Extruded": 0, "Snippet": null, "PopupInfo": "<html xmlns:fo=\"http://www.w3.org/1999/XSL/Format\" xmlns:msxsl=\"urn:schemas-microsoft-com:xslt\"><head><META http-equiv=\"Content-Type\" content=\"text/html\"><meta http-equiv=\"content-type\" content=\"text/html; charset=UTF-8\"></head><body style=\"margin:0px 0p", "Shape_Leng": 0.03537920315, "Shape_Area": 7.055662e-05 }, "geometry": { "type": "MultiPolygon", "coordinates": [ [ [ [ -50.89886387699994, -17.787914755999964, 0.0 ], [ -50.900100906999967, -17.787267709999981, 0.0 ], [ -50.901390085999935, -17.78634785099996, 0.0 ], [ -50.901548472999934, -17.78597653199995, 0.0 ], [ -50.900306189999981, -17.784894089999966, 0.0 ], [ -50.897645694999937, -17.782439324999928, 0.0 ], [ -50.896076218999951, -17.781160104999969, 0.0 ], [ -50.894755540999938, -17.780070656999953, 0.0 ], [ -50.894041872999935, -17.779477533999966, 0.0 ], [ -50.893729893999932, -17.779607855999927, 0.0 ], [ -50.891524560999983, -17.781458501999964, 0.0 ], [ -50.891332226999964, -17.781739963999939, 0.0 ], [ -50.890833672999975, -17.783693339999957, 0.0 ], [ -50.890742424999985, -17.785036153999954, 0.0 ], [ -50.890687364999962, -17.786352997999927, 0.0 ], [ -50.890713192999954, -17.78849293199994, 0.0 ], [ -50.89072115099998, -17.790277646999982, 0.0 ], [ -50.89077376299997, -17.791145195999945, 0.0 ], [ -50.893361053999968, -17.78972145399996, 0.0 ], [ -50.894215911999936, -17.789293067999949, 0.0 ], [ -50.895314979999966, -17.788791166999943, 0.0 ], [ -50.89545514699995, -17.788799905999952, 0.0 ], [ -50.896721531999958, -17.788263431999951, 0.0 ], [ -50.898408514999971, -17.787566890999926, 0.0 ], [ -50.89886387699994, -17.787914755999964, 0.0 ] ] ] ] } },
{ "type": "Feature", "properties": { "OID_": 0, "Name": "Placemark", "FolderPath": "Document", "SymbolID": 0, "AltMode": 0, "Base": 0.0, "Clamped": -1, "Extruded": 0, "Snippet": null, "PopupInfo": "<html xmlns:fo=\"http://www.w3.org/1999/XSL/Format\" xmlns:msxsl=\"urn:schemas-microsoft-com:xslt\"><head><META http-equiv=\"Content-Type\" content=\"text/html\"><meta http-equiv=\"content-type\" content=\"text/html; charset=UTF-8\"></head><body style=\"margin:0px 0p", "Shape_Leng": 0.01465627963, "Shape_Area": 8.38778e-06 }, "geometry": { "type": "MultiPolygon", "coordinates": [ [ [ [ -50.936424601999931, -17.801260012999933, 0.0 ], [ -50.936437388999934, -17.801227319999953, 0.0 ], [ -50.936471650999977, -17.801156933999948, 0.0 ], [ -50.93669674299997, -17.800689588999944, 0.0 ], [ -50.936889295999947, -17.800689650999971, 0.0 ], [ -50.937116506999985, -17.800703849999934, 0.0 ], [ -50.937345388999972, -17.800890955999932, 0.0 ], [ -50.937654134999946, -17.801161472999979, 0.0 ], [ -50.937594613999977, -17.801202136999962, 0.0 ], [ -50.937316884999973, -17.801542152999957, 0.0 ], [ -50.937053454999955, -17.801448418999939, 0.0 ], [ -50.936983808999969, -17.801597602999948, 0.0 ], [ -50.936658572999931, -17.801887611999973, 0.0 ], [ -50.936923943999943, -17.802205518999926, 0.0 ], [ -50.936687120999977, -17.802466633999927, 0.0 ], [ -50.937097051999956, -17.80314279299995, 0.0 ], [ -50.937514991999933, -17.803859022999973, 0.0 ], [ -50.937605550999933, -17.803812221999976, 0.0 ], [ -50.93781587999996, -17.803662840999948, 0.0 ], [ -50.938202592999971, -17.803442040999983, 0.0 ], [ -50.93854177999998, -17.803351178999947, 0.0 ], [ -50.93888097599995, -17.803234325999938, 0.0 ], [ -50.93913966599996, -17.803150802999937, 0.0 ], [ -50.939298005999945, -17.802951587999928, 0.0 ], [ -50.939402083999937, -17.802739360999965, 0.0 ], [ -50.93944283999997, -17.802570432999971, 0.0 ], [ -50.93941125799995, -17.802353831999937, 0.0 ], [ -50.939325478999933, -17.80194228299996, 0.0 ], [ -50.939190007999969, -17.801383435999981, 0.0 ], [ -50.93914039799995, -17.80099355699997, 0.0 ], [ -50.939161017999936, -17.800768244999972, 0.0 ], [ -50.939221943999939, -17.800331649999976, 0.0 ], [ -50.938864569999964, -17.800108239999929, 0.0 ], [ -50.938372458999936, -17.80000376199996, 0.0 ], [ -50.937745913999947, -17.799836070999959, 0.0 ], [ -50.937488600999984, -17.799832756999933, 0.0 ], [ -50.937139625999976, -17.799826864999943, 0.0 ], [ -50.936722072999942, -17.799827415999971, 0.0 ], [ -50.93660751799996, -17.799828718999947, 0.0 ], [ -50.936367679999933, -17.799827966999942, 0.0 ], [ -50.936333550999962, -17.800452809999967, 0.0 ], [ -50.936341939999977, -17.80070459999996, 0.0 ], [ -50.936432226999955, -17.801137810999933, 0.0 ], [ -50.936424601999931, -17.801260012999933, 0.0 ] ] ] ] } },
{ "type": "Feature", "properties": { "OID_": 0, "Name": "Placemark", "FolderPath": "Document", "SymbolID": 0, "AltMode": 0, "Base": 0.0, "Clamped": -1, "Extruded": 0, "Snippet": null, "PopupInfo": "<html xmlns:fo=\"http://www.w3.org/1999/XSL/Format\" xmlns:msxsl=\"urn:schemas-microsoft-com:xslt\"><head><META http-equiv=\"Content-Type\" content=\"text/html\"><meta http-equiv=\"content-type\" content=\"text/html; charset=UTF-8\"></head><body style=\"margin:0px 0p", "Shape_Leng": 0.00613072682, "Shape_Area": 1.85606e-06 }, "geometry": { "type": "MultiPolygon", "coordinates": [ [ [ [ -50.934659193999948, -17.790236885999946, 0.0 ], [ -50.934643207999954, -17.790267797999945, 0.0 ], [ -50.934500275999937, -17.790390774999935, 0.0 ], [ -50.934418855999979, -17.790470452999955, 0.0 ], [ -50.934272298999986, -17.790612487999965, 0.0 ], [ -50.934293977999971, -17.790681803999973, 0.0 ], [ -50.934331939999936, -17.790738996999949, 0.0 ], [ -50.93431140499996, -17.790779975999953, 0.0 ], [ -50.934278484999936, -17.790810848999968, 0.0 ], [ -50.934023655999965, -17.791005114999962, 0.0 ], [ -50.934010509999951, -17.791000097999927, 0.0 ], [ -50.933975732999954, -17.791021524999962, 0.0 ], [ -50.933937641999933, -17.791003976999946, 0.0 ], [ -50.933863923999979, -17.791150641999934, 0.0 ], [ -50.933625258999939, -17.791605043999937, 0.0 ], [ -50.933467740999959, -17.791964329999928, 0.0 ], [ -50.934453733999931, -17.79178193499996, 0.0 ], [ -50.934838563999961, -17.791711133999968, 0.0 ], [ -50.935013654999977, -17.791370410999946, 0.0 ], [ -50.935414547999983, -17.790590821999956, 0.0 ], [ -50.935278219999987, -17.790365966999957, 0.0 ], [ -50.935166685999945, -17.79026510999995, 0.0 ], [ -50.935163729999942, -17.790262436999967, 0.0 ], [ -50.935161296999979, -17.790257706999967, 0.0 ], [ -50.935121350999964, -17.790180059999955, 0.0 ], [ -50.935099259999959, -17.790137118999951, 0.0 ], [ -50.935077469999953, -17.790094761999967, 0.0 ], [ -50.935055382999963, -17.790051825999967, 0.0 ], [ -50.935003179999967, -17.789950351999948, 0.0 ], [ -50.934935184999972, -17.79000892199997, 0.0 ], [ -50.934709703999943, -17.790203147999932, 0.0 ], [ -50.934696011999961, -17.790211070999931, 0.0 ], [ -50.934659193999948, -17.790236885999946, 0.0 ] ] ] ] } },
{ "type": "Feature", "properties": { "OID_": 0, "Name": "Placemark", "FolderPath": "Document", "SymbolID": 0, "AltMode": 0, "Base": 0.0, "Clamped": -1, "Extruded": 0, "Snippet": null, "PopupInfo": "<html xmlns:fo=\"http://www.w3.org/1999/XSL/Format\" xmlns:msxsl=\"urn:schemas-microsoft-com:xslt\"><head><META http-equiv=\"Content-Type\" content=\"text/html\"><meta http-equiv=\"content-type\" content=\"text/html; charset=UTF-8\"></head><body style=\"margin:0px 0p", "Shape_Leng": 0.01390095282, "Shape_Area": 1.21462e-05 }, "geometry": { "type": "MultiPolygon", "coordinates": [ [ [ [ -50.934603622999987, -17.784395612999958, 0.0 ], [ -50.934682060999933, -17.785336166999969, 0.0 ], [ -50.934828738999954, -17.785560117999978, 0.0 ], [ -50.934919728999944, -17.785783721999962, 0.0 ], [ -50.935016372999939, -17.786110932999975, 0.0 ], [ -50.93511700199997, -17.786396542999967, 0.0 ], [ -50.935227478999934, -17.786608022999928, 0.0 ], [ -50.935459629999968, -17.786908590999928, 0.0 ], [ -50.936344810999969, -17.787811369999929, 0.0 ], [ -50.937059820999934, -17.787060236999935, 0.0 ], [ -50.937228516999937, -17.787044651999963, 0.0 ], [ -50.938029632999985, -17.786942769999939, 0.0 ], [ -50.938116620999949, -17.786893426999939, 0.0 ], [ -50.938411454999937, -17.786375757999963, 0.0 ], [ -50.93875473199995, -17.785768635999943, 0.0 ], [ -50.938737929999945, -17.785679376999951, 0.0 ], [ -50.938450070999977, -17.784825970999975, 0.0 ], [ -50.93845024899997, -17.784814376999975, 0.0 ], [ -50.938452909999967, -17.784643102999951, 0.0 ], [ -50.938306224999963, -17.784230851999951, 0.0 ], [ -50.938076108999951, -17.783509470999945, 0.0 ], [ -50.938029497999935, -17.78354561499998, 0.0 ], [ -50.938025710999966, -17.783525270999974, 0.0 ], [ -50.937922710999942, -17.783312098999943, 0.0 ], [ -50.937763787999984, -17.783023703999959, 0.0 ], [ -50.937359215999948, -17.783282140999972, 0.0 ], [ -50.937104812999962, -17.783437616999947, 0.0 ], [ -50.936861852999982, -17.783603304999929, 0.0 ], [ -50.936789940999972, -17.783583516999954, 0.0 ], [ -50.936777983999946, -17.78358640099998, 0.0 ], [ -50.936020540999948, -17.784025705999966, 0.0 ], [ -50.935495818999982, -17.784166831999983, 0.0 ], [ -50.934603622999987, -17.784395612999958, 0.0 ] ] ] ] } },
{ "type": "Feature", "properties": { "OID_": 0, "Name": "Placemark", "FolderPath": "Document", "SymbolID": 0, "AltMode": 0, "Base": 0.0, "Clamped": -1, "Extruded": 0, "Snippet": null, "PopupInfo": "<html xmlns:fo=\"http://www.w3.org/1999/XSL/Format\" xmlns:msxsl=\"urn:schemas-microsoft-com:xslt\"><head><META http-equiv=\"Content-Type\" content=\"text/html\"><meta http-equiv=\"content-type\" content=\"text/html; charset=UTF-8\"></head><body style=\"margin:0px 0p", "Shape_Leng": 0.04583210325, "Shape_Area": 7.054886e-05 }, "geometry": { "type": "MultiPolygon", "coordinates": [ [ [ [ -50.910474909999948, -17.783191655999929, 0.0 ], [ -50.910361365999961, -17.783508344999973, 0.0 ], [ -50.910339335999936, -17.783571820999953, 0.0 ], [ -50.910176649999983, -17.78353640399996, 0.0 ], [ -50.909709546999977, -17.783697390999976, 0.0 ], [ -50.910341500999948, -17.783989685999927, 0.0 ], [ -50.910508626999956, -17.784334141999977, 0.0 ], [ -50.91145561999997, -17.784904207999944, 0.0 ], [ -50.911632035999958, -17.784754839999948, 0.0 ], [ -50.912825453999972, -17.785340171999962, 0.0 ], [ -50.912565226999959, -17.785820887999932, 0.0 ], [ -50.913579304999985, -17.786312350999935, 0.0 ], [ -50.91338038899994, -17.786706674999948, 0.0 ], [ -50.913715328999956, -17.787005413999964, 0.0 ], [ -50.914213110999981, -17.787460066999927, 0.0 ], [ -50.914661060999947, -17.787318047999975, 0.0 ], [ -50.914748650999968, -17.787354636999964, 0.0 ], [ -50.91447812399997, -17.787856468999962, 0.0 ], [ -50.914604949999955, -17.787915283999951, 0.0 ], [ -50.915468326999985, -17.78833293699995, 0.0 ], [ -50.915317737999942, -17.788608546999967, 0.0 ], [ -50.915543975999981, -17.788875167999947, 0.0 ], [ -50.915814660999956, -17.789177671999937, 0.0 ], [ -50.917352566999966, -17.790372917999946, 0.0 ], [ -50.917879590999974, -17.790836449999972, 0.0 ], [ -50.918408381999939, -17.791395475999934, 0.0 ], [ -50.919127703999948, -17.792138327999965, 0.0 ], [ -50.919514829999969, -17.792406606999975, 0.0 ], [ -50.920787184999938, -17.793379039999934, 0.0 ], [ -50.921197483999947, -17.793670778999967, 0.0 ], [ -50.921391106999977, -17.793816643999946, 0.0 ], [ -50.921736892999945, -17.794002329999955, 0.0 ], [ -50.922064270999954, -17.794104070999936, 0.0 ], [ -50.922649889999946, -17.794223582999962, 0.0 ], [ -50.923095084999943, -17.794340344999966, 0.0 ], [ -50.92341535199995, -17.793711782999935, 0.0 ], [ -50.923610843999938, -17.793352782999932, 0.0 ], [ -50.924077660999956, -17.792469316999927, 0.0 ], [ -50.92310974399993, -17.792003784999963, 0.0 ], [ -50.923602460999973, -17.791099335999945, 0.0 ], [ -50.92262089899998, -17.790619039999967, 0.0 ], [ -50.92328854799996, -17.789326677999952, 0.0 ], [ -50.922723381999958, -17.789039763999938, 0.0 ], [ -50.922749685999975, -17.788985945999968, 0.0 ], [ -50.922387299999968, -17.788727949999952, 0.0 ], [ -50.922628790999966, -17.788267411999982, 0.0 ], [ -50.921438037999962, -17.787694418999934, 0.0 ], [ -50.921877728999959, -17.786831358999962, 0.0 ], [ -50.921296003999942, -17.786549157999957, 0.0 ], [ -50.920517306999955, -17.786173493999968, 0.0 ], [ -50.919669448999969, -17.785762292999948, 0.0 ], [ -50.919429815999933, -17.785644807999972, 0.0 ], [ -50.918982221999954, -17.785428595999974, 0.0 ], [ -50.919561125999962, -17.784328996999932, 0.0 ], [ -50.918876240999964, -17.783992440999953, 0.0 ], [ -50.918008363999945, -17.783572069999934, 0.0 ], [ -50.917131887999972, -17.783170515999927, 0.0 ], [ -50.916904582999962, -17.783073036999951, 0.0 ], [ -50.915974432999974, -17.782662515999959, 0.0 ], [ -50.914773069999967, -17.782609331999936, 0.0 ], [ -50.914324258999955, -17.782582660999935, 0.0 ], [ -50.914155231999985, -17.782602084999951, 0.0 ], [ -50.914117923999981, -17.782602396999948, 0.0 ], [ -50.91395320099997, -17.782602743999973, 0.0 ], [ -50.913829377999946, -17.782603004999942, 0.0 ], [ -50.913724958999978, -17.782603224999946, 0.0 ], [ -50.913528973999973, -17.782603638999944, 0.0 ], [ -50.913435168999968, -17.78260426199995, 0.0 ], [ -50.913323936999973, -17.78268731999998, 0.0 ], [ -50.912787671999979, -17.782449536999934, 0.0 ], [ -50.912568195999938, -17.782863123999959, 0.0 ], [ -50.912503216999937, -17.782828192999943, 0.0 ], [ -50.912323133999962, -17.782747564999966, 0.0 ], [ -50.911337083999967, -17.782867408999948, 0.0 ], [ -50.911177764999934, -17.783195232999958, 0.0 ], [ -50.91113354099997, -17.783167396999943, 0.0 ], [ -50.910887079999952, -17.78307306399995, 0.0 ], [ -50.910737996999956, -17.783054595999943, 0.0 ], [ -50.91066768099995, -17.783285889999945, 0.0 ], [ -50.910474909999948, -17.783191655999929, 0.0 ] ] ] ] } },
{ "type": "Feature", "properties": { "OID_": 0, "Name": "Placemark", "FolderPath": "Document", "SymbolID": 0, "AltMode": 0, "Base": 0.0, "Clamped": -1, "Extruded": 0, "Snippet": null, "PopupInfo": "<html xmlns:fo=\"http://www.w3.org/1999/XSL/Format\" xmlns:msxsl=\"urn:schemas-microsoft-com:xslt\"><head><META http-equiv=\"Content-Type\" content=\"text/html\"><meta http-equiv=\"content-type\" content=\"text/html; charset=UTF-8\"></head><body style=\"margin:0px 0p", "Shape_Leng": 0.01976322138, "Shape_Area": 7.6118e-06 }, "geometry": { "type": "MultiPolygon", "coordinates": [ [ [ [ -50.924132866999969, -17.794979552999962, 0.0 ], [ -50.924064335999958, -17.794913576999932, 0.0 ], [ -50.923409422999953, -17.794484177999948, 0.0 ], [ -50.923095084999943, -17.794340344999966, 0.0 ], [ -50.922649889999946, -17.794223582999962, 0.0 ], [ -50.922064270999954, -17.794104070999936, 0.0 ], [ -50.921736892999945, -17.794002329999955, 0.0 ], [ -50.921391106999977, -17.793816643999946, 0.0 ], [ -50.921197483999947, -17.793670778999967, 0.0 ], [ -50.920787184999938, -17.793379039999934, 0.0 ], [ -50.919514829999969, -17.792406606999975, 0.0 ], [ -50.919127703999948, -17.792138327999965, 0.0 ], [ -50.918408381999939, -17.791395475999934, 0.0 ], [ -50.917879590999974, -17.790836449999972, 0.0 ], [ -50.917352566999966, -17.790372917999946, 0.0 ], [ -50.917106473999979, -17.790850729999931, 0.0 ], [ -50.916759792999983, -17.791518732999975, 0.0 ], [ -50.917434954999976, -17.791841936999958, 0.0 ], [ -50.918898682999952, -17.792567650999956, 0.0 ], [ -50.918540836999966, -17.793239096999969, 0.0 ], [ -50.921656648999942, -17.794780798999966, 0.0 ], [ -50.921350235999967, -17.795368423999946, 0.0 ], [ -50.921467442999983, -17.795408176999956, 0.0 ], [ -50.921509693999951, -17.79544184599996, 0.0 ], [ -50.923557005999953, -17.795172384999944, 0.0 ], [ -50.924132866999969, -17.794979552999962, 0.0 ] ] ] ] } },
{ "type": "Feature", "properties": { "OID_": 0, "Name": "Placemark", "FolderPath": "Document", "SymbolID": 0, "AltMode": 0, "Base": 0.0, "Clamped": -1, "Extruded": 0, "Snippet": null, "PopupInfo": "<html xmlns:fo=\"http://www.w3.org/1999/XSL/Format\" xmlns:msxsl=\"urn:schemas-microsoft-com:xslt\"><head><META http-equiv=\"Content-Type\" content=\"text/html\"><meta http-equiv=\"content-type\" content=\"text/html; charset=UTF-8\"></head><body style=\"margin:0px 0p", "Shape_Leng": 0.02416611635, "Shape_Area": 1.611406e-05 }, "geometry": { "type": "MultiPolygon", "coordinates": [ [ [ [ -50.930194339999957, -17.802901882999947, 0.0 ], [ -50.929915326999947, -17.803136959999961, 0.0 ], [ -50.929785742999968, -17.803278569999975, 0.0 ], [ -50.929703341999982, -17.80337355599994, 0.0 ], [ -50.929622614999971, -17.803480475999947, 0.0 ], [ -50.929539801999965, -17.80362848599998, 0.0 ], [ -50.929086527999971, -17.804086478999977, 0.0 ], [ -50.928742156999931, -17.804423705999966, 0.0 ], [ -50.928573491999941, -17.804197145999979, 0.0 ], [ -50.928389988999982, -17.804021949999935, 0.0 ], [ -50.927826551999942, -17.803514569999948, 0.0 ], [ -50.927632148999976, -17.803270765999969, 0.0 ], [ -50.927433820999966, -17.803414625999949, 0.0 ], [ -50.926577751999957, -17.804069926999944, 0.0 ], [ -50.926079872999935, -17.804457422999974, 0.0 ], [ -50.926299516999961, -17.804703478999954, 0.0 ], [ -50.925226629999941, -17.804986905999954, 0.0 ], [ -50.925079338999979, -17.805083984999953, 0.0 ], [ -50.924410824999939, -17.804346208999959, 0.0 ], [ -50.924034773999949, -17.803904218999946, 0.0 ], [ -50.923953407999932, -17.803829678999932, 0.0 ], [ -50.923740825999971, -17.803560258999937, 0.0 ], [ -50.922161960999972, -17.804665280999927, 0.0 ], [ -50.924657647999936, -17.807443114999955, 0.0 ], [ -50.924938619999978, -17.807235150999929, 0.0 ], [ -50.925886467999931, -17.806622229999959, 0.0 ], [ -50.926488594999967, -17.806292228999951, 0.0 ], [ -50.927087050999944, -17.805964236999955, 0.0 ], [ -50.927504279999937, -17.805735566999942, 0.0 ], [ -50.927928296999937, -17.80621352199995, 0.0 ], [ -50.92810448299997, -17.806085504999942, 0.0 ], [ -50.928160434999938, -17.806031197999971, 0.0 ], [ -50.928178891999949, -17.80601639799994, 0.0 ], [ -50.928936120999936, -17.80542031799996, 0.0 ], [ -50.928960139999958, -17.805392277999943, 0.0 ], [ -50.928977111999984, -17.805378322999957, 0.0 ], [ -50.930087684999933, -17.804490364999936, 0.0 ], [ -50.930101010999977, -17.804479131999926, 0.0 ], [ -50.930129810999972, -17.804408701999932, 0.0 ], [ -50.930136663999974, -17.804392671999949, 0.0 ], [ -50.930567819999965, -17.80392791099996, 0.0 ], [ -50.930590027999983, -17.803863569999976, 0.0 ], [ -50.931041542999935, -17.803331786999934, 0.0 ], [ -50.930194339999957, -17.802901882999947, 0.0 ] ] ] ] } },
{ "type": "Feature", "properties": { "OID_": 0, "Name": "Placemark", "FolderPath": "Document", "SymbolID": 0, "AltMode": 0, "Base": 0.0, "Clamped": -1, "Extruded": 0, "Snippet": null, "PopupInfo": "<html xmlns:fo=\"http://www.w3.org/1999/XSL/Format\" xmlns:msxsl=\"urn:schemas-microsoft-com:xslt\"><head><META http-equiv=\"Content-Type\" content=\"text/html\"><meta http-equiv=\"content-type\" content=\"text/html; charset=UTF-8\"></head><body style=\"margin:0px 0p", "Shape_Leng": 0.01509606261, "Shape_Area": 7.83163e-06 }, "geometry": { "type": "MultiPolygon", "coordinates": [ [ [ [ -50.923740825999971, -17.803560258999937, 0.0 ], [ -50.923953407999932, -17.803829678999932, 0.0 ], [ -50.924034773999949, -17.803904218999946, 0.0 ], [ -50.924410824999939, -17.804346208999959, 0.0 ], [ -50.925079338999979, -17.805083984999953, 0.0 ], [ -50.925226629999941, -17.804986905999954, 0.0 ], [ -50.926299516999961, -17.804703478999954, 0.0 ], [ -50.926079872999935, -17.804457422999974, 0.0 ], [ -50.926577751999957, -17.804069926999944, 0.0 ], [ -50.927433820999966, -17.803414625999949, 0.0 ], [ -50.927632148999976, -17.803270765999969, 0.0 ], [ -50.927521462999948, -17.803127374999974, 0.0 ], [ -50.927449199999955, -17.803174804999969, 0.0 ], [ -50.927265248999959, -17.803010151999956, 0.0 ], [ -50.927189655999939, -17.802995283999962, 0.0 ], [ -50.926940809999962, -17.802757902999929, 0.0 ], [ -50.926636755999937, -17.802340517999937, 0.0 ], [ -50.927840954999965, -17.801461026999959, 0.0 ], [ -50.928381551999962, -17.801060654999958, 0.0 ], [ -50.927924516999951, -17.800519633999954, 0.0 ], [ -50.927498997999976, -17.800855043999945, 0.0 ], [ -50.926204178999967, -17.801818673999946, 0.0 ], [ -50.92537168299998, -17.802394970999956, 0.0 ], [ -50.924525831999972, -17.803002143999947, 0.0 ], [ -50.923946463999982, -17.80341488199997, 0.0 ], [ -50.923740825999971, -17.803560258999937, 0.0 ] ] ] ] } },
{ "type": "Feature", "properties": { "OID_": 0, "Name": "Placemark", "FolderPath": "Document", "SymbolID": 0, "AltMode": 0, "Base": 0.0, "Clamped": -1, "Extruded": 0, "Snippet": null, "PopupInfo": "<html xmlns:fo=\"http://www.w3.org/1999/XSL/Format\" xmlns:msxsl=\"urn:schemas-microsoft-com:xslt\"><head><META http-equiv=\"Content-Type\" content=\"text/html\"><meta http-equiv=\"content-type\" content=\"text/html; charset=UTF-8\"></head><body style=\"margin:0px 0p", "Shape_Leng": 0.0077508449, "Shape_Area": 1.85179e-06 }, "geometry": { "type": "MultiPolygon", "coordinates": [ [ [ [ -50.924657647999936, -17.807443114999955, 0.0 ], [ -50.924929986999985, -17.807757745999936, 0.0 ], [ -50.92628042299998, -17.807060779999972, 0.0 ], [ -50.92688910399994, -17.806746630999953, 0.0 ], [ -50.927505534999966, -17.806428479999965, 0.0 ], [ -50.927928296999937, -17.80621352199995, 0.0 ], [ -50.927504279999937, -17.805735566999942, 0.0 ], [ -50.927087050999944, -17.805964236999955, 0.0 ], [ -50.926488594999967, -17.806292228999951, 0.0 ], [ -50.925886467999931, -17.806622229999959, 0.0 ], [ -50.924938619999978, -17.807235150999929, 0.0 ], [ -50.924657647999936, -17.807443114999955, 0.0 ] ] ] ] } },
{ "type": "Feature", "properties": { "OID_": 0, "Name": "Placemark", "FolderPath": "Document", "SymbolID": 0, "AltMode": 0, "Base": 0.0, "Clamped": -1, "Extruded": 0, "Snippet": null, "PopupInfo": "<html xmlns:fo=\"http://www.w3.org/1999/XSL/Format\" xmlns:msxsl=\"urn:schemas-microsoft-com:xslt\"><head><META http-equiv=\"Content-Type\" content=\"text/html\"><meta http-equiv=\"content-type\" content=\"text/html; charset=UTF-8\"></head><body style=\"margin:0px 0p", "Shape_Leng": 0.00892840371, "Shape_Area": 4.61043e-06 }, "geometry": { "type": "MultiPolygon", "coordinates": [ [ [ [ -50.926940809999962, -17.802757902999929, 0.0 ], [ -50.927189655999939, -17.802995283999962, 0.0 ], [ -50.927265248999959, -17.803010151999956, 0.0 ], [ -50.927449199999955, -17.803174804999969, 0.0 ], [ -50.927521462999948, -17.803127374999974, 0.0 ], [ -50.927632148999976, -17.803270765999969, 0.0 ], [ -50.927826551999942, -17.803514569999948, 0.0 ], [ -50.928389988999982, -17.804021949999935, 0.0 ], [ -50.928573491999941, -17.804197145999979, 0.0 ], [ -50.928742156999931, -17.804423705999966, 0.0 ], [ -50.929086527999971, -17.804086478999977, 0.0 ], [ -50.929539801999965, -17.80362848599998, 0.0 ], [ -50.929622614999971, -17.803480475999947, 0.0 ], [ -50.929703341999982, -17.80337355599994, 0.0 ], [ -50.929785742999968, -17.803278569999975, 0.0 ], [ -50.929915326999947, -17.803136959999961, 0.0 ], [ -50.930194339999957, -17.802901882999947, 0.0 ], [ -50.930088581999939, -17.802841868999963, 0.0 ], [ -50.929258352999966, -17.802098057999956, 0.0 ], [ -50.928718097999933, -17.801459096999963, 0.0 ], [ -50.928183408999985, -17.801851279999937, 0.0 ], [ -50.926940809999962, -17.802757902999929, 0.0 ] ] ] ] } },
{ "type": "Feature", "properties": { "OID_": 0, "Name": "Placemark", "FolderPath": "Document", "SymbolID": 0, "AltMode": 0, "Base": 0.0, "Clamped": -1, "Extruded": 0, "Snippet": null, "PopupInfo": "<html xmlns:fo=\"http://www.w3.org/1999/XSL/Format\" xmlns:msxsl=\"urn:schemas-microsoft-com:xslt\"><head><META http-equiv=\"Content-Type\" content=\"text/html\"><meta http-equiv=\"content-type\" content=\"text/html; charset=UTF-8\"></head><body style=\"margin:0px 0p", "Shape_Leng": 0.01933668019, "Shape_Area": 1.346373e-05 }, "geometry": { "type": "MultiPolygon", "coordinates": [ [ [ [ -50.925430586999937, -17.801136551999946, 0.0 ], [ -50.925281320999943, -17.801232661999961, 0.0 ], [ -50.924327344999938, -17.800317580999945, 0.0 ], [ -50.923155218999966, -17.801154776999965, 0.0 ], [ -50.923176685999977, -17.80118510799997, 0.0 ], [ -50.922635008999976, -17.801570425999955, 0.0 ], [ -50.922628634999967, -17.801616872999944, 0.0 ], [ -50.922105377999969, -17.80199506699995, 0.0 ], [ -50.921975556999939, -17.801815616999932, 0.0 ], [ -50.921433856999954, -17.802220734999935, 0.0 ], [ -50.921198631999971, -17.802458383999976, 0.0 ], [ -50.920714041999986, -17.803037708999966, 0.0 ], [ -50.922161960999972, -17.804665280999927, 0.0 ], [ -50.923654866999982, -17.803621026999963, 0.0 ], [ -50.923740825999971, -17.803560258999937, 0.0 ], [ -50.923946463999982, -17.80341488199997, 0.0 ], [ -50.924525831999972, -17.803002143999947, 0.0 ], [ -50.92537168299998, -17.802394970999956, 0.0 ], [ -50.926204178999967, -17.801818673999946, 0.0 ], [ -50.927498997999976, -17.800855043999945, 0.0 ], [ -50.927924516999951, -17.800519633999954, 0.0 ], [ -50.927783137999938, -17.800354888999948, 0.0 ], [ -50.927250975999982, -17.799459996999929, 0.0 ], [ -50.926724279999974, -17.799919160999934, 0.0 ], [ -50.925643486999945, -17.800987102999954, 0.0 ], [ -50.925430586999937, -17.801136551999946, 0.0 ] ] ] ] } },
{ "type": "Feature", "properties": { "OID_": 0, "Name": "Placemark", "FolderPath": "Document", "SymbolID": 0, "AltMode": 0, "Base": 0.0, "Clamped": -1, "Extruded": 0, "Snippet": null, "PopupInfo": "<html xmlns:fo=\"http://www.w3.org/1999/XSL/Format\" xmlns:msxsl=\"urn:schemas-microsoft-com:xslt\"><head><META http-equiv=\"Content-Type\" content=\"text/html\"><meta http-equiv=\"content-type\" content=\"text/html; charset=UTF-8\"></head><body style=\"margin:0px 0p", "Shape_Leng": 0.03364143598, "Shape_Area": 3.025856e-05 }, "geometry": { "type": "MultiPolygon", "coordinates": [ [ [ [ -50.921754872999941, -17.782224982999935, 0.0 ], [ -50.921823891999964, -17.78229519599995, 0.0 ], [ -50.921754537999959, -17.78271114599994, 0.0 ], [ -50.92164771399996, -17.783299635999981, 0.0 ], [ -50.922286643999939, -17.783469743999945, 0.0 ], [ -50.922347539999976, -17.783132096999964, 0.0 ], [ -50.922774920999984, -17.783247317999951, 0.0 ], [ -50.923820635999959, -17.783534926999948, 0.0 ], [ -50.923616185999947, -17.783884185999966, 0.0 ], [ -50.922435854999947, -17.785792429999958, 0.0 ], [ -50.925102497999944, -17.78786639499998, 0.0 ], [ -50.925254407999944, -17.787911502999975, 0.0 ], [ -50.925471819999984, -17.788075395999954, 0.0 ], [ -50.925711243999956, -17.788247685999977, 0.0 ], [ -50.926006080999969, -17.788598815999933, 0.0 ], [ -50.926038790999939, -17.788774267999941, 0.0 ], [ -50.928672194999933, -17.790001692999965, 0.0 ], [ -50.92855015799995, -17.789199505999932, 0.0 ], [ -50.92842434399995, -17.788465345999953, 0.0 ], [ -50.928273801999978, -17.787567232999947, 0.0 ], [ -50.928324083999939, -17.787568521999958, 0.0 ], [ -50.928368214999978, -17.787563886999976, 0.0 ], [ -50.928745977999938, -17.787501910999936, 0.0 ], [ -50.92877071199996, -17.787630821999983, 0.0 ], [ -50.92916250199994, -17.787577044999978, 0.0 ], [ -50.929188518999979, -17.787571287999981, 0.0 ], [ -50.929272992999984, -17.787539676999927, 0.0 ], [ -50.929293958999949, -17.787538508999944, 0.0 ], [ -50.929563245999987, -17.787514726999973, 0.0 ], [ -50.929842514999962, -17.787451123999972, 0.0 ], [ -50.929861655999957, -17.787448286999961, 0.0 ], [ -50.929898541999933, -17.787430753999956, 0.0 ], [ -50.929912387999934, -17.787505761999967, 0.0 ], [ -50.930930176999937, -17.787320401999978, 0.0 ], [ -50.929942137999944, -17.785595175999958, 0.0 ], [ -50.929300822999949, -17.785957303999965, 0.0 ], [ -50.928789843999937, -17.786177222999981, 0.0 ], [ -50.928677153999956, -17.786213095999926, 0.0 ], [ -50.928024580999931, -17.786427113999935, 0.0 ], [ -50.927884175999964, -17.785833992999926, 0.0 ], [ -50.928308652999931, -17.785719585999971, 0.0 ], [ -50.928233843999976, -17.78548576299994, 0.0 ], [ -50.928325885999982, -17.785436530999959, 0.0 ], [ -50.928163874999939, -17.785160014999974, 0.0 ], [ -50.928392791999954, -17.785025669999982, 0.0 ], [ -50.928381830999967, -17.784992455999941, 0.0 ], [ -50.928375652999932, -17.784971861999963, 0.0 ], [ -50.928345098999955, -17.784869002999926, 0.0 ], [ -50.928318721999972, -17.784780202999968, 0.0 ], [ -50.92831414699998, -17.784764803999963, 0.0 ], [ -50.928298555999959, -17.784712315999968, 0.0 ], [ -50.928286196999977, -17.784670706999975, 0.0 ], [ -50.928277504999983, -17.784641443999931, 0.0 ], [ -50.92825825999995, -17.784576657999935, 0.0 ], [ -50.928237184999944, -17.784505707999926, 0.0 ], [ -50.928214751999974, -17.784430187999931, 0.0 ], [ -50.928198946999942, -17.784438155999965, 0.0 ], [ -50.928098546999934, -17.78425597699993, 0.0 ], [ -50.927758180999945, -17.784382449999953, 0.0 ], [ -50.927236461999939, -17.784649024999965, 0.0 ], [ -50.926955545999931, -17.784258101999967, 0.0 ], [ -50.926780967999946, -17.784049817999971, 0.0 ], [ -50.926638526999966, -17.783907690999968, 0.0 ], [ -50.926527584999974, -17.783804025999927, 0.0 ], [ -50.926323997999987, -17.783643790999974, 0.0 ], [ -50.926199156999985, -17.78355759699997, 0.0 ], [ -50.926162576999957, -17.783539021999957, 0.0 ], [ -50.925882227999978, -17.783382080999957, 0.0 ], [ -50.925747657999977, -17.783319989999939, 0.0 ], [ -50.925271027999941, -17.783117963999928, 0.0 ], [ -50.925232079999944, -17.783107472999973, 0.0 ], [ -50.924322228999984, -17.782781997999962, 0.0 ], [ -50.923778682999966, -17.782570566999937, 0.0 ], [ -50.922955920999982, -17.782273042999975, 0.0 ], [ -50.922471169999938, -17.782099306999953, 0.0 ], [ -50.92193307399998, -17.781908056999953, 0.0 ], [ -50.921895124999935, -17.781896277999977, 0.0 ], [ -50.921754872999941, -17.782224982999935, 0.0 ] ] ] ] } },
{ "type": "Feature", "properties": { "OID_": 0, "Name": "Placemark", "FolderPath": "Document", "SymbolID": 0, "AltMode": 0, "Base": 0.0, "Clamped": -1, "Extruded": 0, "Snippet": null, "PopupInfo": "<html xmlns:fo=\"http://www.w3.org/1999/XSL/Format\" xmlns:msxsl=\"urn:schemas-microsoft-com:xslt\"><head><META http-equiv=\"Content-Type\" content=\"text/html\"><meta http-equiv=\"content-type\" content=\"text/html; charset=UTF-8\"></head><body style=\"margin:0px 0p", "Shape_Leng": 0.00720039522, "Shape_Area": 2.54188e-06 }, "geometry": { "type": "MultiPolygon", "coordinates": [ [ [ [ -50.922286643999939, -17.783469743999945, 0.0 ], [ -50.922278336999966, -17.783515802999943, 0.0 ], [ -50.922157530999982, -17.783808344999954, 0.0 ], [ -50.922088076999955, -17.784123233999935, 0.0 ], [ -50.922115371999951, -17.784248045999959, 0.0 ], [ -50.922193580999931, -17.784690704999946, 0.0 ], [ -50.921918793999964, -17.784821908999959, 0.0 ], [ -50.921915718999969, -17.784904648999941, 0.0 ], [ -50.92241095199995, -17.785773224999957, 0.0 ], [ -50.922435854999947, -17.785792429999958, 0.0 ], [ -50.923616185999947, -17.783884185999966, 0.0 ], [ -50.923820635999959, -17.783534926999948, 0.0 ], [ -50.922774920999984, -17.783247317999951, 0.0 ], [ -50.922347539999976, -17.783132096999964, 0.0 ], [ -50.922286643999939, -17.783469743999945, 0.0 ] ] ] ] } },
{ "type": "Feature", "properties": { "OID_": 0, "Name": "Placemark", "FolderPath": "Document", "SymbolID": 0, "AltMode": 0, "Base": 0.0, "Clamped": -1, "Extruded": 0, "Snippet": null, "PopupInfo": "<html xmlns:fo=\"http://www.w3.org/1999/XSL/Format\" xmlns:msxsl=\"urn:schemas-microsoft-com:xslt\"><head><META http-equiv=\"Content-Type\" content=\"text/html\"><meta http-equiv=\"content-type\" content=\"text/html; charset=UTF-8\"></head><body style=\"margin:0px 0p", "Shape_Leng": 0.02549682328, "Shape_Area": 3.989241e-05 }, "geometry": { "type": "MultiPolygon", "coordinates": [ [ [ [ -50.959522870999933, -17.815305162999948, 0.0 ], [ -50.958251509999968, -17.811703481999928, 0.0 ], [ -50.957746475999954, -17.81179743499996, 0.0 ], [ -50.957277259999955, -17.811916456999938, 0.0 ], [ -50.956870218999939, -17.812062566999941, 0.0 ], [ -50.95636710499997, -17.812100358999942, 0.0 ], [ -50.955943118999983, -17.812186899999972, 0.0 ], [ -50.955451316999984, -17.812197617999971, 0.0 ], [ -50.95505559999998, -17.812262504999978, 0.0 ], [ -50.953257977999954, -17.812299985999971, 0.0 ], [ -50.952602258999946, -17.812245681999968, 0.0 ], [ -50.952419095999971, -17.81219772299994, 0.0 ], [ -50.95232300899994, -17.812151673999949, 0.0 ], [ -50.952037549999943, -17.81211370099993, 0.0 ], [ -50.951785962999963, -17.812240886999973, 0.0 ], [ -50.951644593999958, -17.81241683099995, 0.0 ], [ -50.95150042299997, -17.81250072399996, 0.0 ], [ -50.951342125999986, -17.812562954999976, 0.0 ], [ -50.951158383999939, -17.812649545999932, 0.0 ], [ -50.950983130999987, -17.812698233999981, 0.0 ], [ -50.950804378999976, -17.812875510999959, 0.0 ], [ -50.95086695699996, -17.813027639999973, 0.0 ], [ -50.951007062999963, -17.813341731999969, 0.0 ], [ -50.951006974999984, -17.813662285999953, 0.0 ], [ -50.951147118999984, -17.813842091999959, 0.0 ], [ -50.95132106899996, -17.814429095999969, 0.0 ], [ -50.951479338999945, -17.814474619999942, 0.0 ], [ -50.951504155999942, -17.814682552999955, 0.0 ], [ -50.951863670999956, -17.814730291999979, 0.0 ], [ -50.951956276999965, -17.815111514999955, 0.0 ], [ -50.952322438999943, -17.815676905999965, 0.0 ], [ -50.952469539999981, -17.816916272999947, 0.0 ], [ -50.955478209999967, -17.819030329999975, 0.0 ], [ -50.959522870999933, -17.815305162999948, 0.0 ] ] ] ] } },
{ "type": "Feature", "properties": { "OID_": 0, "Name": "Placemark", "FolderPath": "Document", "SymbolID": 0, "AltMode": 0, "Base": 0.0, "Clamped": -1, "Extruded": 0, "Snippet": null, "PopupInfo": "<html xmlns:fo=\"http://www.w3.org/1999/XSL/Format\" xmlns:msxsl=\"urn:schemas-microsoft-com:xslt\"><head><META http-equiv=\"Content-Type\" content=\"text/html\"><meta http-equiv=\"content-type\" content=\"text/html; charset=UTF-8\"></head><body style=\"margin:0px 0p", "Shape_Leng": 0.0233663009, "Shape_Area": 3.318919e-05 }, "geometry": { "type": "MultiPolygon", "coordinates": [ [ [ [ -50.952419095999971, -17.81219772299994, 0.0 ], [ -50.952602258999946, -17.812245681999968, 0.0 ], [ -50.953257977999954, -17.812299985999971, 0.0 ], [ -50.95505559999998, -17.812262504999978, 0.0 ], [ -50.955451316999984, -17.812197617999971, 0.0 ], [ -50.955943118999983, -17.812186899999972, 0.0 ], [ -50.95636710499997, -17.812100358999942, 0.0 ], [ -50.956870218999939, -17.812062566999941, 0.0 ], [ -50.957277259999955, -17.811916456999938, 0.0 ], [ -50.957746475999954, -17.81179743499996, 0.0 ], [ -50.95896754499995, -17.811570273999962, 0.0 ], [ -50.958722691999981, -17.809480119999932, 0.0 ], [ -50.95823747999998, -17.806350734999967, 0.0 ], [ -50.957733884999982, -17.806364577999943, 0.0 ], [ -50.957568626999944, -17.806388970999933, 0.0 ], [ -50.956803597999965, -17.806457792999936, 0.0 ], [ -50.95655501799996, -17.806483379999975, 0.0 ], [ -50.95574411399997, -17.806440278999958, 0.0 ], [ -50.955308634999938, -17.806416970999976, 0.0 ], [ -50.954601326999978, -17.80637368999993, 0.0 ], [ -50.95405784899998, -17.806342452999957, 0.0 ], [ -50.953482227999984, -17.80631657999993, 0.0 ], [ -50.953079591999938, -17.806295106999983, 0.0 ], [ -50.952900094999961, -17.806321920999949, 0.0 ], [ -50.952824056999987, -17.806576474999929, 0.0 ], [ -50.952762881999945, -17.807054043999926, 0.0 ], [ -50.952677923999943, -17.807690799999932, 0.0 ], [ -50.952643928999976, -17.807986438999933, 0.0 ], [ -50.952694744999974, -17.808207373999949, 0.0 ], [ -50.952874269999938, -17.809094356999935, 0.0 ], [ -50.953088233999949, -17.809933426999976, 0.0 ], [ -50.953187643999968, -17.810236678999956, 0.0 ], [ -50.952419095999971, -17.81219772299994, 0.0 ] ] ] ] } },
{ "type": "Feature", "properties": { "OID_": 0, "Name": "Placemark", "FolderPath": "Document", "SymbolID": 0, "AltMode": 0, "Base": 0.0, "Clamped": -1, "Extruded": 0, "Snippet": null, "PopupInfo": "<html xmlns:fo=\"http://www.w3.org/1999/XSL/Format\" xmlns:msxsl=\"urn:schemas-microsoft-com:xslt\"><head><META http-equiv=\"Content-Type\" content=\"text/html\"><meta http-equiv=\"content-type\" content=\"text/html; charset=UTF-8\"></head><body style=\"margin:0px 0p", "Shape_Leng": 0.02873861372, "Shape_Area": 3.257049e-05 }, "geometry": { "type": "MultiPolygon", "coordinates": [ [ [ [ -50.906587664999961, -17.784800142999927, 0.0 ], [ -50.905724672999952, -17.78510500699997, 0.0 ], [ -50.904871566999986, -17.785404857999936, 0.0 ], [ -50.902576955999962, -17.78621570599995, 0.0 ], [ -50.902385638999931, -17.786282730999972, 0.0 ], [ -50.902123863999975, -17.786477882999975, 0.0 ], [ -50.904576666999958, -17.78848972399993, 0.0 ], [ -50.904725628999984, -17.788265270999943, 0.0 ], [ -50.905027555999936, -17.788266870999962, 0.0 ], [ -50.905387685999983, -17.788254970999958, 0.0 ], [ -50.905409481999982, -17.788358058999961, 0.0 ], [ -50.90640523999997, -17.788193097999965, 0.0 ], [ -50.906647732999943, -17.78831463299997, 0.0 ], [ -50.90780716699993, -17.789002855999968, 0.0 ], [ -50.910544523999931, -17.786839351999959, 0.0 ], [ -50.911654963999979, -17.787734218999958, 0.0 ], [ -50.911696097999936, -17.787944597999967, 0.0 ], [ -50.911827561999985, -17.788054655999929, 0.0 ], [ -50.911862625999959, -17.788000391999958, 0.0 ], [ -50.912017513999956, -17.787958225999944, 0.0 ], [ -50.912570861999939, -17.78769239099995, 0.0 ], [ -50.91304977599998, -17.787259295999945, 0.0 ], [ -50.913715328999956, -17.787005413999964, 0.0 ], [ -50.91338038899994, -17.786706674999948, 0.0 ], [ -50.913579304999985, -17.786312350999935, 0.0 ], [ -50.912565226999959, -17.785820887999932, 0.0 ], [ -50.912825453999972, -17.785340171999962, 0.0 ], [ -50.911632035999958, -17.784754839999948, 0.0 ], [ -50.91145561999997, -17.784904207999944, 0.0 ], [ -50.910508626999956, -17.784334141999977, 0.0 ], [ -50.910341500999948, -17.783989685999927, 0.0 ], [ -50.909709546999977, -17.783697390999976, 0.0 ], [ -50.909122345999947, -17.78389976699998, 0.0 ], [ -50.908283462999975, -17.784195414999942, 0.0 ], [ -50.907443847999957, -17.784501457999966, 0.0 ], [ -50.906587664999961, -17.784800142999927, 0.0 ] ] ] ] } },
{ "type": "Feature", "properties": { "OID_": 0, "Name": "Placemark", "FolderPath": "Document", "SymbolID": 0, "AltMode": 0, "Base": 0.0, "Clamped": -1, "Extruded": 0, "Snippet": null, "PopupInfo": "<html xmlns:fo=\"http://www.w3.org/1999/XSL/Format\" xmlns:msxsl=\"urn:schemas-microsoft-com:xslt\"><head><META http-equiv=\"Content-Type\" content=\"text/html\"><meta http-equiv=\"content-type\" content=\"text/html; charset=UTF-8\"></head><body style=\"margin:0px 0p", "Shape_Leng": 0.04392051245, "Shape_Area": 6.643101e-05 }, "geometry": { "type": "MultiPolygon", "coordinates": [ [ [ [ -50.899318178999977, -17.778261934999932, 0.0 ], [ -50.899323402999983, -17.778529728999956, 0.0 ], [ -50.899299478999978, -17.778864350999982, 0.0 ], [ -50.899356877999935, -17.77930947599998, 0.0 ], [ -50.899518891999946, -17.779628871999932, 0.0 ], [ -50.900596490999931, -17.77927122899996, 0.0 ], [ -50.900841128999957, -17.779907806999972, 0.0 ], [ -50.901084739999931, -17.780538665999927, 0.0 ], [ -50.901329691999933, -17.781177973999945, 0.0 ], [ -50.901575636999951, -17.781812564999939, 0.0 ], [ -50.90184439899997, -17.782494835999955, 0.0 ], [ -50.90058860299996, -17.782971101999976, 0.0 ], [ -50.900821243999985, -17.783591249999972, 0.0 ], [ -50.900915115999965, -17.783914107999976, 0.0 ], [ -50.90237213599994, -17.783798167999976, 0.0 ], [ -50.903253989999939, -17.783681275999982, 0.0 ], [ -50.90418099599998, -17.783602822999967, 0.0 ], [ -50.905126246999941, -17.783493324999938, 0.0 ], [ -50.906010253999966, -17.783413611999947, 0.0 ], [ -50.906348254999955, -17.783388053999943, 0.0 ], [ -50.908824102999972, -17.78312561499996, 0.0 ], [ -50.909637807999957, -17.783109369999977, 0.0 ], [ -50.910094133999962, -17.783090326999968, 0.0 ], [ -50.910208256999965, -17.783089927999981, 0.0 ], [ -50.910474909999948, -17.783191655999929, 0.0 ], [ -50.91066768099995, -17.783285889999945, 0.0 ], [ -50.910737996999956, -17.783054595999943, 0.0 ], [ -50.910887079999952, -17.78307306399995, 0.0 ], [ -50.91113354099997, -17.783167396999943, 0.0 ], [ -50.911177764999934, -17.783195232999958, 0.0 ], [ -50.911337083999967, -17.782867408999948, 0.0 ], [ -50.912323133999962, -17.782747564999966, 0.0 ], [ -50.912503216999937, -17.782828192999943, 0.0 ], [ -50.912568195999938, -17.782863123999959, 0.0 ], [ -50.912787671999979, -17.782449536999934, 0.0 ], [ -50.913323936999973, -17.78268731999998, 0.0 ], [ -50.913435168999968, -17.78260426199995, 0.0 ], [ -50.913423833999957, -17.782205364999982, 0.0 ], [ -50.913421481999933, -17.782176055999969, 0.0 ], [ -50.91342315299994, -17.781747413999938, 0.0 ], [ -50.913423940999962, -17.780859714999963, 0.0 ], [ -50.91341637499994, -17.780196214999933, 0.0 ], [ -50.91340151199995, -17.779841102999967, 0.0 ], [ -50.913311372999942, -17.779682915999956, 0.0 ], [ -50.913195752999968, -17.779548492999936, 0.0 ], [ -50.912956219999955, -17.779311725999946, 0.0 ], [ -50.912886754999931, -17.77924107399997, 0.0 ], [ -50.912482698999952, -17.778861201999973, 0.0 ], [ -50.911972463999973, -17.778452827999956, 0.0 ], [ -50.911519381999938, -17.778038256999935, 0.0 ], [ -50.911017626999978, -17.777488722999976, 0.0 ], [ -50.910702058999959, -17.777162866999959, 0.0 ], [ -50.90903611799996, -17.778703233999977, 0.0 ], [ -50.907589520999977, -17.780041031999929, 0.0 ], [ -50.906227659999956, -17.778569010999945, 0.0 ], [ -50.906143135999969, -17.778601784999978, 0.0 ], [ -50.905940784999984, -17.778634176999958, 0.0 ], [ -50.905754280999986, -17.778624340999954, 0.0 ], [ -50.905594943999972, -17.778539793999983, 0.0 ], [ -50.905242423999937, -17.778250473999947, 0.0 ], [ -50.905113662999952, -17.778061976999936, 0.0 ], [ -50.905079832999945, -17.777909263999959, 0.0 ], [ -50.905065944999933, -17.77766537499997, 0.0 ], [ -50.905095620999987, -17.777251218999936, 0.0 ], [ -50.904681012999959, -17.776986226999952, 0.0 ], [ -50.904446567999969, -17.776970536999954, 0.0 ], [ -50.904203447999976, -17.776978250999946, 0.0 ], [ -50.90386168699996, -17.776950973999931, 0.0 ], [ -50.903530171999932, -17.776926627999956, 0.0 ], [ -50.903243606999979, -17.776804052999978, 0.0 ], [ -50.903079715999979, -17.776773404999972, 0.0 ], [ -50.902741168999967, -17.776772652999966, 0.0 ], [ -50.902531808999981, -17.776729386999932, 0.0 ], [ -50.902245791999974, -17.776676055999928, 0.0 ], [ -50.902068051999947, -17.776700404999929, 0.0 ], [ -50.901829199999952, -17.77670210499997, 0.0 ], [ -50.901708931999963, -17.776683332999937, 0.0 ], [ -50.901534546999983, -17.776608708999959, 0.0 ], [ -50.901468531999967, -17.776602859999969, 0.0 ], [ -50.901783258999956, -17.777389098999947, 0.0 ], [ -50.899318178999977, -17.778261934999932, 0.0 ] ] ] ] } },
{ "type": "Feature", "properties": { "OID_": 0, "Name": "Placemark", "FolderPath": "Document", "SymbolID": 0, "AltMode": 0, "Base": 0.0, "Clamped": -1, "Extruded": 0, "Snippet": null, "PopupInfo": "<html xmlns:fo=\"http://www.w3.org/1999/XSL/Format\" xmlns:msxsl=\"urn:schemas-microsoft-com:xslt\"><head><META http-equiv=\"Content-Type\" content=\"text/html\"><meta http-equiv=\"content-type\" content=\"text/html; charset=UTF-8\"></head><body style=\"margin:0px 0p", "Shape_Leng": 0.03033129519, "Shape_Area": 1.566306e-05 }, "geometry": { "type": "MultiPolygon", "coordinates": [ [ [ [ -50.895314979999966, -17.788791166999943, 0.0 ], [ -50.894215911999936, -17.78929306699996, 0.0 ], [ -50.893361053999968, -17.78972145399996, 0.0 ], [ -50.89077376299997, -17.791145195999945, 0.0 ], [ -50.889041332999966, -17.792110218999937, 0.0 ], [ -50.888706616999968, -17.792278969999927, 0.0 ], [ -50.888614289999964, -17.792217403999928, 0.0 ], [ -50.887219352999978, -17.792963055999962, 0.0 ], [ -50.88576121899996, -17.793736708999973, 0.0 ], [ -50.886568429999954, -17.794931400999928, 0.0 ], [ -50.89886387599995, -17.787914754999974, 0.0 ], [ -50.898408514999971, -17.787566890999926, 0.0 ], [ -50.896721531999958, -17.788263431999951, 0.0 ], [ -50.89545514699995, -17.788799905999952, 0.0 ], [ -50.895314979999966, -17.788791166999943, 0.0 ] ] ] ] } },
{ "type": "Feature", "properties": { "OID_": 0, "Name": "Placemark", "FolderPath": "Document", "SymbolID": 0, "AltMode": 0, "Base": 0.0, "Clamped": -1, "Extruded": 0, "Snippet": null, "PopupInfo": "<html xmlns:fo=\"http://www.w3.org/1999/XSL/Format\" xmlns:msxsl=\"urn:schemas-microsoft-com:xslt\"><head><META http-equiv=\"Content-Type\" content=\"text/html\"><meta http-equiv=\"content-type\" content=\"text/html; charset=UTF-8\"></head><body style=\"margin:0px 0p", "Shape_Leng": 0.040173442, "Shape_Area": 7.004456e-05 }, "geometry": { "type": "MultiPolygon", "coordinates": [ [ [ [ -50.940295470999956, -17.789243068999951, 0.0 ], [ -50.940002808999964, -17.789390785999956, 0.0 ], [ -50.939667969999959, -17.789424615999962, 0.0 ], [ -50.939525204999939, -17.789411654999981, 0.0 ], [ -50.939389539999979, -17.789399335999974, 0.0 ], [ -50.939139466999961, -17.789488757999948, 0.0 ], [ -50.939065706999941, -17.789482624999948, 0.0 ], [ -50.939013430999978, -17.78950126899997, 0.0 ], [ -50.938947695999957, -17.78961527499996, 0.0 ], [ -50.938802922999969, -17.789643134999949, 0.0 ], [ -50.93835390199996, -17.789910572999929, 0.0 ], [ -50.938280947999942, -17.790114647999928, 0.0 ], [ -50.938126936999936, -17.790362183999946, 0.0 ], [ -50.938167457999953, -17.790869019999946, 0.0 ], [ -50.938228348999985, -17.791317383999967, 0.0 ], [ -50.938545780999959, -17.792116342999975, 0.0 ], [ -50.938688340999931, -17.793193843999973, 0.0 ], [ -50.938407165999934, -17.794940399999973, 0.0 ], [ -50.939060841999947, -17.795093120999979, 0.0 ], [ -50.939086952999958, -17.795002715999942, 0.0 ], [ -50.939760054999965, -17.795168009999941, 0.0 ], [ -50.940725556999951, -17.795397803999947, 0.0 ], [ -50.941693809999947, -17.795632010999952, 0.0 ], [ -50.941725316999964, -17.795503800999938, 0.0 ], [ -50.94281545299998, -17.79572140199997, 0.0 ], [ -50.944598660999986, -17.796082475999981, 0.0 ], [ -50.945454040999948, -17.796257510999965, 0.0 ], [ -50.944607834999942, -17.797710130999974, 0.0 ], [ -50.944569458999979, -17.797777819999965, 0.0 ], [ -50.944413321999946, -17.798085132999972, 0.0 ], [ -50.944710427999951, -17.798038432999931, 0.0 ], [ -50.946333949999939, -17.797804243999963, 0.0 ], [ -50.946376968999971, -17.797799629999929, 0.0 ], [ -50.947300342999938, -17.797677199999953, 0.0 ], [ -50.948194137999963, -17.797557556999948, 0.0 ], [ -50.948420461999945, -17.79753368799993, 0.0 ], [ -50.948508343999947, -17.797524971999962, 0.0 ], [ -50.948558760999958, -17.797311218999937, 0.0 ], [ -50.948734108999986, -17.796643048999954, 0.0 ], [ -50.948903506999955, -17.795991286999936, 0.0 ], [ -50.949082732999955, -17.795337304999975, 0.0 ], [ -50.94930108099993, -17.79453274399998, 0.0 ], [ -50.949504579999939, -17.793761133999965, 0.0 ], [ -50.949684482999942, -17.793105156999957, 0.0 ], [ -50.94971217799997, -17.793004637999957, 0.0 ], [ -50.949880256999961, -17.79236739199996, 0.0 ], [ -50.950047009999935, -17.791699694999977, 0.0 ], [ -50.950074240999982, -17.791596765999941, 0.0 ], [ -50.949328395999942, -17.791458502999944, 0.0 ], [ -50.948543988999972, -17.791280158999939, 0.0 ], [ -50.946045651999952, -17.790695024999934, 0.0 ], [ -50.945149641999933, -17.790484927999955, 0.0 ], [ -50.94419497399997, -17.790248980999934, 0.0 ], [ -50.944543039999985, -17.78893004899993, 0.0 ], [ -50.943461302999935, -17.787950312999953, 0.0 ], [ -50.942295051999963, -17.789779394999982, 0.0 ], [ -50.942048174999968, -17.78971837499995, 0.0 ], [ -50.940295470999956, -17.789243068999951, 0.0 ] ] ] ] } },
{ "type": "Feature", "properties": { "OID_": 0, "Name": "Placemark", "FolderPath": "Document", "SymbolID": 0, "AltMode": 0, "Base": 0.0, "Clamped": -1, "Extruded": 0, "Snippet": null, "PopupInfo": "<html xmlns:fo=\"http://www.w3.org/1999/XSL/Format\" xmlns:msxsl=\"urn:schemas-microsoft-com:xslt\"><head><META http-equiv=\"Content-Type\" content=\"text/html\"><meta http-equiv=\"content-type\" content=\"text/html; charset=UTF-8\"></head><body style=\"margin:0px 0p", "Shape_Leng": 0.01922744167, "Shape_Area": 2.18108e-05 }, "geometry": { "type": "MultiPolygon", "coordinates": [ [ [ [ -50.948508343999947, -17.797524971999962, 0.0 ], [ -50.948655087999953, -17.797530074999941, 0.0 ], [ -50.948794143999976, -17.797507369999948, 0.0 ], [ -50.949129920999951, -17.797419738999963, 0.0 ], [ -50.94953669299997, -17.797331257999929, 0.0 ], [ -50.949820687999932, -17.797265486999947, 0.0 ], [ -50.950542860999974, -17.797121124999933, 0.0 ], [ -50.95118438999998, -17.796963309999967, 0.0 ], [ -50.952052293999941, -17.796755682999958, 0.0 ], [ -50.952739141999984, -17.796583165999948, 0.0 ], [ -50.953213909999931, -17.796448552999948, 0.0 ], [ -50.953230298999983, -17.796369191999929, 0.0 ], [ -50.953292412999986, -17.796139244999949, 0.0 ], [ -50.953454703999967, -17.795538439999973, 0.0 ], [ -50.953485101999945, -17.795416870999929, 0.0 ], [ -50.953826642999957, -17.794126156999937, 0.0 ], [ -50.953859182999963, -17.794016278999948, 0.0 ], [ -50.954044301999943, -17.793317844999933, 0.0 ], [ -50.954236395999942, -17.792602503999944, 0.0 ], [ -50.953650879999941, -17.792466607999927, 0.0 ], [ -50.952418737999949, -17.792165929999953, 0.0 ], [ -50.952155000999937, -17.792097569999953, 0.0 ], [ -50.95143623499996, -17.791914303999931, 0.0 ], [ -50.950669762999951, -17.79173706399996, 0.0 ], [ -50.950074240999982, -17.791596765999941, 0.0 ], [ -50.950047009999935, -17.791699694999977, 0.0 ], [ -50.949880256999961, -17.79236739199996, 0.0 ], [ -50.94971217799997, -17.793004637999957, 0.0 ], [ -50.949684482999942, -17.793105156999957, 0.0 ], [ -50.949504579999939, -17.793761133999965, 0.0 ], [ -50.94930108099993, -17.79453274399998, 0.0 ], [ -50.949082732999955, -17.795337304999975, 0.0 ], [ -50.948903506999955, -17.795991286999936, 0.0 ], [ -50.948734108999986, -17.796643048999954, 0.0 ], [ -50.948558760999958, -17.797311218999937, 0.0 ], [ -50.948508343999947, -17.797524971999962, 0.0 ] ] ] ] } },
{ "type": "Feature", "properties": { "OID_": 0, "Name": "Placemark", "FolderPath": "Document", "SymbolID": 0, "AltMode": 0, "Base": 0.0, "Clamped": -1, "Extruded": 0, "Snippet": null, "PopupInfo": "<html xmlns:fo=\"http://www.w3.org/1999/XSL/Format\" xmlns:msxsl=\"urn:schemas-microsoft-com:xslt\"><head><META http-equiv=\"Content-Type\" content=\"text/html\"><meta http-equiv=\"content-type\" content=\"text/html; charset=UTF-8\"></head><body style=\"margin:0px 0p", "Shape_Leng": 0.02070376399, "Shape_Area": 2.494285e-05 }, "geometry": { "type": "MultiPolygon", "coordinates": [ [ [ [ -50.954637744999957, -17.787830529999951, 0.0 ], [ -50.953940282999952, -17.788045223999973, 0.0 ], [ -50.95371571499993, -17.788114349999944, 0.0 ], [ -50.953563008999936, -17.788161355999932, 0.0 ], [ -50.953024046999985, -17.788327256999935, 0.0 ], [ -50.952275231999977, -17.788561505999951, 0.0 ], [ -50.95210833799996, -17.789338956999927, 0.0 ], [ -50.951947590999964, -17.789984574999949, 0.0 ], [ -50.951775431999977, -17.790639781999971, 0.0 ], [ -50.951600222999957, -17.791279933999931, 0.0 ], [ -50.95143623499996, -17.791914303999931, 0.0 ], [ -50.952155000999937, -17.792097569999953, 0.0 ], [ -50.952418737999949, -17.792165929999953, 0.0 ], [ -50.953650879999941, -17.792466607999927, 0.0 ], [ -50.954236395999942, -17.792602503999944, 0.0 ], [ -50.954496148999965, -17.792661791999933, 0.0 ], [ -50.954883062999954, -17.792672085999982, 0.0 ], [ -50.955561043999978, -17.792689761999952, 0.0 ], [ -50.955861057999982, -17.792699316999972, 0.0 ], [ -50.957565719999934, -17.792743723999934, 0.0 ], [ -50.958845700999973, -17.792785637999941, 0.0 ], [ -50.958972556999981, -17.792808050999952, 0.0 ], [ -50.95856820399996, -17.792272785999955, 0.0 ], [ -50.957528636999939, -17.790388218999965, 0.0 ], [ -50.95723825999994, -17.789781157999982, 0.0 ], [ -50.955406008999944, -17.787602903999982, 0.0 ], [ -50.954637744999957, -17.787830529999951, 0.0 ] ] ] ] } },
{ "type": "Feature", "properties": { "OID_": 0, "Name": "Placemark", "FolderPath": "Document", "SymbolID": 0, "AltMode": 0, "Base": 0.0, "Clamped": -1, "Extruded": 0, "Snippet": null, "PopupInfo": "<html xmlns:fo=\"http://www.w3.org/1999/XSL/Format\" xmlns:msxsl=\"urn:schemas-microsoft-com:xslt\"><head><META http-equiv=\"Content-Type\" content=\"text/html\"><meta http-equiv=\"content-type\" content=\"text/html; charset=UTF-8\"></head><body style=\"margin:0px 0p", "Shape_Leng": 0.01380358841, "Shape_Area": 1.16148e-05 }, "geometry": { "type": "MultiPolygon", "coordinates": [ [ [ [ -50.938177064999934, -17.795706351999968, 0.0 ], [ -50.93819640199996, -17.796223992999955, 0.0 ], [ -50.938422887999934, -17.796976207999933, 0.0 ], [ -50.938668426999982, -17.797571235999953, 0.0 ], [ -50.938795984999956, -17.798319988999936, 0.0 ], [ -50.939699572999984, -17.79874426899994, 0.0 ], [ -50.940040293999971, -17.798915720999958, 0.0 ], [ -50.940592795999976, -17.799169935999942, 0.0 ], [ -50.941267366999966, -17.799496689999955, 0.0 ], [ -50.94138068999996, -17.798953123999979, 0.0 ], [ -50.941392684999983, -17.798806856999931, 0.0 ], [ -50.94152369699998, -17.798029797999959, 0.0 ], [ -50.941615473999946, -17.797499795999954, 0.0 ], [ -50.941623592999974, -17.79746247099996, 0.0 ], [ -50.941716430999975, -17.796905735999928, 0.0 ], [ -50.941733304999957, -17.79684371299993, 0.0 ], [ -50.941826735999939, -17.796299532999967, 0.0 ], [ -50.941931562999969, -17.795690829999955, 0.0 ], [ -50.941693809999947, -17.795632010999952, 0.0 ], [ -50.940725556999951, -17.795397803999947, 0.0 ], [ -50.939760054999965, -17.795168009999941, 0.0 ], [ -50.939086952999958, -17.795002715999942, 0.0 ], [ -50.939060841999947, -17.795093120999979, 0.0 ], [ -50.938407165999934, -17.794940399999973, 0.0 ], [ -50.93829261299993, -17.795436535999954, 0.0 ], [ -50.938177064999934, -17.795706351999968, 0.0 ] ] ] ] } },
{ "type": "Feature", "properties": { "OID_": 0, "Name": "Placemark", "FolderPath": "Document", "SymbolID": 0, "AltMode": 0, "Base": 0.0, "Clamped": -1, "Extruded": 0, "Snippet": null, "PopupInfo": "<html xmlns:fo=\"http://www.w3.org/1999/XSL/Format\" xmlns:msxsl=\"urn:schemas-microsoft-com:xslt\"><head><META http-equiv=\"Content-Type\" content=\"text/html\"><meta http-equiv=\"content-type\" content=\"text/html; charset=UTF-8\"></head><body style=\"margin:0px 0p", "Shape_Leng": 0.01377474792, "Shape_Area": 8.77912e-06 }, "geometry": { "type": "MultiPolygon", "coordinates": [ [ [ [ -50.889362195999979, -17.776388512999972, 0.0 ], [ -50.889339656999937, -17.776440599999944, 0.0 ], [ -50.889022724999961, -17.777173102999939, 0.0 ], [ -50.888989082999956, -17.777250722999952, 0.0 ], [ -50.888766397999973, -17.777764503999947, 0.0 ], [ -50.888655636999943, -17.778020051999931, 0.0 ], [ -50.888243178999971, -17.777647753999929, 0.0 ], [ -50.887959630999944, -17.777391134999959, 0.0 ], [ -50.88785330199994, -17.777636801999961, 0.0 ], [ -50.887761541999964, -17.777847453999982, 0.0 ], [ -50.887705905999951, -17.777975176999973, 0.0 ], [ -50.887274239999954, -17.778966134999962, 0.0 ], [ -50.887226451999936, -17.779075841999941, 0.0 ], [ -50.887016477999964, -17.779589167999973, 0.0 ], [ -50.887504109999952, -17.780687565999926, 0.0 ], [ -50.889303947999963, -17.781060138999976, 0.0 ], [ -50.88989438699997, -17.778246808999938, 0.0 ], [ -50.890361251999934, -17.77722244399996, 0.0 ], [ -50.890428344999975, -17.777072941999961, 0.0 ], [ -50.889425856999935, -17.776241391999974, 0.0 ], [ -50.889362195999979, -17.776388512999972, 0.0 ] ] ] ] } },
{ "type": "Feature", "properties": { "OID_": 0, "Name": "Placemark", "FolderPath": "Document", "SymbolID": 0, "AltMode": 0, "Base": 0.0, "Clamped": -1, "Extruded": 0, "Snippet": null, "PopupInfo": "<html xmlns:fo=\"http://www.w3.org/1999/XSL/Format\" xmlns:msxsl=\"urn:schemas-microsoft-com:xslt\"><head><META http-equiv=\"Content-Type\" content=\"text/html\"><meta http-equiv=\"content-type\" content=\"text/html; charset=UTF-8\"></head><body style=\"margin:0px 0p", "Shape_Leng": 0.01105170537, "Shape_Area": 7.00551e-06 }, "geometry": { "type": "MultiPolygon", "coordinates": [ [ [ [ -50.923993166999935, -17.811387466999975, 0.0 ], [ -50.924391066999931, -17.81181894499997, 0.0 ], [ -50.925379127999975, -17.812497171999951, 0.0 ], [ -50.925783425999953, -17.812771374999954, 0.0 ], [ -50.926220781999973, -17.813068075999979, 0.0 ], [ -50.926812797999958, -17.813463706999983, 0.0 ], [ -50.926886555999943, -17.813502067999934, 0.0 ], [ -50.927020545999937, -17.812315998999964, 0.0 ], [ -50.927204439999969, -17.810801746999971, 0.0 ], [ -50.927252998999961, -17.810401892999948, 0.0 ], [ -50.926419496999983, -17.809516453999947, 0.0 ], [ -50.925529062999942, -17.810194714999966, 0.0 ], [ -50.925494765999986, -17.810153649999961, 0.0 ], [ -50.92455945599994, -17.810925220999934, 0.0 ], [ -50.923993166999935, -17.811387466999975, 0.0 ] ] ] ] } },
{ "type": "Feature", "properties": { "OID_": 0, "Name": "Placemark", "FolderPath": "Document", "SymbolID": 0, "AltMode": 0, "Base": 0.0, "Clamped": -1, "Extruded": 0, "Snippet": null, "PopupInfo": "<html xmlns:fo=\"http://www.w3.org/1999/XSL/Format\" xmlns:msxsl=\"urn:schemas-microsoft-com:xslt\"><head><META http-equiv=\"Content-Type\" content=\"text/html\"><meta http-equiv=\"content-type\" content=\"text/html; charset=UTF-8\"></head><body style=\"margin:0px 0p", "Shape_Leng": 0.00973471609, "Shape_Area": 5.36519e-06 }, "geometry": { "type": "MultiPolygon", "coordinates": [ [ [ [ -50.927205817999948, -17.810790403999931, 0.0 ], [ -50.927020545999937, -17.812315998999964, 0.0 ], [ -50.926886555999943, -17.813502067999934, 0.0 ], [ -50.926912226999946, -17.81352045899996, 0.0 ], [ -50.927890293999951, -17.814221138999926, 0.0 ], [ -50.928044282999963, -17.814338183999951, 0.0 ], [ -50.928119830999947, -17.814300216999982, 0.0 ], [ -50.928333896999959, -17.814259578999952, 0.0 ], [ -50.928475605999949, -17.814148771999953, 0.0 ], [ -50.928679710999972, -17.813891474999934, 0.0 ], [ -50.928871441999945, -17.813657839999962, 0.0 ], [ -50.928992061999963, -17.813474468999971, 0.0 ], [ -50.929066364999983, -17.813166832999968, 0.0 ], [ -50.929102535999959, -17.812911328999974, 0.0 ], [ -50.929183596999962, -17.81258477199998, 0.0 ], [ -50.929203482999981, -17.812561302999939, 0.0 ], [ -50.929185323999945, -17.812548508999953, 0.0 ], [ -50.929007719999959, -17.812362048999944, 0.0 ], [ -50.927252998999961, -17.810401892999948, 0.0 ], [ -50.927205817999948, -17.810790403999931, 0.0 ] ] ] ] } },
{ "type": "Feature", "properties": { "OID_": 0, "Name": "Placemark", "FolderPath": "Document", "SymbolID": 0, "AltMode": 0, "Base": 0.0, "Clamped": -1, "Extruded": 0, "Snippet": null, "PopupInfo": "<html xmlns:fo=\"http://www.w3.org/1999/XSL/Format\" xmlns:msxsl=\"urn:schemas-microsoft-com:xslt\"><head><META http-equiv=\"Content-Type\" content=\"text/html\"><meta http-equiv=\"content-type\" content=\"text/html; charset=UTF-8\"></head><body style=\"margin:0px 0p", "Shape_Leng": 0.01439855483, "Shape_Area": 7.51839e-06 }, "geometry": { "type": "MultiPolygon", "coordinates": [ [ [ [ -50.921760973999938, -17.813603758999932, 0.0 ], [ -50.921735957999942, -17.813747040999942, 0.0 ], [ -50.921639474999949, -17.813902693999978, 0.0 ], [ -50.921676195999964, -17.814185650999946, 0.0 ], [ -50.921800705999942, -17.81433861499994, 0.0 ], [ -50.921827060999931, -17.814555195999958, 0.0 ], [ -50.921857944999942, -17.81480408699997, 0.0 ], [ -50.922010938999961, -17.81501708299993, 0.0 ], [ -50.921973572999946, -17.815466453999932, 0.0 ], [ -50.922876920999954, -17.814910882999982, 0.0 ], [ -50.923353862999932, -17.814642086999982, 0.0 ], [ -50.923664214999974, -17.814480127999957, 0.0 ], [ -50.924436896999964, -17.814056033999975, 0.0 ], [ -50.924696831999938, -17.813901023999961, 0.0 ], [ -50.925174768999966, -17.813636010999971, 0.0 ], [ -50.926190769999948, -17.813093397999978, 0.0 ], [ -50.926220781999973, -17.813068075999979, 0.0 ], [ -50.924391066999931, -17.81181894499997, 0.0 ], [ -50.923993166999935, -17.811387466999975, 0.0 ], [ -50.923108255999978, -17.81210978699994, 0.0 ], [ -50.922823467999933, -17.81229292699993, 0.0 ], [ -50.923500702999945, -17.813052631999938, 0.0 ], [ -50.92342145899994, -17.81349081999997, 0.0 ], [ -50.923438698999973, -17.813511895999966, 0.0 ], [ -50.923423466999964, -17.813516590999939, 0.0 ], [ -50.92280066099994, -17.813534654999955, 0.0 ], [ -50.922734395999953, -17.813443499999948, 0.0 ], [ -50.922168979999981, -17.81345338899996, 0.0 ], [ -50.921760973999938, -17.813603758999932, 0.0 ] ] ] ] } },
{ "type": "Feature", "properties": { "OID_": 0, "Name": "Placemark", "FolderPath": "Document", "SymbolID": 0, "AltMode": 0, "Base": 0.0, "Clamped": -1, "Extruded": 0, "Snippet": null, "PopupInfo": "<html xmlns:fo=\"http://www.w3.org/1999/XSL/Format\" xmlns:msxsl=\"urn:schemas-microsoft-com:xslt\"><head><META http-equiv=\"Content-Type\" content=\"text/html\"><meta http-equiv=\"content-type\" content=\"text/html; charset=UTF-8\"></head><body style=\"margin:0px 0p", "Shape_Leng": 0.01840358649, "Shape_Area": 1.701524e-05 }, "geometry": { "type": "MultiPolygon", "coordinates": [ [ [ [ -50.922876920999954, -17.814910882999982, 0.0 ], [ -50.924342169999932, -17.816071984999951, 0.0 ], [ -50.925312318999943, -17.81735763599994, 0.0 ], [ -50.926052225999968, -17.818326849999949, 0.0 ], [ -50.92605717899994, -17.818323837999969, 0.0 ], [ -50.926111231999982, -17.818286048999937, 0.0 ], [ -50.92618628799994, -17.818238056999974, 0.0 ], [ -50.926246038999977, -17.818195185999969, 0.0 ], [ -50.926344622999977, -17.818138030999933, 0.0 ], [ -50.926449948999959, -17.818097182999963, 0.0 ], [ -50.926512268999943, -17.818056873999979, 0.0 ], [ -50.926628133999941, -17.818023730999982, 0.0 ], [ -50.926688407999961, -17.818011676999959, 0.0 ], [ -50.926792434999982, -17.817969908999942, 0.0 ], [ -50.926954270999943, -17.81793808499998, 0.0 ], [ -50.926995161999969, -17.817919521999954, 0.0 ], [ -50.927020208999977, -17.817894667999951, 0.0 ], [ -50.927064538999957, -17.817871386999968, 0.0 ], [ -50.927097127999957, -17.817848349999963, 0.0 ], [ -50.927114127999971, -17.817835184999979, 0.0 ], [ -50.927154005999967, -17.817800021999972, 0.0 ], [ -50.927177055999948, -17.817777967999973, 0.0 ], [ -50.927280165999946, -17.817759697999975, 0.0 ], [ -50.927341838999951, -17.817734123999969, 0.0 ], [ -50.927365126999973, -17.817685526999981, 0.0 ], [ -50.927393691999953, -17.817661234999946, 0.0 ], [ -50.927416972999936, -17.817628838999951, 0.0 ], [ -50.927437415999975, -17.817589355999928, 0.0 ], [ -50.927463710999973, -17.817558986999927, 0.0 ], [ -50.927489054999967, -17.817502289999936, 0.0 ], [ -50.927527085999941, -17.817430219999949, 0.0 ], [ -50.927555577999954, -17.817398085999969, 0.0 ], [ -50.927591596999946, -17.817358511999942, 0.0 ], [ -50.92761668199995, -17.817331926999941, 0.0 ], [ -50.92764368099995, -17.817304442999955, 0.0 ], [ -50.927675000999955, -17.817274289999943, 0.0 ], [ -50.927688899999964, -17.81726152899995, 0.0 ], [ -50.927714931999958, -17.817238299999929, 0.0 ], [ -50.92773533299993, -17.817220224999971, 0.0 ], [ -50.927762179999945, -17.817196197999976, 0.0 ], [ -50.927785602999961, -17.817174521999959, 0.0 ], [ -50.927832398999954, -17.81715038699997, 0.0 ], [ -50.927849327999979, -17.817130797999937, 0.0 ], [ -50.927863811999941, -17.817116950999946, 0.0 ], [ -50.927878067999984, -17.817106414999955, 0.0 ], [ -50.92789632399996, -17.817097736999926, 0.0 ], [ -50.927915801999973, -17.817097774999979, 0.0 ], [ -50.92795285699998, -17.817113554999935, 0.0 ], [ -50.92796926799997, -17.81712638099998, 0.0 ], [ -50.92798898999996, -17.817146926999953, 0.0 ], [ -50.928017387999944, -17.81719462999996, 0.0 ], [ -50.928024446999984, -17.817215429999976, 0.0 ], [ -50.928030562999936, -17.817246302999934, 0.0 ], [ -50.928037138999969, -17.817285111999979, 0.0 ], [ -50.928048347999948, -17.817336222999927, 0.0 ], [ -50.928055918999974, -17.817355889999931, 0.0 ], [ -50.928068146999976, -17.817379202999973, 0.0 ], [ -50.92808557099994, -17.817404545999977, 0.0 ], [ -50.928104424999958, -17.817427409999937, 0.0 ], [ -50.928114359999938, -17.817439454999942, 0.0 ], [ -50.928141487999937, -17.817463634999967, 0.0 ], [ -50.928171986999985, -17.817487642999936, 0.0 ], [ -50.928215365999961, -17.817516317999946, 0.0 ], [ -50.928233003999935, -17.817527069999983, 0.0 ], [ -50.928269385999954, -17.817545859999939, 0.0 ], [ -50.928302223999935, -17.817558563999967, 0.0 ], [ -50.92833186699994, -17.817570031999935, 0.0 ], [ -50.928352984999947, -17.817578199999957, 0.0 ], [ -50.92840012399995, -17.817590324999969, 0.0 ], [ -50.928446832999953, -17.817598296999961, 0.0 ], [ -50.928489618999947, -17.817602210999951, 0.0 ], [ -50.928525818999958, -17.817603025999972, 0.0 ], [ -50.928578282999979, -17.817600054999957, 0.0 ], [ -50.928608826999948, -17.817594865999979, 0.0 ], [ -50.92864377899997, -17.817588928999953, 0.0 ], [ -50.928689157999941, -17.817576102999965, 0.0 ], [ -50.928739533999931, -17.817556804999981, 0.0 ], [ -50.928796022999961, -17.817529803999946, 0.0 ], [ -50.928830407999953, -17.817487933999928, 0.0 ], [ -50.928848086999949, -17.81746087199997, 0.0 ], [ -50.92886223499994, -17.817431553999938, 0.0 ], [ -50.928885805999982, -17.817404493999959, 0.0 ], [ -50.928928886999984, -17.817372226999964, 0.0 ], [ -50.92892885599997, -17.817371332999983, 0.0 ], [ -50.928928825999947, -17.817370442999959, 0.0 ], [ -50.92892879599998, -17.81736955599996, 0.0 ], [ -50.928928765999956, -17.81736867199993, 0.0 ], [ -50.928928734999943, -17.81736779199997, 0.0 ], [ -50.928928704999976, -17.81736691499998, 0.0 ], [ -50.928928674999952, -17.817366040999957, 0.0 ], [ -50.928928644999985, -17.817365170999949, 0.0 ], [ -50.928928615999951, -17.817364302999977, 0.0 ], [ -50.928928585999984, -17.817363438999962, 0.0 ], [ -50.92892855599996, -17.817362577999972, 0.0 ], [ -50.928928525999936, -17.817361718999962, 0.0 ], [ -50.928928495999969, -17.817360863999966, 0.0 ], [ -50.928928465999945, -17.817360011999938, 0.0 ], [ -50.928928435999978, -17.817359163999981, 0.0 ], [ -50.928928406999944, -17.817358316999957, 0.0 ], [ -50.928928377999966, -17.817357474999937, 0.0 ], [ -50.928928347999943, -17.817356635999943, 0.0 ], [ -50.928928318999965, -17.817355798999927, 0.0 ], [ -50.928928288999941, -17.817354966999972, 0.0 ], [ -50.928928259999964, -17.817354135999949, 0.0 ], [ -50.928928230999986, -17.817353308999941, 0.0 ], [ -50.928928201999952, -17.817352485999947, 0.0 ], [ -50.928928171999985, -17.817351664999933, 0.0 ], [ -50.928928142999951, -17.817350846999943, 0.0 ], [ -50.928928113999973, -17.817350031999979, 0.0 ], [ -50.928928085999985, -17.817349220999972, 0.0 ], [ -50.928928056999951, -17.817348411999944, 0.0 ], [ -50.928928027999973, -17.817347605999942, 0.0 ], [ -50.928927998999939, -17.817346803999953, 0.0 ], [ -50.928927970999951, -17.817346003999944, 0.0 ], [ -50.928927941999973, -17.81734520699996, 0.0 ], [ -50.92892788499995, -17.817343623999932, 0.0 ], [ -50.928927827999985, -17.817342051999958, 0.0 ], [ -50.928927770999962, -17.817340491999971, 0.0 ], [ -50.92892771399994, -17.817338943999971, 0.0 ], [ -50.928927657999964, -17.817337407999958, 0.0 ], [ -50.928927601999931, -17.817335883999931, 0.0 ], [ -50.928927545999954, -17.817334370999959, 0.0 ], [ -50.928927489999978, -17.817332869999973, 0.0 ], [ -50.928927434999935, -17.817331380999974, 0.0 ], [ -50.928927379999948, -17.817329903999962, 0.0 ], [ -50.928927324999961, -17.817328437999947, 0.0 ], [ -50.928927269999974, -17.81732698299993, 0.0 ], [ -50.928927213999941, -17.817325540999946, 0.0 ], [ -50.928927159999944, -17.817324108999969, 0.0 ], [ -50.928927105999946, -17.81732268899998, 0.0 ], [ -50.928927051999949, -17.817321279999931, 0.0 ], [ -50.928926997999952, -17.817319881999936, 0.0 ], [ -50.928926944999944, -17.817318495999928, 0.0 ], [ -50.928926890999946, -17.817317120999974, 0.0 ], [ -50.928926837999938, -17.81731575699996, 0.0 ], [ -50.928926784999931, -17.817314403999944, 0.0 ], [ -50.928926731999979, -17.817313060999936, 0.0 ], [ -50.928926678999972, -17.817311730999961, 0.0 ], [ -50.928926626999953, -17.817310410999937, 0.0 ], [ -50.928926574999934, -17.817309100999978, 0.0 ], [ -50.928926521999983, -17.817307802999949, 0.0 ], [ -50.928926469999965, -17.817306514999927, 0.0 ], [ -50.928926418999936, -17.81730523899995, 0.0 ], [ -50.928926366999974, -17.81730397299998, 0.0 ], [ -50.928926315999945, -17.817302716999961, 0.0 ], [ -50.928926263999983, -17.81730147199994, 0.0 ], [ -50.928926213999944, -17.817300237999973, 0.0 ], [ -50.928926161999982, -17.817299012999968, 0.0 ], [ -50.928926111999942, -17.817297799999949, 0.0 ], [ -50.92892606099997, -17.817296595999949, 0.0 ], [ -50.92892601099993, -17.817295403999935, 0.0 ], [ -50.928925960999948, -17.817294220999941, 0.0 ], [ -50.928925911999954, -17.817293047999954, 0.0 ], [ -50.928925860999982, -17.817291885999964, 0.0 ], [ -50.928925812999978, -17.817290733999982, 0.0 ], [ -50.928925762999938, -17.817289591999952, 0.0 ], [ -50.928925713999945, -17.817288459999929, 0.0 ], [ -50.928925664999952, -17.817287336999982, 0.0 ], [ -50.928925615999958, -17.817286225999965, 0.0 ], [ -50.928925567999954, -17.817285122999976, 0.0 ], [ -50.928925518999961, -17.817284030999929, 0.0 ], [ -50.928925470999957, -17.817282947999956, 0.0 ], [ -50.928925422999953, -17.817281874999935, 0.0 ], [ -50.928925373999959, -17.817280810999932, 0.0 ], [ -50.928925325999955, -17.817279757999927, 0.0 ], [ -50.928925278999941, -17.817278712999951, 0.0 ], [ -50.928925231999983, -17.817277678999972, 0.0 ], [ -50.928925183999979, -17.817276653999954, 0.0 ], [ -50.928925136999965, -17.817275637999956, 0.0 ], [ -50.92892509099994, -17.817274630999975, 0.0 ], [ -50.928925043999982, -17.817273633999946, 0.0 ], [ -50.928924996999967, -17.817272645999935, 0.0 ], [ -50.928924949999953, -17.817271667999933, 0.0 ], [ -50.928924903999985, -17.817270698999948, 0.0 ], [ -50.928924857999959, -17.817269738999983, 0.0 ], [ -50.928924811999934, -17.817268786999932, 0.0 ], [ -50.928924765999966, -17.817267844999947, 0.0 ], [ -50.928924719999941, -17.81726691199998, 0.0 ], [ -50.928924674999962, -17.817265986999928, 0.0 ], [ -50.928924628999937, -17.817265071999941, 0.0 ], [ -50.928924583999958, -17.817264164999926, 0.0 ], [ -50.928924538999979, -17.817263267999977, 0.0 ], [ -50.928924493999943, -17.817262377999953, 0.0 ], [ -50.928924448999965, -17.817261497999937, 0.0 ], [ -50.928924404999975, -17.81726062599995, 0.0 ], [ -50.928924360999986, -17.817259761999935, 0.0 ], [ -50.928924316999939, -17.817258906999939, 0.0 ], [ -50.92892427299995, -17.817258060999961, 0.0 ], [ -50.928924227999971, -17.817257222999956, 0.0 ], [ -50.928924183999982, -17.81725639299998, 0.0 ], [ -50.928924139999936, -17.817255571999965, 0.0 ], [ -50.928924095999946, -17.817254758999979, 0.0 ], [ -50.928924052999946, -17.817253953999966, 0.0 ], [ -50.928923966999946, -17.817252368999959, 0.0 ], [ -50.928923880999946, -17.817250815999955, 0.0 ], [ -50.928923795999935, -17.817249294999954, 0.0 ], [ -50.928923709999935, -17.817247805999955, 0.0 ], [ -50.928923625999971, -17.81724634699998, 0.0 ], [ -50.928923542999939, -17.817244917999972, 0.0 ], [ -50.928923458999975, -17.817243520999966, 0.0 ], [ -50.928923376999933, -17.817242152999938, 0.0 ], [ -50.928923293999958, -17.817240814999934, 0.0 ], [ -50.928923212999962, -17.817239504999975, 0.0 ], [ -50.928923130999976, -17.817238224999983, 0.0 ], [ -50.92892304999998, -17.817236971999932, 0.0 ], [ -50.928922969999974, -17.817235747999973, 0.0 ], [ -50.928922889999967, -17.817234550999956, 0.0 ], [ -50.92892280999996, -17.817233379999948, 0.0 ], [ -50.928922730999943, -17.817232236999928, 0.0 ], [ -50.928922652999972, -17.817231119999974, 0.0 ], [ -50.928922574999945, -17.817230027999926, 0.0 ], [ -50.928922496999974, -17.817228961999945, 0.0 ], [ -50.928922419999935, -17.817227920999926, 0.0 ], [ -50.928922342999954, -17.817226904999927, 0.0 ], [ -50.928922265999972, -17.817225911999969, 0.0 ], [ -50.92892218999998, -17.817224943999975, 0.0 ], [ -50.928922114999978, -17.817223998999964, 0.0 ], [ -50.928922038999985, -17.817223076999937, 0.0 ], [ -50.928921963999983, -17.817222177999952, 0.0 ], [ -50.92892188899998, -17.817221300999961, 0.0 ], [ -50.928921814999967, -17.817220444999975, 0.0 ], [ -50.928921740999954, -17.817219611999974, 0.0 ], [ -50.928921667999987, -17.817218798999932, 0.0 ], [ -50.928921593999974, -17.817218006999951, 0.0 ], [ -50.928921448999972, -17.817216482999982, 0.0 ], [ -50.928921303999971, -17.817215035999936, 0.0 ], [ -50.928921160999948, -17.81721366499994, 0.0 ], [ -50.928921018999972, -17.817212363999943, 0.0 ], [ -50.928920877999985, -17.817211130999965, 0.0 ], [ -50.928920737999931, -17.817209963999971, 0.0 ], [ -50.92892059899998, -17.817208857999958, 0.0 ], [ -50.928920458999983, -17.817207809999957, 0.0 ], [ -50.928920321999954, -17.817206817999931, 0.0 ], [ -50.928920184999981, -17.817205876999935, 0.0 ], [ -50.928920048999942, -17.817204985999979, 0.0 ], [ -50.928919912999959, -17.817204139999944, 0.0 ], [ -50.928919777999965, -17.817203335999977, 0.0 ], [ -50.928919508999968, -17.817201842999964, 0.0 ], [ -50.92891924099996, -17.81720047999994, 0.0 ], [ -50.928918974999931, -17.817199222999932, 0.0 ], [ -50.928918707999969, -17.81719804599993, 0.0 ], [ -50.928918440999951, -17.817196922999926, 0.0 ], [ -50.928918173999932, -17.817195827999967, 0.0 ], [ -50.928917818999935, -17.817194387999962, 0.0 ], [ -50.928917460999969, -17.81719295299996, 0.0 ], [ -50.928917101999957, -17.817191521999973, 0.0 ], [ -50.928916739999977, -17.817190095999933, 0.0 ], [ -50.928916375999961, -17.817188674999954, 0.0 ], [ -50.928916010999956, -17.817187257999933, 0.0 ], [ -50.928915642999982, -17.817185845999973, 0.0 ], [ -50.928915273999962, -17.817184438999959, 0.0 ], [ -50.928914901999974, -17.81718303599996, 0.0 ], [ -50.92891452799995, -17.817181637999965, 0.0 ], [ -50.928914152999937, -17.817180243999928, 0.0 ], [ -50.928913775999945, -17.817178855999941, 0.0 ], [ -50.928913395999984, -17.817177471999969, 0.0 ], [ -50.928913014999978, -17.817176091999954, 0.0 ], [ -50.928912631999935, -17.817174716999943, 0.0 ], [ -50.928912245999982, -17.817173347999926, 0.0 ], [ -50.928911858999982, -17.817171981999934, 0.0 ], [ -50.928911469999946, -17.817170620999946, 0.0 ], [ -50.928911077999942, -17.817169265999951, 0.0 ], [ -50.928910684999948, -17.817167913999981, 0.0 ], [ -50.928910289999976, -17.817166566999958, 0.0 ], [ -50.928909892999968, -17.81716522499994, 0.0 ], [ -50.928909493999981, -17.817163887999982, 0.0 ], [ -50.928909091999969, -17.817162553999935, 0.0 ], [ -50.928908689999957, -17.817161225999939, 0.0 ], [ -50.928908283999931, -17.817159902999947, 0.0 ], [ -50.928907876999972, -17.817158583999969, 0.0 ], [ -50.928907468999967, -17.817157269999939, 0.0 ], [ -50.928907057999936, -17.817155960999969, 0.0 ], [ -50.928906644999984, -17.817154654999968, 0.0 ], [ -50.928906230999985, -17.817153354999959, 0.0 ], [ -50.928905813999961, -17.817152058999966, 0.0 ], [ -50.928905395999948, -17.817150767999976, 0.0 ], [ -50.928904974999966, -17.817149481999934, 0.0 ], [ -50.928904552999938, -17.817148199999963, 0.0 ], [ -50.928904128999932, -17.817146922999939, 0.0 ], [ -50.928903701999957, -17.817145649999929, 0.0 ], [ -50.928903273999936, -17.817144381999981, 0.0 ], [ -50.928902843999936, -17.817143118999979, 0.0 ], [ -50.928902411999957, -17.817141859999936, 0.0 ], [ -50.928901977999942, -17.817140605999953, 0.0 ], [ -50.928901542999938, -17.817139356999974, 0.0 ], [ -50.928901103999976, -17.817138111999952, 0.0 ], [ -50.928900664999958, -17.817136871999935, 0.0 ], [ -50.928900222999971, -17.817135635999932, 0.0 ], [ -50.928899779999938, -17.817134404999933, 0.0 ], [ -50.928899333999937, -17.817133178999939, 0.0 ], [ -50.928898886999946, -17.817131956999958, 0.0 ], [ -50.928898437999976, -17.817130739999982, 0.0 ], [ -50.928897986999971, -17.817129527999953, 0.0 ], [ -50.928897533999987, -17.817128318999949, 0.0 ], [ -50.928897078999967, -17.817127115999938, 0.0 ], [ -50.928896621999968, -17.817125916999942, 0.0 ], [ -50.92889616399998, -17.817124722999949, 0.0 ], [ -50.928895702999966, -17.817123533999961, 0.0 ], [ -50.928895240999964, -17.817122348999931, 0.0 ], [ -50.928894775999936, -17.817121168999961, 0.0 ], [ -50.928894310999965, -17.817119992999949, 0.0 ], [ -50.928893841999979, -17.817118821999941, 0.0 ], [ -50.928893372999937, -17.817117655999937, 0.0 ], [ -50.928892899999937, -17.817116493999947, 0.0 ], [ -50.928892426999937, -17.817115335999972, 0.0 ], [ -50.928891950999969, -17.817114182999944, 0.0 ], [ -50.928891473999954, -17.817113034999977, 0.0 ], [ -50.928890994999961, -17.817111891999957, 0.0 ], [ -50.928890512999942, -17.817110752999952, 0.0 ], [ -50.92889003099998, -17.817109617999961, 0.0 ], [ -50.928889545999937, -17.817108488999963, 0.0 ], [ -50.928889058999971, -17.817107362999934, 0.0 ], [ -50.92888856999997, -17.817106241999966, 0.0 ], [ -50.928888079999979, -17.817105126999934, 0.0 ], [ -50.928887587999952, -17.817104014999927, 0.0 ], [ -50.928887093999947, -17.817102907999981, 0.0 ], [ -50.928886597999963, -17.817101805999982, 0.0 ], [ -50.928886099999943, -17.817100707999941, 0.0 ], [ -50.928885599999944, -17.817099614999961, 0.0 ], [ -50.928885098999956, -17.817098526999928, 0.0 ], [ -50.928884594999943, -17.817097442999966, 0.0 ], [ -50.92888408999994, -17.817096362999962, 0.0 ], [ -50.928883582999958, -17.817095287999962, 0.0 ], [ -50.928883073999941, -17.817094217999966, 0.0 ], [ -50.928882562999945, -17.817093151999927, 0.0 ], [ -50.92888205099996, -17.81709209099995, 0.0 ], [ -50.928881536999938, -17.81709103399993, 0.0 ], [ -50.928881020999938, -17.81708998199997, 0.0 ], [ -50.92888050199997, -17.817088933999969, 0.0 ], [ -50.928879982999945, -17.817087890999971, 0.0 ], [ -50.928879460999951, -17.817086852999978, 0.0 ], [ -50.928878937999968, -17.817085817999953, 0.0 ], [ -50.92887841299995, -17.817084789999967, 0.0 ], [ -50.928877885999952, -17.81708376399996, 0.0 ], [ -50.928877356999976, -17.817082743999947, 0.0 ], [ -50.928876825999964, -17.817081727999948, 0.0 ], [ -50.928876293999963, -17.817080716999953, 0.0 ], [ -50.928875758999936, -17.817079710999963, 0.0 ], [ -50.928875223999967, -17.817078708999929, 0.0 ], [ -50.928874684999982, -17.817077710999968, 0.0 ], [ -50.928874145999941, -17.817076717999953, 0.0 ], [ -50.928873604999978, -17.817075728999953, 0.0 ], [ -50.928873060999933, -17.817074745999946, 0.0 ], [ -50.928872515999956, -17.817073765999965, 0.0 ], [ -50.928871968999943, -17.81707279099993, 0.0 ], [ -50.92887142099994, -17.817071820999956, 0.0 ], [ -50.928870869999969, -17.81707085499994, 0.0 ], [ -50.928870317999952, -17.817069892999939, 0.0 ], [ -50.928869763999955, -17.817068936999931, 0.0 ], [ -50.928869207999981, -17.817067984999937, 0.0 ], [ -50.928868650999959, -17.817067036999958, 0.0 ], [ -50.928868091999959, -17.817066093999927, 0.0 ], [ -50.92886753099998, -17.817065154999966, 0.0 ], [ -50.928866967999966, -17.817064220999953, 0.0 ], [ -50.928866403999962, -17.817063291999943, 0.0 ], [ -50.928865836999933, -17.817062365999959, 0.0 ], [ -50.928865268999971, -17.817061445999968, 0.0 ], [ -50.928864698999973, -17.817060529999935, 0.0 ], [ -50.92886412699994, -17.817059617999973, 0.0 ], [ -50.928863553999975, -17.817058710999959, 0.0 ], [ -50.928862978999973, -17.817057808999948, 0.0 ], [ -50.928862401999936, -17.817056910999952, 0.0 ], [ -50.928861822999977, -17.81705601699997, 0.0 ], [ -50.928861242999972, -17.817055127999936, 0.0 ], [ -50.928860661999977, -17.817054243999962, 0.0 ], [ -50.928860077999957, -17.817053362999957, 0.0 ], [ -50.928859491999958, -17.817052487999945, 0.0 ], [ -50.92885890499997, -17.817051615999958, 0.0 ], [ -50.928858314999957, -17.817050749999964, 0.0 ], [ -50.928857724999943, -17.817049887999929, 0.0 ], [ -50.928857131999962, -17.817049030999954, 0.0 ], [ -50.928856537999934, -17.817048176999947, 0.0 ], [ -50.928855941999984, -17.817047328999934, 0.0 ], [ -50.928855343999942, -17.817046484999935, 0.0 ], [ -50.928854744999967, -17.81704564599994, 0.0 ], [ -50.928854143999956, -17.81704480999997, 0.0 ], [ -50.928853540999967, -17.817043978999948, 0.0 ], [ -50.928852935999942, -17.817043153999975, 0.0 ], [ -50.928852329999984, -17.817042331999971, 0.0 ], [ -50.92885172299998, -17.817041514999971, 0.0 ], [ -50.928851111999961, -17.817040701999929, 0.0 ], [ -50.928850500999943, -17.817039893999947, 0.0 ], [ -50.928849887999945, -17.81703908999998, 0.0 ], [ -50.928849272999969, -17.81703829099996, 0.0 ], [ -50.928848655999957, -17.817037495999955, 0.0 ], [ -50.928848038999945, -17.817036705999953, 0.0 ], [ -50.928847418999965, -17.817035919999967, 0.0 ], [ -50.928846796999949, -17.817035138999927, 0.0 ], [ -50.928846173999943, -17.817034361999958, 0.0 ], [ -50.928845548999959, -17.817033588999948, 0.0 ], [ -50.928844921999939, -17.817032820999941, 0.0 ], [ -50.928844292999941, -17.817032057999938, 0.0 ], [ -50.928843662999952, -17.81703129899995, 0.0 ], [ -50.928843031999975, -17.817030544999966, 0.0 ], [ -50.928842397999972, -17.81702979399995, 0.0 ], [ -50.928841763999969, -17.817029047999938, 0.0 ], [ -50.928841126999941, -17.817028307999976, 0.0 ], [ -50.928840487999935, -17.817027570999983, 0.0 ], [ -50.928839847999939, -17.817026838999936, 0.0 ], [ -50.928839205999964, -17.817026110999961, 0.0 ], [ -50.928838562999942, -17.817025386999944, 0.0 ], [ -50.928837917999942, -17.817024668999977, 0.0 ], [ -50.928837270999963, -17.817023953999978, 0.0 ], [ -50.928836622999938, -17.817023243999927, 0.0 ], [ -50.928835971999945, -17.817022537999947, 0.0 ], [ -50.928835320999951, -17.81702183699997, 0.0 ], [ -50.928834667999979, -17.817021140999941, 0.0 ], [ -50.928834011999982, -17.817020447999937, 0.0 ], [ -50.928833355999984, -17.817019760999926, 0.0 ], [ -50.928832696999962, -17.817019076999941, 0.0 ], [ -50.928832037999939, -17.817018397999959, 0.0 ], [ -50.928831375999948, -17.817017723999982, 0.0 ], [ -50.928830711999979, -17.817017053999962, 0.0 ], [ -50.928830046999963, -17.817016387999956, 0.0 ], [ -50.928829381999947, -17.817015725999966, 0.0 ], [ -50.928828712999973, -17.817015069999968, 0.0 ], [ -50.928828042999953, -17.817014417999928, 0.0 ], [ -50.928827370999954, -17.817013768999971, 0.0 ], [ -50.928826698999956, -17.817013125999949, 0.0 ], [ -50.928826023999932, -17.817012486999943, 0.0 ], [ -50.928825347999975, -17.817011851999951, 0.0 ], [ -50.928824669999983, -17.817011221999962, 0.0 ], [ -50.928823989999955, -17.817010595999932, 0.0 ], [ -50.928823308999938, -17.817009973999973, 0.0 ], [ -50.928822626999931, -17.81700935799995, 0.0 ], [ -50.928821941999956, -17.817008744999953, 0.0 ], [ -50.928821255999935, -17.817008136999959, 0.0 ], [ -50.928820567999935, -17.81700753299998, 0.0 ], [ -50.928819878999946, -17.817006932999959, 0.0 ], [ -50.928819187999977, -17.817006338999931, 0.0 ], [ -50.928818495999963, -17.817005747999929, 0.0 ], [ -50.92881780099998, -17.81700516199993, 0.0 ], [ -50.92881710599994, -17.817004579999946, 0.0 ], [ -50.928816408999978, -17.817004003999955, 0.0 ], [ -50.928815709999981, -17.817003429999943, 0.0 ], [ -50.928815008999948, -17.817002860999935, 0.0 ], [ -50.928814306999982, -17.817002296999931, 0.0 ], [ -50.92881360399997, -17.817001736999941, 0.0 ], [ -50.928812898999979, -17.817001181999956, 0.0 ], [ -50.928812191999953, -17.817000630999928, 0.0 ], [ -50.928811483999937, -17.817000084999961, 0.0 ], [ -50.928810772999952, -17.816999542999952, 0.0 ], [ -50.928810061999968, -17.816999004999957, 0.0 ], [ -50.928809348999948, -17.816998471999966, 0.0 ], [ -50.928808634999939, -17.816997942999933, 0.0 ], [ -50.928807917999961, -17.816997417999971, 0.0 ], [ -50.928807200999984, -17.816996896999967, 0.0 ], [ -50.928806480999981, -17.816996381999957, 0.0 ], [ -50.928805759999932, -17.816995869999971, 0.0 ], [ -50.92880503799995, -17.816995363999979, 0.0 ], [ -50.928804313999933, -17.816994860999955, 0.0 ], [ -50.928803587999937, -17.816994362999935, 0.0 ], [ -50.928802860999951, -17.81699386899993, 0.0 ], [ -50.92880213199993, -17.816993378999939, 0.0 ], [ -50.928801401999976, -17.816992893999952, 0.0 ], [ -50.92880066999993, -17.81699241299998, 0.0 ], [ -50.928799936999951, -17.816991935999965, 0.0 ], [ -50.928799201999936, -17.816991463999955, 0.0 ], [ -50.928798465999932, -17.816990995999959, 0.0 ], [ -50.92879772699996, -17.816990532999966, 0.0 ], [ -50.928796987999931, -17.816990073999932, 0.0 ], [ -50.92879624699998, -17.816989618999969, 0.0 ], [ -50.928795504999982, -17.816989169999943, 0.0 ], [ -50.92879475999996, -17.816988723999941, 0.0 ], [ -50.928794014999937, -17.816988280999965, 0.0 ], [ -50.928793267999936, -17.816987844999971, 0.0 ], [ -50.928792518999956, -17.816987410999957, 0.0 ], [ -50.928791768999986, -17.816986983999982, 0.0 ], [ -50.92879101699998, -17.816986558999929, 0.0 ], [ -50.928790263999986, -17.816986138999937, 0.0 ], [ -50.928789508999955, -17.816985723999949, 0.0 ], [ -50.928788751999946, -17.816985312999975, 0.0 ], [ -50.928787994999936, -17.816984905999959, 0.0 ], [ -50.928787234999959, -17.816984502999958, 0.0 ], [ -50.928786474999981, -17.81698410499996, 0.0 ], [ -50.928785712999968, -17.816983711999967, 0.0 ], [ -50.928784947999986, -17.816983321999942, 0.0 ], [ -50.928784182999948, -17.816982936999977, 0.0 ], [ -50.928783415999931, -17.816982555999971, 0.0 ], [ -50.928782647999981, -17.816982179999968, 0.0 ], [ -50.928781877999938, -17.81698180799998, 0.0 ], [ -50.928781106999963, -17.81698143999995, 0.0 ], [ -50.928780333999953, -17.81698107699998, 0.0 ], [ -50.928779558999963, -17.816980717999968, 0.0 ], [ -50.928778783999974, -17.816980362999971, 0.0 ], [ -50.928778005999959, -17.816980011999931, 0.0 ], [ -50.928777227999944, -17.816979666999941, 0.0 ], [ -50.928776447999951, -17.816979324999977, 0.0 ], [ -50.928775665999979, -17.81697898699997, 0.0 ], [ -50.928774881999971, -17.816978653999968, 0.0 ], [ -50.928774097999963, -17.81697832499998, 0.0 ], [ -50.928773311999976, -17.816978000999939, 0.0 ], [ -50.928772524999943, -17.816977680999969, 0.0 ], [ -50.928771734999941, -17.816977364999957, 0.0 ], [ -50.92877094399995, -17.81697705299996, 0.0 ], [ -50.928770152999959, -17.816976745999966, 0.0 ], [ -50.928769358999944, -17.81697644299993, 0.0 ], [ -50.928768564999984, -17.816976144999956, 0.0 ], [ -50.928767766999954, -17.816975849999949, 0.0 ], [ -50.928752637999935, -17.816954106999958, 0.0 ], [ -50.928750156999968, -17.81688844699994, 0.0 ], [ -50.928834989999984, -17.816719200999955, 0.0 ], [ -50.928890164999984, -17.816613236999956, 0.0 ], [ -50.928869164999981, -17.816526669999973, 0.0 ], [ -50.928809188999935, -17.81643500399997, 0.0 ], [ -50.928813179999963, -17.816348485999981, 0.0 ], [ -50.928859871999975, -17.816298260999929, 0.0 ], [ -50.928947197999946, -17.816307306999931, 0.0 ], [ -50.928996990999963, -17.816272355999956, 0.0 ], [ -50.928976639999973, -17.816192072999968, 0.0 ], [ -50.928883054999972, -17.816092176999973, 0.0 ], [ -50.928713184999935, -17.815973592999967, 0.0 ], [ -50.928484804999982, -17.815829329999929, 0.0 ], [ -50.928334138999958, -17.815683835999948, 0.0 ], [ -50.928273009999941, -17.815602161999948, 0.0 ], [ -50.92824223599996, -17.815507306999962, 0.0 ], [ -50.92801910299994, -17.815354813999932, 0.0 ], [ -50.927809319999938, -17.81518493599998, 0.0 ], [ -50.927732341999956, -17.815041647999976, 0.0 ], [ -50.927755892999983, -17.814766231999954, 0.0 ], [ -50.927845092999974, -17.814538958999947, 0.0 ], [ -50.927949051999974, -17.814386039999931, 0.0 ], [ -50.928044282999963, -17.814338183999951, 0.0 ], [ -50.927890293999951, -17.814221138999926, 0.0 ], [ -50.927184907999958, -17.813715805999948, 0.0 ], [ -50.926886555999943, -17.813502067999934, 0.0 ], [ -50.926812797999958, -17.813463706999983, 0.0 ], [ -50.926220781999973, -17.813068075999979, 0.0 ], [ -50.926190769999948, -17.813093397999978, 0.0 ], [ -50.925174768999966, -17.813636010999971, 0.0 ], [ -50.924696831999938, -17.813901023999961, 0.0 ], [ -50.924436896999964, -17.814056033999975, 0.0 ], [ -50.923664214999974, -17.814480127999957, 0.0 ], [ -50.923353862999932, -17.814642086999982, 0.0 ], [ -50.922876920999954, -17.814910882999982, 0.0 ] ] ] ] } },
{ "type": "Feature", "properties": { "OID_": 0, "Name": "Placemark", "FolderPath": "Document", "SymbolID": 0, "AltMode": 0, "Base": 0.0, "Clamped": -1, "Extruded": 0, "Snippet": null, "PopupInfo": "<html xmlns:fo=\"http://www.w3.org/1999/XSL/Format\" xmlns:msxsl=\"urn:schemas-microsoft-com:xslt\"><head><META http-equiv=\"Content-Type\" content=\"text/html\"><meta http-equiv=\"content-type\" content=\"text/html; charset=UTF-8\"></head><body style=\"margin:0px 0p", "Shape_Leng": 0.02302742274, "Shape_Area": 3.339083e-05 }, "geometry": { "type": "MultiPolygon", "coordinates": [ [ [ [ -50.952900094999961, -17.806321920999949, 0.0 ], [ -50.952855675999956, -17.806225379999944, 0.0 ], [ -50.952490809999972, -17.805941377999943, 0.0 ], [ -50.950881503999938, -17.804639227999928, 0.0 ], [ -50.950795012999947, -17.804574510999942, 0.0 ], [ -50.950597517999938, -17.804768359999969, 0.0 ], [ -50.949965763999955, -17.805369313999961, 0.0 ], [ -50.949238544999957, -17.80598793799993, 0.0 ], [ -50.949178052999969, -17.806111262999934, 0.0 ], [ -50.948304836999966, -17.807648829999948, 0.0 ], [ -50.947429806999935, -17.809151737999969, 0.0 ], [ -50.946986402999983, -17.809918349999975, 0.0 ], [ -50.946800965999955, -17.810004935999928, 0.0 ], [ -50.946642761999954, -17.809963489999973, 0.0 ], [ -50.94710149399998, -17.810717512999929, 0.0 ], [ -50.947334706999982, -17.810834564999936, 0.0 ], [ -50.947390141999961, -17.810882871999979, 0.0 ], [ -50.947547482999937, -17.811015239999961, 0.0 ], [ -50.947710017999952, -17.811216601999945, 0.0 ], [ -50.947828715999947, -17.811372263999942, 0.0 ], [ -50.94799454799994, -17.811518128999978, 0.0 ], [ -50.948100939999961, -17.811583712999948, 0.0 ], [ -50.948399759999973, -17.811742572999947, 0.0 ], [ -50.948724689999949, -17.81198608699998, 0.0 ], [ -50.948803835999968, -17.812026367999977, 0.0 ], [ -50.948933204999946, -17.812072163999972, 0.0 ], [ -50.949174311999968, -17.812118742999928, 0.0 ], [ -50.949386843999946, -17.812141104999967, 0.0 ], [ -50.949572670999942, -17.81234907299995, 0.0 ], [ -50.949659133999944, -17.812380393999945, 0.0 ], [ -50.949737396999979, -17.812410077999971, 0.0 ], [ -50.949828454999931, -17.812428473999944, 0.0 ], [ -50.950238403999947, -17.812553673999957, 0.0 ], [ -50.950338563999935, -17.812596747999976, 0.0 ], [ -50.950582657999973, -17.812808200999939, 0.0 ], [ -50.950722462999977, -17.812855527999943, 0.0 ], [ -50.950804378999976, -17.812875510999959, 0.0 ], [ -50.950983130999987, -17.812698233999981, 0.0 ], [ -50.951158383999939, -17.812649545999932, 0.0 ], [ -50.951342125999986, -17.812562954999976, 0.0 ], [ -50.95150042299997, -17.81250072399996, 0.0 ], [ -50.951644593999958, -17.81241683099995, 0.0 ], [ -50.951785962999963, -17.812240886999973, 0.0 ], [ -50.952037549999943, -17.81211370099993, 0.0 ], [ -50.95232300899994, -17.812151673999949, 0.0 ], [ -50.952419095999971, -17.81219772299994, 0.0 ], [ -50.953187643999968, -17.810236678999956, 0.0 ], [ -50.953088233999949, -17.809933426999976, 0.0 ], [ -50.952874269999938, -17.809094356999935, 0.0 ], [ -50.952694744999974, -17.808207373999949, 0.0 ], [ -50.952643928999976, -17.807986438999933, 0.0 ], [ -50.952677923999943, -17.807690799999932, 0.0 ], [ -50.952762881999945, -17.807054043999926, 0.0 ], [ -50.952824056999987, -17.806576474999929, 0.0 ], [ -50.952900094999961, -17.806321920999949, 0.0 ] ] ] ] } },
{ "type": "Feature", "properties": { "OID_": 0, "Name": "Placemark", "FolderPath": "Document", "SymbolID": 0, "AltMode": 0, "Base": 0.0, "Clamped": -1, "Extruded": 0, "Snippet": null, "PopupInfo": "<html xmlns:fo=\"http://www.w3.org/1999/XSL/Format\" xmlns:msxsl=\"urn:schemas-microsoft-com:xslt\"><head><META http-equiv=\"Content-Type\" content=\"text/html\"><meta http-equiv=\"content-type\" content=\"text/html; charset=UTF-8\"></head><body style=\"margin:0px 0p", "Shape_Leng": 0.00773850099, "Shape_Area": 3.46381e-06 }, "geometry": { "type": "MultiPolygon", "coordinates": [ [ [ [ -50.940038443999981, -17.80726737599997, 0.0 ], [ -50.940283974999943, -17.807518538999943, 0.0 ], [ -50.940866121999932, -17.808108372999982, 0.0 ], [ -50.941104324999969, -17.808348289999969, 0.0 ], [ -50.94261606699996, -17.806090572999949, 0.0 ], [ -50.94115015999995, -17.805640984999968, 0.0 ], [ -50.940038443999981, -17.80726737599997, 0.0 ] ] ] ] } },
{ "type": "Feature", "properties": { "OID_": 0, "Name": "Placemark", "FolderPath": "Document", "SymbolID": 0, "AltMode": 0, "Base": 0.0, "Clamped": -1, "Extruded": 0, "Snippet": null, "PopupInfo": "<html xmlns:fo=\"http://www.w3.org/1999/XSL/Format\" xmlns:msxsl=\"urn:schemas-microsoft-com:xslt\"><head><META http-equiv=\"Content-Type\" content=\"text/html\"><meta http-equiv=\"content-type\" content=\"text/html; charset=UTF-8\"></head><body style=\"margin:0px 0p", "Shape_Leng": 0.0285590522, "Shape_Area": 3.563976e-05 }, "geometry": { "type": "MultiPolygon", "coordinates": [ [ [ [ -50.910702058999959, -17.777162866999959, 0.0 ], [ -50.910508304999951, -17.776962504999972, 0.0 ], [ -50.910011216999976, -17.776449990999936, 0.0 ], [ -50.909490521999942, -17.775907669999981, 0.0 ], [ -50.909073187999979, -17.77546766599994, 0.0 ], [ -50.908647108999958, -17.775040995999973, 0.0 ], [ -50.908259197999939, -17.774636856999962, 0.0 ], [ -50.908172559999969, -17.774545533999969, 0.0 ], [ -50.907852030999948, -17.774211196999943, 0.0 ], [ -50.907707918999961, -17.774060498999972, 0.0 ], [ -50.907436561999987, -17.773777922999955, 0.0 ], [ -50.907241023999973, -17.773568943999976, 0.0 ], [ -50.907045531999984, -17.773364833999949, 0.0 ], [ -50.906633170999953, -17.772939675999964, 0.0 ], [ -50.906212785999969, -17.772507839999946, 0.0 ], [ -50.905801448999966, -17.772085885999957, 0.0 ], [ -50.905342572999984, -17.771613554999931, 0.0 ], [ -50.905331002999958, -17.771601620999945, 0.0 ], [ -50.904501803999949, -17.770744056999945, 0.0 ], [ -50.903864170999952, -17.770095785999956, 0.0 ], [ -50.903208337999956, -17.770797956999957, 0.0 ], [ -50.902755013999979, -17.771344409999926, 0.0 ], [ -50.90187788999998, -17.77217135199993, 0.0 ], [ -50.901396567999939, -17.772641849999957, 0.0 ], [ -50.900828359999934, -17.77324619999996, 0.0 ], [ -50.899726224999938, -17.774422987999969, 0.0 ], [ -50.899805750999974, -17.774444656999947, 0.0 ], [ -50.901687589999938, -17.775081204999935, 0.0 ], [ -50.901755341999944, -17.775104219999946, 0.0 ], [ -50.902236476999974, -17.775267018999955, 0.0 ], [ -50.90288671899998, -17.775485250999964, 0.0 ], [ -50.903536668999948, -17.775698469999952, 0.0 ], [ -50.904834447999974, -17.776127307999957, 0.0 ], [ -50.905337917999987, -17.77630536099997, 0.0 ], [ -50.907499169999937, -17.777064000999928, 0.0 ], [ -50.907833461999985, -17.777378350999982, 0.0 ], [ -50.908852334999949, -17.778407243999936, 0.0 ], [ -50.90903611799996, -17.778703233999977, 0.0 ], [ -50.910702058999959, -17.777162866999959, 0.0 ] ] ] ] } },
{ "type": "Feature", "properties": { "OID_": 0, "Name": "Placemark", "FolderPath": "Document", "SymbolID": 0, "AltMode": 0, "Base": 0.0, "Clamped": -1, "Extruded": 0, "Snippet": null, "PopupInfo": "<html xmlns:fo=\"http://www.w3.org/1999/XSL/Format\" xmlns:msxsl=\"urn:schemas-microsoft-com:xslt\"><head><META http-equiv=\"Content-Type\" content=\"text/html\"><meta http-equiv=\"content-type\" content=\"text/html; charset=UTF-8\"></head><body style=\"margin:0px 0p", "Shape_Leng": 0.04361859432, "Shape_Area": 7.843452e-05 }, "geometry": { "type": "MultiPolygon", "coordinates": [ [ [ [ -50.943178063999937, -17.799411759999941, 0.0 ], [ -50.941920773999982, -17.799781290999931, 0.0 ], [ -50.941692364999938, -17.799846404999982, 0.0 ], [ -50.941082895999955, -17.80012322999994, 0.0 ], [ -50.940512677999948, -17.800270169999976, 0.0 ], [ -50.940526412999986, -17.800362787999973, 0.0 ], [ -50.93995734899994, -17.80056996299993, 0.0 ], [ -50.939840469999979, -17.800587926999981, 0.0 ], [ -50.939694165999981, -17.800590027999931, 0.0 ], [ -50.93958708599996, -17.80056267599997, 0.0 ], [ -50.939443283999935, -17.800570428999947, 0.0 ], [ -50.939325751999945, -17.800612736999938, 0.0 ], [ -50.939311519999933, -17.800861227999974, 0.0 ], [ -50.939356978999967, -17.800822417999939, 0.0 ], [ -50.939671230999977, -17.80090265399997, 0.0 ], [ -50.939983173999963, -17.801128004999953, 0.0 ], [ -50.94057315699996, -17.801550536999969, 0.0 ], [ -50.940867013999934, -17.801777288999972, 0.0 ], [ -50.941064801999971, -17.801934376999952, 0.0 ], [ -50.941635529999985, -17.802484147999962, 0.0 ], [ -50.941923444999986, -17.803904347999946, 0.0 ], [ -50.941865763999942, -17.803979054999957, 0.0 ], [ -50.941858956999965, -17.804053776999979, 0.0 ], [ -50.941882674999931, -17.804125257999942, 0.0 ], [ -50.941892824999968, -17.804199984999968, 0.0 ], [ -50.941889413999945, -17.80426171299996, 0.0 ], [ -50.941872424999985, -17.804355924999982, 0.0 ], [ -50.94183848199998, -17.804443633999938, 0.0 ], [ -50.941794371999947, -17.804502100999969, 0.0 ], [ -50.941729915999986, -17.80455081499997, 0.0 ], [ -50.941668857999957, -17.804580035999948, 0.0 ], [ -50.941601013999957, -17.804619001999981, 0.0 ], [ -50.941536561999953, -17.804657968999948, 0.0 ], [ -50.941533151999977, -17.804713198999934, 0.0 ], [ -50.941580613999975, -17.804774941999938, 0.0 ], [ -50.941784058999986, -17.804927698999961, 0.0 ], [ -50.941892553999935, -17.805038192999973, 0.0 ], [ -50.941973910999934, -17.80516492199996, 0.0 ], [ -50.942075599999953, -17.805346888999964, 0.0 ], [ -50.942207820999954, -17.80550612299993, 0.0 ], [ -50.942434983999931, -17.805736858999978, 0.0 ], [ -50.942560431999937, -17.805863600999942, 0.0 ], [ -50.94261606699996, -17.806090572999949, 0.0 ], [ -50.942885927999953, -17.806172338999943, 0.0 ], [ -50.943048699999963, -17.806250358999932, 0.0 ], [ -50.943167375999963, -17.80634460999994, 0.0 ], [ -50.943252137999934, -17.80643235499997, 0.0 ], [ -50.943292811999981, -17.806516836999947, 0.0 ], [ -50.943367375999969, -17.806676052999933, 0.0 ], [ -50.943424996999966, -17.806793027999959, 0.0 ], [ -50.943502974999944, -17.806887267999969, 0.0 ], [ -50.94363180299996, -17.807056245999945, 0.0 ], [ -50.943706383999938, -17.80716672899996, 0.0 ], [ -50.943826047999949, -17.807397679999951, 0.0 ], [ -50.94407601599994, -17.807626558999971, 0.0 ], [ -50.944526296999982, -17.808008990999951, 0.0 ], [ -50.944800201999954, -17.808295495999971, 0.0 ], [ -50.944943709999961, -17.808453435999979, 0.0 ], [ -50.945231411999941, -17.808723268999927, 0.0 ], [ -50.945568962999971, -17.809018902999981, 0.0 ], [ -50.945814849999977, -17.809208105999971, 0.0 ], [ -50.946068809999986, -17.809389432999978, 0.0 ], [ -50.946241405999956, -17.809539600999926, 0.0 ], [ -50.946642761999954, -17.809963489999973, 0.0 ], [ -50.946800965999955, -17.810004935999928, 0.0 ], [ -50.946986402999983, -17.809918349999975, 0.0 ], [ -50.947429806999935, -17.809151737999969, 0.0 ], [ -50.948304836999966, -17.807648829999948, 0.0 ], [ -50.949178052999969, -17.806111262999934, 0.0 ], [ -50.949238544999957, -17.80598793799993, 0.0 ], [ -50.948930474999941, -17.805565168999976, 0.0 ], [ -50.948127614999976, -17.80417456899994, 0.0 ], [ -50.947669651999945, -17.803093479999973, 0.0 ], [ -50.948608545999946, -17.803082612999958, 0.0 ], [ -50.950420803999975, -17.802454583999975, 0.0 ], [ -50.950910599999986, -17.802377873999944, 0.0 ], [ -50.951214797999967, -17.802245390999929, 0.0 ], [ -50.951437772999952, -17.802087978999964, 0.0 ], [ -50.951923482999973, -17.801811322999981, 0.0 ], [ -50.952311768999948, -17.801620426999932, 0.0 ], [ -50.952576859999965, -17.801463458999933, 0.0 ], [ -50.952806659999965, -17.801321128999973, 0.0 ], [ -50.95282932799995, -17.801180183999975, 0.0 ], [ -50.952470795999943, -17.800714778999975, 0.0 ], [ -50.95171400199996, -17.800150192999979, 0.0 ], [ -50.95072761299997, -17.79930238999998, 0.0 ], [ -50.950020765999966, -17.798714851999932, 0.0 ], [ -50.949158025999964, -17.797970631999931, 0.0 ], [ -50.949501432999966, -17.797904114999938, 0.0 ], [ -50.949387039999976, -17.797417186999951, 0.0 ], [ -50.94916640799994, -17.797477818999937, 0.0 ], [ -50.948806371999979, -17.797590690999982, 0.0 ], [ -50.948736912999948, -17.797607365999966, 0.0 ], [ -50.948477518999937, -17.79766964099997, 0.0 ], [ -50.947729175999939, -17.79789565599998, 0.0 ], [ -50.947832766999966, -17.798024345999977, 0.0 ], [ -50.947178249999979, -17.798205314999962, 0.0 ], [ -50.946350817999985, -17.798403054999937, 0.0 ], [ -50.945191780999949, -17.798760956999956, 0.0 ], [ -50.944985113999962, -17.798802231999957, 0.0 ], [ -50.944379476999984, -17.798980446999963, 0.0 ], [ -50.94438523599996, -17.798999626999944, 0.0 ], [ -50.944359070999951, -17.79901319499993, 0.0 ], [ -50.943789067999944, -17.799232735999965, 0.0 ], [ -50.943378721999977, -17.799375348999945, 0.0 ], [ -50.943178063999937, -17.799411759999941, 0.0 ] ] ] ] } },
{ "type": "Feature", "properties": { "OID_": 0, "Name": "Placemark", "FolderPath": "Document", "SymbolID": 0, "AltMode": 0, "Base": 0.0, "Clamped": -1, "Extruded": 0, "Snippet": null, "PopupInfo": "<html xmlns:fo=\"http://www.w3.org/1999/XSL/Format\" xmlns:msxsl=\"urn:schemas-microsoft-com:xslt\"><head><META http-equiv=\"Content-Type\" content=\"text/html\"><meta http-equiv=\"content-type\" content=\"text/html; charset=UTF-8\"></head><body style=\"margin:0px 0p", "Shape_Leng": 0.01794602378, "Shape_Area": 2.020304e-05 }, "geometry": { "type": "MultiPolygon", "coordinates": [ [ [ [ -50.96268073899995, -17.79473412699997, 0.0 ], [ -50.962364292999951, -17.794757183999934, 0.0 ], [ -50.961485421999953, -17.794839713999977, 0.0 ], [ -50.959928736999984, -17.795153177999964, 0.0 ], [ -50.959343296999975, -17.795281707999948, 0.0 ], [ -50.959967817999939, -17.800006420999978, 0.0 ], [ -50.963163746999953, -17.799674762999928, 0.0 ], [ -50.964287481999975, -17.79484238699996, 0.0 ], [ -50.96383519699998, -17.794741782999949, 0.0 ], [ -50.963206015999958, -17.794718332999935, 0.0 ], [ -50.96268073899995, -17.79473412699997, 0.0 ] ] ] ] } },
{ "type": "Feature", "properties": { "OID_": 0, "Name": "Placemark", "FolderPath": "Document", "SymbolID": 0, "AltMode": 0, "Base": 0.0, "Clamped": -1, "Extruded": 0, "Snippet": null, "PopupInfo": "<html xmlns:fo=\"http://www.w3.org/1999/XSL/Format\" xmlns:msxsl=\"urn:schemas-microsoft-com:xslt\"><head><META http-equiv=\"Content-Type\" content=\"text/html\"><meta http-equiv=\"content-type\" content=\"text/html; charset=UTF-8\"></head><body style=\"margin:0px 0p", "Shape_Leng": 0.0129087077, "Shape_Area": 7.74558e-06 }, "geometry": { "type": "MultiPolygon", "coordinates": [ [ [ [ -50.895973750999985, -17.779499723999947, 0.0 ], [ -50.896789340999931, -17.780126386999939, 0.0 ], [ -50.897690472999955, -17.778820112999938, 0.0 ], [ -50.898063432999948, -17.778579494999974, 0.0 ], [ -50.898970935999955, -17.778243349999968, 0.0 ], [ -50.899317709999934, -17.77823790399998, 0.0 ], [ -50.899321719999932, -17.778105401999937, 0.0 ], [ -50.899336782999967, -17.777937670999961, 0.0 ], [ -50.899357650999946, -17.77780396199995, 0.0 ], [ -50.899383311999941, -17.777670567999962, 0.0 ], [ -50.899410953999961, -17.777537389999964, 0.0 ], [ -50.89942463999995, -17.777470849999929, 0.0 ], [ -50.899444011999947, -17.777371064999954, 0.0 ], [ -50.899463440999966, -17.777254639999967, 0.0 ], [ -50.899483586999963, -17.777054840999938, 0.0 ], [ -50.899484676999975, -17.776924380999958, 0.0 ], [ -50.899475674999962, -17.776780643999928, 0.0 ], [ -50.899461835999944, -17.776662895999948, 0.0 ], [ -50.899441187999969, -17.776531944999931, 0.0 ], [ -50.899419168999941, -17.776414011999975, 0.0 ], [ -50.899400588999981, -17.776322252999933, 0.0 ], [ -50.899378584999965, -17.776217366999958, 0.0 ], [ -50.89933739099996, -17.776052912999944, 0.0 ], [ -50.899262900999986, -17.775851445999933, 0.0 ], [ -50.899107022999942, -17.775656432999938, 0.0 ], [ -50.898853093999946, -17.775411475999931, 0.0 ], [ -50.897832599999958, -17.776550077999957, 0.0 ], [ -50.896357644999966, -17.778251710999939, 0.0 ], [ -50.895573161999948, -17.77914749699994, 0.0 ], [ -50.895973750999985, -17.779499723999947, 0.0 ] ] ] ] } },
{ "type": "Feature", "properties": { "OID_": 0, "Name": "Placemark", "FolderPath": "Document", "SymbolID": 0, "AltMode": 0, "Base": 0.0, "Clamped": -1, "Extruded": 0, "Snippet": null, "PopupInfo": "<html xmlns:fo=\"http://www.w3.org/1999/XSL/Format\" xmlns:msxsl=\"urn:schemas-microsoft-com:xslt\"><head><META http-equiv=\"Content-Type\" content=\"text/html\"><meta http-equiv=\"content-type\" content=\"text/html; charset=UTF-8\"></head><body style=\"margin:0px 0p", "Shape_Leng": 0.01309968516, "Shape_Area": 5.28149e-06 }, "geometry": { "type": "MultiPolygon", "coordinates": [ [ [ [ -50.923993166999935, -17.811387466999975, 0.0 ], [ -50.92455945599994, -17.810925220999934, 0.0 ], [ -50.923876264999933, -17.810167285999967, 0.0 ], [ -50.923938457999952, -17.809653253999954, 0.0 ], [ -50.92439961599996, -17.809302291999927, 0.0 ], [ -50.922639137999965, -17.809581188999971, 0.0 ], [ -50.922700093999936, -17.809712442999967, 0.0 ], [ -50.922740686999987, -17.809799848999944, 0.0 ], [ -50.922794083999975, -17.809918195999956, 0.0 ], [ -50.922835028999941, -17.810029094999948, 0.0 ], [ -50.92287076599996, -17.810183925999979, 0.0 ], [ -50.922884588999977, -17.81034194199998, 0.0 ], [ -50.922878478999962, -17.810472996999977, 0.0 ], [ -50.922860238999931, -17.81059632299997, 0.0 ], [ -50.922812504999968, -17.810760560999938, 0.0 ], [ -50.922706690999973, -17.810972868999954, 0.0 ], [ -50.922563533999949, -17.811197773999936, 0.0 ], [ -50.922469103999958, -17.811350308999977, 0.0 ], [ -50.922352451999984, -17.811544578999928, 0.0 ], [ -50.922189465999963, -17.811828328999979, 0.0 ], [ -50.922114979999947, -17.811969011999963, 0.0 ], [ -50.922065298999939, -17.812091413999951, 0.0 ], [ -50.922017445999984, -17.812250224999957, 0.0 ], [ -50.921985664999966, -17.812445599999933, 0.0 ], [ -50.921980000999952, -17.812544371999934, 0.0 ], [ -50.921980781999935, -17.812608815999965, 0.0 ], [ -50.921989253999982, -17.812741904999939, 0.0 ], [ -50.922004128999959, -17.812839793999956, 0.0 ], [ -50.92202661999994, -17.812939809999932, 0.0 ], [ -50.922053834999986, -17.81304339999997, 0.0 ], [ -50.922073418999958, -17.813117941999963, 0.0 ], [ -50.922089411999934, -17.813187451999966, 0.0 ], [ -50.92210108699993, -17.81325774499993, 0.0 ], [ -50.922108401999935, -17.813328576999936, 0.0 ], [ -50.92211133099994, -17.813399698999945, 0.0 ], [ -50.922117820999972, -17.813424381999937, 0.0 ], [ -50.922128476999944, -17.813438047999966, 0.0 ], [ -50.922135351999941, -17.813443509999956, 0.0 ], [ -50.922151344999975, -17.813451013999952, 0.0 ], [ -50.922168979999981, -17.81345338899996, 0.0 ], [ -50.922734395999953, -17.813443499999948, 0.0 ], [ -50.92280066099994, -17.813534654999955, 0.0 ], [ -50.923423466999964, -17.813516590999939, 0.0 ], [ -50.923438698999973, -17.813511895999966, 0.0 ], [ -50.92342145899994, -17.81349081999997, 0.0 ], [ -50.923500702999945, -17.813052631999938, 0.0 ], [ -50.922823467999933, -17.81229292699993, 0.0 ], [ -50.923108255999978, -17.81210978699994, 0.0 ], [ -50.923993166999935, -17.811387466999975, 0.0 ] ] ] ] } },
{ "type": "Feature", "properties": { "OID_": 0, "Name": "Placemark", "FolderPath": "Document", "SymbolID": 0, "AltMode": 0, "Base": 0.0, "Clamped": -1, "Extruded": 0, "Snippet": null, "PopupInfo": "<html xmlns:fo=\"http://www.w3.org/1999/XSL/Format\" xmlns:msxsl=\"urn:schemas-microsoft-com:xslt\"><head><META http-equiv=\"Content-Type\" content=\"text/html\"><meta http-equiv=\"content-type\" content=\"text/html; charset=UTF-8\"></head><body style=\"margin:0px 0p", "Shape_Leng": 0.01647768382, "Shape_Area": 9.9586e-06 }, "geometry": { "type": "MultiPolygon", "coordinates": [ [ [ [ -50.894041872999935, -17.779477533999966, 0.0 ], [ -50.894755540999938, -17.780070656999953, 0.0 ], [ -50.895292138999935, -17.779468386999952, 0.0 ], [ -50.895573161999948, -17.77914749699994, 0.0 ], [ -50.896357644999966, -17.778251710999939, 0.0 ], [ -50.897832599999958, -17.776550077999957, 0.0 ], [ -50.898853093999946, -17.775411475999931, 0.0 ], [ -50.89871265499994, -17.775301732999935, 0.0 ], [ -50.898403225999971, -17.775027222999938, 0.0 ], [ -50.898034664999955, -17.774620998999978, 0.0 ], [ -50.897681349999971, -17.77413220699998, 0.0 ], [ -50.897524545999943, -17.773904984999945, 0.0 ], [ -50.89645931299998, -17.775213950999955, 0.0 ], [ -50.894784338999955, -17.777271123999981, 0.0 ], [ -50.895409917999984, -17.777792105999936, 0.0 ], [ -50.894041872999935, -17.779477533999966, 0.0 ] ] ] ] } },
{ "type": "Feature", "properties": { "OID_": 0, "Name": "Placemark", "FolderPath": "Document", "SymbolID": 0, "AltMode": 0, "Base": 0.0, "Clamped": -1, "Extruded": 0, "Snippet": null, "PopupInfo": "<html xmlns:fo=\"http://www.w3.org/1999/XSL/Format\" xmlns:msxsl=\"urn:schemas-microsoft-com:xslt\"><head><META http-equiv=\"Content-Type\" content=\"text/html\"><meta http-equiv=\"content-type\" content=\"text/html; charset=UTF-8\"></head><body style=\"margin:0px 0p", "Shape_Leng": 0.0223875146, "Shape_Area": 1.549058e-05 }, "geometry": { "type": "MultiPolygon", "coordinates": [ [ [ [ -50.905126246999941, -17.783493324999938, 0.0 ], [ -50.90418099599998, -17.783602822999967, 0.0 ], [ -50.903253989999939, -17.783681275999982, 0.0 ], [ -50.90237213599994, -17.783798167999976, 0.0 ], [ -50.900915115999965, -17.783914107999976, 0.0 ], [ -50.900953323999943, -17.784015653999973, 0.0 ], [ -50.900306189999981, -17.784894089999966, 0.0 ], [ -50.901548472999934, -17.78597653199995, 0.0 ], [ -50.902123863999975, -17.786477882999975, 0.0 ], [ -50.902385638999931, -17.786282730999972, 0.0 ], [ -50.902576955999962, -17.78621570599995, 0.0 ], [ -50.904871566999986, -17.785404857999936, 0.0 ], [ -50.905724672999952, -17.78510500699997, 0.0 ], [ -50.906587664999961, -17.784800142999927, 0.0 ], [ -50.907443847999957, -17.784501457999966, 0.0 ], [ -50.908283462999975, -17.784195414999942, 0.0 ], [ -50.908857313999931, -17.783993606999957, 0.0 ], [ -50.909122345999947, -17.78389976699998, 0.0 ], [ -50.909709546999977, -17.783697390999976, 0.0 ], [ -50.910176649999983, -17.78353640399996, 0.0 ], [ -50.910339335999936, -17.783571820999953, 0.0 ], [ -50.910361365999961, -17.783508344999973, 0.0 ], [ -50.910474909999948, -17.783191655999929, 0.0 ], [ -50.910208256999965, -17.783089927999981, 0.0 ], [ -50.910094133999962, -17.783090326999968, 0.0 ], [ -50.909637807999957, -17.783109369999977, 0.0 ], [ -50.908824102999972, -17.78312561499996, 0.0 ], [ -50.906348254999955, -17.783388053999943, 0.0 ], [ -50.906010253999966, -17.783413611999947, 0.0 ], [ -50.905126246999941, -17.783493324999938, 0.0 ] ] ] ] } },
{ "type": "Feature", "properties": { "OID_": 0, "Name": "Placemark", "FolderPath": "Document", "SymbolID": 0, "AltMode": 0, "Base": 0.0, "Clamped": -1, "Extruded": 0, "Snippet": null, "PopupInfo": "<html xmlns:fo=\"http://www.w3.org/1999/XSL/Format\" xmlns:msxsl=\"urn:schemas-microsoft-com:xslt\"><head><META http-equiv=\"Content-Type\" content=\"text/html\"><meta http-equiv=\"content-type\" content=\"text/html; charset=UTF-8\"></head><body style=\"margin:0px 0p", "Shape_Leng": 0.00824030516, "Shape_Area": 3.78893e-06 }, "geometry": { "type": "MultiPolygon", "coordinates": [ [ [ [ -50.91340151199995, -17.779841102999967, 0.0 ], [ -50.91341637499994, -17.780196214999933, 0.0 ], [ -50.913423940999962, -17.780859714999963, 0.0 ], [ -50.91342315299994, -17.781747413999938, 0.0 ], [ -50.913421481999933, -17.782176055999969, 0.0 ], [ -50.913423833999957, -17.782205364999982, 0.0 ], [ -50.913435168999968, -17.78260426199995, 0.0 ], [ -50.913528973999973, -17.782603638999944, 0.0 ], [ -50.913724958999978, -17.782603224999946, 0.0 ], [ -50.913829377999946, -17.782603004999942, 0.0 ], [ -50.91395320099997, -17.782602743999973, 0.0 ], [ -50.914117923999981, -17.782602396999948, 0.0 ], [ -50.914155231999985, -17.782602084999951, 0.0 ], [ -50.914324258999955, -17.782582660999935, 0.0 ], [ -50.914773069999967, -17.782609331999936, 0.0 ], [ -50.91480968299993, -17.78257220699993, 0.0 ], [ -50.914858663999951, -17.782477512999947, 0.0 ], [ -50.914966104999962, -17.782267354999931, 0.0 ], [ -50.914986767999949, -17.782189679999931, 0.0 ], [ -50.915247635999947, -17.78170462099996, 0.0 ], [ -50.915287157999956, -17.781650450999962, 0.0 ], [ -50.915410916999974, -17.781408259999978, 0.0 ], [ -50.915111287999935, -17.781124113999965, 0.0 ], [ -50.914298321999979, -17.780385915999943, 0.0 ], [ -50.914279380999972, -17.780349582999975, 0.0 ], [ -50.913516127999969, -17.779736628999956, 0.0 ], [ -50.913484387999972, -17.779682992999938, 0.0 ], [ -50.91340151199995, -17.779841102999967, 0.0 ] ] ] ] } },
{ "type": "Feature", "properties": { "OID_": 0, "Name": "Placemark", "FolderPath": "Document", "SymbolID": 0, "AltMode": 0, "Base": 0.0, "Clamped": -1, "Extruded": 0, "Snippet": null, "PopupInfo": "<html xmlns:fo=\"http://www.w3.org/1999/XSL/Format\" xmlns:msxsl=\"urn:schemas-microsoft-com:xslt\"><head><META http-equiv=\"Content-Type\" content=\"text/html\"><meta http-equiv=\"content-type\" content=\"text/html; charset=UTF-8\"></head><body style=\"margin:0px 0p", "Shape_Leng": 0.03635984751, "Shape_Area": 6.411596e-05 }, "geometry": { "type": "MultiPolygon", "coordinates": [ [ [ [ -50.915642169999956, -17.774118536999936, 0.0 ], [ -50.915292596999961, -17.774214570999959, 0.0 ], [ -50.915241579999986, -17.774228975999961, 0.0 ], [ -50.914983237999934, -17.774122539999951, 0.0 ], [ -50.914761727999974, -17.774600581999948, 0.0 ], [ -50.914725663999945, -17.774660270999959, 0.0 ], [ -50.914166718999979, -17.774420729999974, 0.0 ], [ -50.91408377099998, -17.774597737999954, 0.0 ], [ -50.914042244999962, -17.774614404999966, 0.0 ], [ -50.913986568999974, -17.774648538999941, 0.0 ], [ -50.913775907999934, -17.774715392999951, 0.0 ], [ -50.913525554999978, -17.774794841999949, 0.0 ], [ -50.913345074999938, -17.774855806999938, 0.0 ], [ -50.91331506399996, -17.774865456999976, 0.0 ], [ -50.913260345999959, -17.774981572999934, 0.0 ], [ -50.913123413999983, -17.774922907999951, 0.0 ], [ -50.913063026999964, -17.774940202999971, 0.0 ], [ -50.912591352999982, -17.77508114099993, 0.0 ], [ -50.912508977999948, -17.775160713999981, 0.0 ], [ -50.91241251799994, -17.775134542999979, 0.0 ], [ -50.912238008999964, -17.775172312999928, 0.0 ], [ -50.912191048999944, -17.775180417999934, 0.0 ], [ -50.911951890999944, -17.776312589999975, 0.0 ], [ -50.911532198999964, -17.778017997999939, 0.0 ], [ -50.911519381999938, -17.778038256999935, 0.0 ], [ -50.911972463999973, -17.778452827999956, 0.0 ], [ -50.912482698999952, -17.778861201999973, 0.0 ], [ -50.912886754999931, -17.77924107399997, 0.0 ], [ -50.912956219999955, -17.779311725999946, 0.0 ], [ -50.913195752999968, -17.779548492999936, 0.0 ], [ -50.913311372999942, -17.779682915999956, 0.0 ], [ -50.91340151199995, -17.779841102999967, 0.0 ], [ -50.913484387999972, -17.779682992999938, 0.0 ], [ -50.913516127999969, -17.779736628999956, 0.0 ], [ -50.914279380999972, -17.780349582999975, 0.0 ], [ -50.914298321999979, -17.780385915999943, 0.0 ], [ -50.915111287999935, -17.781124113999965, 0.0 ], [ -50.915410916999974, -17.781408259999978, 0.0 ], [ -50.915287157999956, -17.781650450999962, 0.0 ], [ -50.915247635999947, -17.78170462099996, 0.0 ], [ -50.914986767999949, -17.782189679999931, 0.0 ], [ -50.914966104999962, -17.782267354999931, 0.0 ], [ -50.914858663999951, -17.782477512999947, 0.0 ], [ -50.91480968299993, -17.78257220699993, 0.0 ], [ -50.914773069999967, -17.782609331999936, 0.0 ], [ -50.915974432999974, -17.782662515999959, 0.0 ], [ -50.916904582999962, -17.783073036999951, 0.0 ], [ -50.917131887999972, -17.783170515999927, 0.0 ], [ -50.918008363999945, -17.783572069999934, 0.0 ], [ -50.918876240999964, -17.783992440999953, 0.0 ], [ -50.919080320999967, -17.783583462999957, 0.0 ], [ -50.920583206999936, -17.783997420999981, 0.0 ], [ -50.920813229999965, -17.783551620999958, 0.0 ], [ -50.920921666999959, -17.783341461999953, 0.0 ], [ -50.921028864999982, -17.783133704999955, 0.0 ], [ -50.92164771399996, -17.783299635999981, 0.0 ], [ -50.921754537999959, -17.78271114599994, 0.0 ], [ -50.921823891999964, -17.78229519599995, 0.0 ], [ -50.921754872999941, -17.782224982999935, 0.0 ], [ -50.92161267299997, -17.78213606099996, 0.0 ], [ -50.92140091899995, -17.781952605999948, 0.0 ], [ -50.920821500999978, -17.781429672999934, 0.0 ], [ -50.920304719999933, -17.78097723999997, 0.0 ], [ -50.920311038999955, -17.780962082999963, 0.0 ], [ -50.920305410999958, -17.780953747999945, 0.0 ], [ -50.919833667999967, -17.780742045999943, 0.0 ], [ -50.919942610999954, -17.779762311999946, 0.0 ], [ -50.920310535999931, -17.777049975999944, 0.0 ], [ -50.920382765999932, -17.776439915999958, 0.0 ], [ -50.920458279999934, -17.775922315999935, 0.0 ], [ -50.920464268999979, -17.775883693999958, 0.0 ], [ -50.920467620999943, -17.775859700999945, 0.0 ], [ -50.920510491999948, -17.775616343999957, 0.0 ], [ -50.920539800999961, -17.775331772999948, 0.0 ], [ -50.92052988599994, -17.775282464999975, 0.0 ], [ -50.919346277999978, -17.774748923999937, 0.0 ], [ -50.919283202999964, -17.774894897999957, 0.0 ], [ -50.919257574999961, -17.774884640999971, 0.0 ], [ -50.919223638999938, -17.774874606999958, 0.0 ], [ -50.919003202999932, -17.774800063999976, 0.0 ], [ -50.918678039999975, -17.774690104999934, 0.0 ], [ -50.918347433999941, -17.774578305999967, 0.0 ], [ -50.918311317999951, -17.774567477999938, 0.0 ], [ -50.91823573299996, -17.774541390999957, 0.0 ], [ -50.917886498999962, -17.774425053999948, 0.0 ], [ -50.917782364999937, -17.774390828999969, 0.0 ], [ -50.91767462599995, -17.774355417999971, 0.0 ], [ -50.917622537999932, -17.774337472999946, 0.0 ], [ -50.917303574999949, -17.774255204999974, 0.0 ], [ -50.917276557999969, -17.774243396999964, 0.0 ], [ -50.917233978999946, -17.774238151999953, 0.0 ], [ -50.917196455999942, -17.77421534399997, 0.0 ], [ -50.917096110999978, -17.774176601999955, 0.0 ], [ -50.916911009999978, -17.774118301999977, 0.0 ], [ -50.916714888999934, -17.77405638099998, 0.0 ], [ -50.916666737999947, -17.77404136399997, 0.0 ], [ -50.916576274999954, -17.774012870999968, 0.0 ], [ -50.916470025999956, -17.773979406999956, 0.0 ], [ -50.91630362099994, -17.773926993999964, 0.0 ], [ -50.91626668899994, -17.773922897999967, 0.0 ], [ -50.916220750999969, -17.774011618999964, 0.0 ], [ -50.916192783999975, -17.774072505999982, 0.0 ], [ -50.916156017999981, -17.774071051999954, 0.0 ], [ -50.916016102999947, -17.774009930999966, 0.0 ], [ -50.915894884999943, -17.774048891999939, 0.0 ], [ -50.915763176999974, -17.77408926499993, 0.0 ], [ -50.915737239999942, -17.774094454999954, 0.0 ], [ -50.915702718999967, -17.774101361999953, 0.0 ], [ -50.915642169999956, -17.774118536999936, 0.0 ] ] ] ] } },
{ "type": "Feature", "properties": { "OID_": 0, "Name": "Placemark", "FolderPath": "Document", "SymbolID": 0, "AltMode": 0, "Base": 0.0, "Clamped": -1, "Extruded": 0, "Snippet": null, "PopupInfo": "<html xmlns:fo=\"http://www.w3.org/1999/XSL/Format\" xmlns:msxsl=\"urn:schemas-microsoft-com:xslt\"><head><META http-equiv=\"Content-Type\" content=\"text/html\"><meta http-equiv=\"content-type\" content=\"text/html; charset=UTF-8\"></head><body style=\"margin:0px 0p", "Shape_Leng": 0.01173417475, "Shape_Area": 5.56318e-06 }, "geometry": { "type": "MultiPolygon", "coordinates": [ [ [ [ -50.909490521999942, -17.775907669999981, 0.0 ], [ -50.909615557999985, -17.775775130999932, 0.0 ], [ -50.910314545999938, -17.77502530199996, 0.0 ], [ -50.910363875999963, -17.774979233999943, 0.0 ], [ -50.910985197999935, -17.774302802999955, 0.0 ], [ -50.911005314999954, -17.774284007999938, 0.0 ], [ -50.911062441999945, -17.774215266999931, 0.0 ], [ -50.911627715999941, -17.773623035999947, 0.0 ], [ -50.91169804499998, -17.773549923999951, 0.0 ], [ -50.911795797999957, -17.773447421999947, 0.0 ], [ -50.911850791999939, -17.773389687999952, 0.0 ], [ -50.912274099999934, -17.772935004999965, 0.0 ], [ -50.912262173999977, -17.772859624999967, 0.0 ], [ -50.912392025999964, -17.772265932999971, 0.0 ], [ -50.912468452999974, -17.771892642999944, 0.0 ], [ -50.912493122999933, -17.771826794999981, 0.0 ], [ -50.91184330599998, -17.771667350999962, 0.0 ], [ -50.911395351999943, -17.772132152999973, 0.0 ], [ -50.910805382999968, -17.77276059299993, 0.0 ], [ -50.910104446999981, -17.773505573999955, 0.0 ], [ -50.909413352999934, -17.774233426999956, 0.0 ], [ -50.908647108999958, -17.775040995999973, 0.0 ], [ -50.909073187999979, -17.77546766599994, 0.0 ], [ -50.909490521999942, -17.775907669999981, 0.0 ] ] ] ] } },
{ "type": "Feature", "properties": { "OID_": 0, "Name": "Placemark", "FolderPath": "Document", "SymbolID": 0, "AltMode": 0, "Base": 0.0, "Clamped": -1, "Extruded": 0, "Snippet": null, "PopupInfo": "<html xmlns:fo=\"http://www.w3.org/1999/XSL/Format\" xmlns:msxsl=\"urn:schemas-microsoft-com:xslt\"><head><META http-equiv=\"Content-Type\" content=\"text/html\"><meta http-equiv=\"content-type\" content=\"text/html; charset=UTF-8\"></head><body style=\"margin:0px 0p", "Shape_Leng": 0.01219959177, "Shape_Area": 6.64691e-06 }, "geometry": { "type": "MultiPolygon", "coordinates": [ [ [ [ -50.911532198999964, -17.778017997999939, 0.0 ], [ -50.911951890999944, -17.776312589999975, 0.0 ], [ -50.912191048999944, -17.775180417999934, 0.0 ], [ -50.912274099999934, -17.772935004999965, 0.0 ], [ -50.911850791999939, -17.773389687999952, 0.0 ], [ -50.911795797999957, -17.773447421999947, 0.0 ], [ -50.91169804499998, -17.773549923999951, 0.0 ], [ -50.911062441999945, -17.774215266999931, 0.0 ], [ -50.911005314999954, -17.774284007999938, 0.0 ], [ -50.910985197999935, -17.774302802999955, 0.0 ], [ -50.910363875999963, -17.774979233999943, 0.0 ], [ -50.910314545999938, -17.77502530199996, 0.0 ], [ -50.909615557999985, -17.775775130999932, 0.0 ], [ -50.909490521999942, -17.775907669999981, 0.0 ], [ -50.910011216999976, -17.776449990999936, 0.0 ], [ -50.910508304999951, -17.776962504999972, 0.0 ], [ -50.910702058999959, -17.777162866999959, 0.0 ], [ -50.911017626999978, -17.777488722999976, 0.0 ], [ -50.911519381999938, -17.778038256999935, 0.0 ], [ -50.911532198999964, -17.778017997999939, 0.0 ] ] ] ] } },
{ "type": "Feature", "properties": { "OID_": 0, "Name": "Placemark", "FolderPath": "Document", "SymbolID": 0, "AltMode": 0, "Base": 0.0, "Clamped": -1, "Extruded": 0, "Snippet": null, "PopupInfo": "<html xmlns:fo=\"http://www.w3.org/1999/XSL/Format\" xmlns:msxsl=\"urn:schemas-microsoft-com:xslt\"><head><META http-equiv=\"Content-Type\" content=\"text/html\"><meta http-equiv=\"content-type\" content=\"text/html; charset=UTF-8\"></head><body style=\"margin:0px 0p", "Shape_Leng": 0.01180164809, "Shape_Area": 6.63557e-06 }, "geometry": { "type": "MultiPolygon", "coordinates": [ [ [ [ -50.910149968999974, -17.771315216999938, 0.0 ], [ -50.910121680999964, -17.771340543999941, 0.0 ], [ -50.909695817999932, -17.771739730999968, 0.0 ], [ -50.909639815999981, -17.77178590699998, 0.0 ], [ -50.908923725999955, -17.77243515999993, 0.0 ], [ -50.908871599999941, -17.77248230899994, 0.0 ], [ -50.908177264999949, -17.773112182999967, 0.0 ], [ -50.907436561999987, -17.773777922999955, 0.0 ], [ -50.907707918999961, -17.774060498999972, 0.0 ], [ -50.907852030999948, -17.774211196999943, 0.0 ], [ -50.908172559999969, -17.774545533999969, 0.0 ], [ -50.908259197999939, -17.774636856999962, 0.0 ], [ -50.908647108999958, -17.775040995999973, 0.0 ], [ -50.910104446999981, -17.773505573999955, 0.0 ], [ -50.910805382999968, -17.77276059299993, 0.0 ], [ -50.911395351999943, -17.772132152999973, 0.0 ], [ -50.91184330599998, -17.771667350999962, 0.0 ], [ -50.911485073999984, -17.771585408999954, 0.0 ], [ -50.911062638999965, -17.771480407999945, 0.0 ], [ -50.91047842699993, -17.771337754999934, 0.0 ], [ -50.910278238999979, -17.77135733199998, 0.0 ], [ -50.910149968999974, -17.771315216999938, 0.0 ] ] ] ] } },
{ "type": "Feature", "properties": { "OID_": 0, "Name": "Placemark", "FolderPath": "Document", "SymbolID": 0, "AltMode": 0, "Base": 0.0, "Clamped": -1, "Extruded": 0, "Snippet": null, "PopupInfo": "<html xmlns:fo=\"http://www.w3.org/1999/XSL/Format\" xmlns:msxsl=\"urn:schemas-microsoft-com:xslt\"><head><META http-equiv=\"Content-Type\" content=\"text/html\"><meta http-equiv=\"content-type\" content=\"text/html; charset=UTF-8\"></head><body style=\"margin:0px 0p", "Shape_Leng": 0.0433999209, "Shape_Area": 7.220683e-05 }, "geometry": { "type": "MultiPolygon", "coordinates": [ [ [ [ -50.910149968999974, -17.771315216999938, 0.0 ], [ -50.910278238999979, -17.77135733199998, 0.0 ], [ -50.91047842699993, -17.771337754999934, 0.0 ], [ -50.911062638999965, -17.771480407999945, 0.0 ], [ -50.911485073999984, -17.771585408999954, 0.0 ], [ -50.91184330599998, -17.771667350999962, 0.0 ], [ -50.912493122999933, -17.771826794999981, 0.0 ], [ -50.912468452999974, -17.771892642999944, 0.0 ], [ -50.912392025999964, -17.772265932999971, 0.0 ], [ -50.912262173999977, -17.772859624999967, 0.0 ], [ -50.912274099999934, -17.772935004999965, 0.0 ], [ -50.912191048999944, -17.775180417999934, 0.0 ], [ -50.912238008999964, -17.775172312999928, 0.0 ], [ -50.91241251799994, -17.775134542999979, 0.0 ], [ -50.912508977999948, -17.775160713999981, 0.0 ], [ -50.912591352999982, -17.77508114099993, 0.0 ], [ -50.913063026999964, -17.774940202999971, 0.0 ], [ -50.913123413999983, -17.774922907999951, 0.0 ], [ -50.913260345999959, -17.774981572999934, 0.0 ], [ -50.91331506399996, -17.774865456999976, 0.0 ], [ -50.913345074999938, -17.774855806999938, 0.0 ], [ -50.913525554999978, -17.774794841999949, 0.0 ], [ -50.913775907999934, -17.774715392999951, 0.0 ], [ -50.913986568999974, -17.774648538999941, 0.0 ], [ -50.914042244999962, -17.774614404999966, 0.0 ], [ -50.91408377099998, -17.774597737999954, 0.0 ], [ -50.914166718999979, -17.774420729999974, 0.0 ], [ -50.914725663999945, -17.774660270999959, 0.0 ], [ -50.914761727999974, -17.774600581999948, 0.0 ], [ -50.914983237999934, -17.774122539999951, 0.0 ], [ -50.915241579999986, -17.774228975999961, 0.0 ], [ -50.915292596999961, -17.774214570999959, 0.0 ], [ -50.915642169999956, -17.774118536999936, 0.0 ], [ -50.915642413999933, -17.774063841999975, 0.0 ], [ -50.915640138999947, -17.773942400999942, 0.0 ], [ -50.915635455999961, -17.773692422999943, 0.0 ], [ -50.915634901999965, -17.773663162999981, 0.0 ], [ -50.915634982999961, -17.773583311999971, 0.0 ], [ -50.915631676999965, -17.773227764999945, 0.0 ], [ -50.915622102999976, -17.773022131999937, 0.0 ], [ -50.915626817999964, -17.772943361999978, 0.0 ], [ -50.915618105999954, -17.772421478999945, 0.0 ], [ -50.915594702999954, -17.772332191999965, 0.0 ], [ -50.915746163999984, -17.771726771999965, 0.0 ], [ -50.91561597599997, -17.771662342999946, 0.0 ], [ -50.915600158999951, -17.771100222999962, 0.0 ], [ -50.915595550999967, -17.771069927999974, 0.0 ], [ -50.915594021999937, -17.771021985999937, 0.0 ], [ -50.91557258499995, -17.770450439999934, 0.0 ], [ -50.915565449999974, -17.770375831999957, 0.0 ], [ -50.915614349999942, -17.770102716999929, 0.0 ], [ -50.915536092999957, -17.770086832999937, 0.0 ], [ -50.915637851999975, -17.769831388999933, 0.0 ], [ -50.915583175999984, -17.769739428999969, 0.0 ], [ -50.915570704999936, -17.769169810999927, 0.0 ], [ -50.915568190999977, -17.769094670999948, 0.0 ], [ -50.915566418999958, -17.768534501999966, 0.0 ], [ -50.915450838999959, -17.768468046999942, 0.0 ], [ -50.915603574999977, -17.767863697999928, 0.0 ], [ -50.915554433999944, -17.767813312999976, 0.0 ], [ -50.915553145999979, -17.767220297999927, 0.0 ], [ -50.915549971999951, -17.766564262999964, 0.0 ], [ -50.915579315999935, -17.765953746999969, 0.0 ], [ -50.915605637999931, -17.765323749999936, 0.0 ], [ -50.915606369999978, -17.765291103999971, 0.0 ], [ -50.915508743999965, -17.765280644999962, 0.0 ], [ -50.915515936999952, -17.765256411999928, 0.0 ], [ -50.915538283999979, -17.765174155999944, 0.0 ], [ -50.915529035999953, -17.765005720999966, 0.0 ], [ -50.915520251999965, -17.764753703999929, 0.0 ], [ -50.915520170999969, -17.764720964999981, 0.0 ], [ -50.915574362999962, -17.764642710999965, 0.0 ], [ -50.915575381999986, -17.764082448999943, 0.0 ], [ -50.915477086999942, -17.763925902999972, 0.0 ], [ -50.915526855999985, -17.763671254999963, 0.0 ], [ -50.91559115299998, -17.763369842999964, 0.0 ], [ -50.915526571999976, -17.762691511999947, 0.0 ], [ -50.915523977999953, -17.76068646799996, 0.0 ], [ -50.915217674999951, -17.760427684999968, 0.0 ], [ -50.914793346999943, -17.760191624999948, 0.0 ], [ -50.913899844999946, -17.759779340999955, 0.0 ], [ -50.911880671999938, -17.75932265299997, 0.0 ], [ -50.910759429999985, -17.758965986999954, 0.0 ], [ -50.909782781999979, -17.758442670999955, 0.0 ], [ -50.90987810699994, -17.759122138999942, 0.0 ], [ -50.909914011999945, -17.759347595999941, 0.0 ], [ -50.910031102999938, -17.760368442999948, 0.0 ], [ -50.910084113999972, -17.760894471999961, 0.0 ], [ -50.910088372999951, -17.760922674999961, 0.0 ], [ -50.910091269999953, -17.760956522999948, 0.0 ], [ -50.910145929999942, -17.761489959999949, 0.0 ], [ -50.910156124999958, -17.761580055999957, 0.0 ], [ -50.910183480999933, -17.761864859999946, 0.0 ], [ -50.910209835999979, -17.762150064999958, 0.0 ], [ -50.910218179999958, -17.762219644999959, 0.0 ], [ -50.910309871999971, -17.763165199999946, 0.0 ], [ -50.910311717999946, -17.76319820599997, 0.0 ], [ -50.910513399999957, -17.76674036999998, 0.0 ], [ -50.910612110999978, -17.766757480999956, 0.0 ], [ -50.91064561099995, -17.767377550999981, 0.0 ], [ -50.91065107299994, -17.767451076999976, 0.0 ], [ -50.910685421999972, -17.76801695499995, 0.0 ], [ -50.910692953999956, -17.768088903999967, 0.0 ], [ -50.91069045699993, -17.768662434999953, 0.0 ], [ -50.910706951999941, -17.76873113399995, 0.0 ], [ -50.910704631999977, -17.768762331999937, 0.0 ], [ -50.910704641999985, -17.768763942999954, 0.0 ], [ -50.91070633399994, -17.769306039999947, 0.0 ], [ -50.910708219999947, -17.769379064999953, 0.0 ], [ -50.91071554499996, -17.769921825999972, 0.0 ], [ -50.910710366999979, -17.769976200999963, 0.0 ], [ -50.910806488999981, -17.769993624999927, 0.0 ], [ -50.910665262999942, -17.770605888999967, 0.0 ], [ -50.910592643999962, -17.770922677999977, 0.0 ], [ -50.910540826999977, -17.770966808999958, 0.0 ], [ -50.910177020999981, -17.771290515999965, 0.0 ], [ -50.910149968999974, -17.771315216999938, 0.0 ] ] ] ] } },
{ "type": "Feature", "properties": { "OID_": 0, "Name": "Placemark", "FolderPath": "Document", "SymbolID": 0, "AltMode": 0, "Base": 0.0, "Clamped": -1, "Extruded": 0, "Snippet": null, "PopupInfo": "<html xmlns:fo=\"http://www.w3.org/1999/XSL/Format\" xmlns:msxsl=\"urn:schemas-microsoft-com:xslt\"><head><META http-equiv=\"Content-Type\" content=\"text/html\"><meta http-equiv=\"content-type\" content=\"text/html; charset=UTF-8\"></head><body style=\"margin:0px 0p", "Shape_Leng": 0.02991594159, "Shape_Area": 4.794932e-05 }, "geometry": { "type": "MultiPolygon", "coordinates": [ [ [ [ -50.903491505999966, -17.762935581999955, 0.0 ], [ -50.903612061999979, -17.762997396999936, 0.0 ], [ -50.903701952999938, -17.76304351899995, 0.0 ], [ -50.903815642999973, -17.763083802999972, 0.0 ], [ -50.903988808999941, -17.763130821999937, 0.0 ], [ -50.904139246999932, -17.763151008999955, 0.0 ], [ -50.904278217999945, -17.763158501999953, 0.0 ], [ -50.904343920999963, -17.763162841999929, 0.0 ], [ -50.904382626999961, -17.763162125999941, 0.0 ], [ -50.904496122999944, -17.763156212999945, 0.0 ], [ -50.904695572999969, -17.763121109999929, 0.0 ], [ -50.90478655499993, -17.76309600999997, 0.0 ], [ -50.904891536999969, -17.763062537999929, 0.0 ], [ -50.904972964999956, -17.763069203999976, 0.0 ], [ -50.905591342999969, -17.76312096099997, 0.0 ], [ -50.906227625999975, -17.763168319999977, 0.0 ], [ -50.906803555999943, -17.763214312999935, 0.0 ], [ -50.90788170999997, -17.762982946999955, 0.0 ], [ -50.908191961999933, -17.763008810999963, 0.0 ], [ -50.908774119999975, -17.763057321999952, 0.0 ], [ -50.909369217999938, -17.763106874999949, 0.0 ], [ -50.909956515999966, -17.763154830999952, 0.0 ], [ -50.910311717999946, -17.76319820599997, 0.0 ], [ -50.910309871999971, -17.763165199999946, 0.0 ], [ -50.910218179999958, -17.762219644999959, 0.0 ], [ -50.910209835999979, -17.762150064999958, 0.0 ], [ -50.910183480999933, -17.761864859999946, 0.0 ], [ -50.910156124999958, -17.761580055999957, 0.0 ], [ -50.910145929999942, -17.761489959999949, 0.0 ], [ -50.910091269999953, -17.760956522999948, 0.0 ], [ -50.910088372999951, -17.760922674999961, 0.0 ], [ -50.910084113999972, -17.760894471999961, 0.0 ], [ -50.910031102999938, -17.760368442999948, 0.0 ], [ -50.910027333999949, -17.760335137999959, 0.0 ], [ -50.909914011999945, -17.759347595999941, 0.0 ], [ -50.90987810699994, -17.759122138999942, 0.0 ], [ -50.909782781999979, -17.758442670999955, 0.0 ], [ -50.909162458999958, -17.758110279999983, 0.0 ], [ -50.908519890999969, -17.757846911999934, 0.0 ], [ -50.907899748999967, -17.757626109999933, 0.0 ], [ -50.907697544999962, -17.757609170999956, 0.0 ], [ -50.906749909999974, -17.757606670999962, 0.0 ], [ -50.905541758999959, -17.757293131999973, 0.0 ], [ -50.90466112699994, -17.756870677999927, 0.0 ], [ -50.904568259999962, -17.75712471099996, 0.0 ], [ -50.904435794999984, -17.757377731999952, 0.0 ], [ -50.90349628499996, -17.75822108999995, 0.0 ], [ -50.90339589599995, -17.758229191999931, 0.0 ], [ -50.903163283999959, -17.758432088999939, 0.0 ], [ -50.902717833999986, -17.758875552999939, 0.0 ], [ -50.900944073999938, -17.760537676999945, 0.0 ], [ -50.900406388999954, -17.761025308999933, 0.0 ], [ -50.90058090499997, -17.761641736999934, 0.0 ], [ -50.900708102999943, -17.76199964999995, 0.0 ], [ -50.900837897999963, -17.762389503999941, 0.0 ], [ -50.900847526999939, -17.762423126999977, 0.0 ], [ -50.900943968999968, -17.762740826999959, 0.0 ], [ -50.900955963999934, -17.762776218999932, 0.0 ], [ -50.901638424999931, -17.764752854999927, 0.0 ], [ -50.901694392999957, -17.764914895999937, 0.0 ], [ -50.903491505999966, -17.762935581999955, 0.0 ] ] ] ] } },
{ "type": "Feature", "properties": { "OID_": 0, "Name": "Placemark", "FolderPath": "Document", "SymbolID": 0, "AltMode": 0, "Base": 0.0, "Clamped": -1, "Extruded": 0, "Snippet": null, "PopupInfo": "<html xmlns:fo=\"http://www.w3.org/1999/XSL/Format\" xmlns:msxsl=\"urn:schemas-microsoft-com:xslt\"><head><META http-equiv=\"Content-Type\" content=\"text/html\"><meta http-equiv=\"content-type\" content=\"text/html; charset=UTF-8\"></head><body style=\"margin:0px 0p", "Shape_Leng": 0.03259905856, "Shape_Area": 6.944247e-05 }, "geometry": { "type": "MultiPolygon", "coordinates": [ [ [ [ -50.903193147999957, -17.769310678999943, 0.0 ], [ -50.903202797999938, -17.769324333999975, 0.0 ], [ -50.903210980999972, -17.769338839999932, 0.0 ], [ -50.90321761499996, -17.769354054999951, 0.0 ], [ -50.903222635999953, -17.769369826999935, 0.0 ], [ -50.903225992999978, -17.769386, 0.0 ], [ -50.903227651999941, -17.769402412999966, 0.0 ], [ -50.903227331999972, -17.769410190999963, 0.0 ], [ -50.903227596999955, -17.769418901999927, 0.0 ], [ -50.903225827999961, -17.769435304999945, 0.0 ], [ -50.903224557999977, -17.769441179999944, 0.0 ], [ -50.903222364999976, -17.769451456999946, 0.0 ], [ -50.903547243999981, -17.769773568999938, 0.0 ], [ -50.904501803999949, -17.770744056999945, 0.0 ], [ -50.905331002999958, -17.771601579999981, 0.0 ], [ -50.905342572999984, -17.771613554999931, 0.0 ], [ -50.905801448999966, -17.772085885999957, 0.0 ], [ -50.906212785999969, -17.772507839999946, 0.0 ], [ -50.906633170999953, -17.772939675999964, 0.0 ], [ -50.907045531999984, -17.773364833999949, 0.0 ], [ -50.907241023999973, -17.773568943999976, 0.0 ], [ -50.907436561999987, -17.773777922999955, 0.0 ], [ -50.907471675999943, -17.77374653399994, 0.0 ], [ -50.908177264999949, -17.773112182999967, 0.0 ], [ -50.908871599999941, -17.77248230899994, 0.0 ], [ -50.908923725999955, -17.77243515999993, 0.0 ], [ -50.909639815999981, -17.77178590699998, 0.0 ], [ -50.909695817999932, -17.771739730999968, 0.0 ], [ -50.910121680999964, -17.771340543999941, 0.0 ], [ -50.910149968999974, -17.771315216999938, 0.0 ], [ -50.910177020999981, -17.771290515999965, 0.0 ], [ -50.910540826999977, -17.770966808999958, 0.0 ], [ -50.910592643999962, -17.770922677999977, 0.0 ], [ -50.910665262999942, -17.770605888999967, 0.0 ], [ -50.910806488999981, -17.769993624999927, 0.0 ], [ -50.910710366999979, -17.769976200999963, 0.0 ], [ -50.91071554499996, -17.769921825999972, 0.0 ], [ -50.910708219999947, -17.769379064999953, 0.0 ], [ -50.91070633399994, -17.769306039999947, 0.0 ], [ -50.910703384999977, -17.768910374999962, 0.0 ], [ -50.91070351299993, -17.768895156999974, 0.0 ], [ -50.910703669999975, -17.768881244999932, 0.0 ], [ -50.910704641999985, -17.768763942999954, 0.0 ], [ -50.910704631999977, -17.768762331999937, 0.0 ], [ -50.910706951999941, -17.76873113399995, 0.0 ], [ -50.91069045699993, -17.768662434999953, 0.0 ], [ -50.910690880999937, -17.768629566999948, 0.0 ], [ -50.910692953999956, -17.768088903999967, 0.0 ], [ -50.910685421999972, -17.76801695499995, 0.0 ], [ -50.91065107299994, -17.767451076999976, 0.0 ], [ -50.910644887999979, -17.767373540999927, 0.0 ], [ -50.910612110999978, -17.766757480999956, 0.0 ], [ -50.910513399999957, -17.76674036999998, 0.0 ], [ -50.910311717999946, -17.76319820599997, 0.0 ], [ -50.909956515999966, -17.763154830999952, 0.0 ], [ -50.909369217999938, -17.763106874999949, 0.0 ], [ -50.908774119999975, -17.763057321999952, 0.0 ], [ -50.908191961999933, -17.763008810999963, 0.0 ], [ -50.90788170999997, -17.762982946999955, 0.0 ], [ -50.906803555999943, -17.763214312999935, 0.0 ], [ -50.906227625999975, -17.763168319999977, 0.0 ], [ -50.905591342999969, -17.76312096099997, 0.0 ], [ -50.904972964999956, -17.763069203999976, 0.0 ], [ -50.904891536999969, -17.763062537999929, 0.0 ], [ -50.90478655499993, -17.76309600999997, 0.0 ], [ -50.904695572999969, -17.763121109999929, 0.0 ], [ -50.904606344999934, -17.763136151999959, 0.0 ], [ -50.904496122999944, -17.763156212999945, 0.0 ], [ -50.904382626999961, -17.763162125999941, 0.0 ], [ -50.904343920999963, -17.763162841999929, 0.0 ], [ -50.904278217999945, -17.763158501999953, 0.0 ], [ -50.904139246999932, -17.763151008999955, 0.0 ], [ -50.903988808999941, -17.763130821999937, 0.0 ], [ -50.903815642999973, -17.763083802999972, 0.0 ], [ -50.903701952999938, -17.76304351899995, 0.0 ], [ -50.903612061999979, -17.762997396999936, 0.0 ], [ -50.903491505999966, -17.762935581999955, 0.0 ], [ -50.903478271999973, -17.762951835999957, 0.0 ], [ -50.903113824999934, -17.763348900999972, 0.0 ], [ -50.902665008999975, -17.763845305999951, 0.0 ], [ -50.902208694999956, -17.764346, 0.0 ], [ -50.901694392999957, -17.764914895999937, 0.0 ], [ -50.901914835999946, -17.765587376999974, 0.0 ], [ -50.902610466999931, -17.767622513999981, 0.0 ], [ -50.902614498999981, -17.767634331999943, 0.0 ], [ -50.902762159999952, -17.768065691999936, 0.0 ], [ -50.903144641999972, -17.769181694999929, 0.0 ], [ -50.903193147999957, -17.769310678999943, 0.0 ] ] ] ] } },
{ "type": "Feature", "properties": { "OID_": 0, "Name": "Placemark", "FolderPath": "Document", "SymbolID": 0, "AltMode": 0, "Base": 0.0, "Clamped": -1, "Extruded": 0, "Snippet": null, "PopupInfo": "<html xmlns:fo=\"http://www.w3.org/1999/XSL/Format\" xmlns:msxsl=\"urn:schemas-microsoft-com:xslt\"><head><META http-equiv=\"Content-Type\" content=\"text/html\"><meta http-equiv=\"content-type\" content=\"text/html; charset=UTF-8\"></head><body style=\"margin:0px 0p", "Shape_Leng": 0.03159331532, "Shape_Area": 6.262714e-05 }, "geometry": { "type": "MultiPolygon", "coordinates": [ [ [ [ -50.894572193999977, -17.764961762999974, 0.0 ], [ -50.89456546599996, -17.765688368999975, 0.0 ], [ -50.894524520999937, -17.76582044099996, 0.0 ], [ -50.894466600999976, -17.765861995999956, 0.0 ], [ -50.894316726999932, -17.765938324999979, 0.0 ], [ -50.894263139999964, -17.766007159999958, 0.0 ], [ -50.894253913999933, -17.766087740999978, 0.0 ], [ -50.894264454999984, -17.766232053999943, 0.0 ], [ -50.894328912999981, -17.766536719999976, 0.0 ], [ -50.894505545999948, -17.767056542999967, 0.0 ], [ -50.894613013999958, -17.767607121999959, 0.0 ], [ -50.894708088999948, -17.768140994999953, 0.0 ], [ -50.894894536999971, -17.76865253099993, 0.0 ], [ -50.89518168799998, -17.76940824899998, 0.0 ], [ -50.895288505999986, -17.769920684999931, 0.0 ], [ -50.895491847999949, -17.770672133999938, 0.0 ], [ -50.895643052999958, -17.77100207999996, 0.0 ], [ -50.895707615999981, -17.771106741999972, 0.0 ], [ -50.89577038699997, -17.771208497999964, 0.0 ], [ -50.895916326999952, -17.771408375999954, 0.0 ], [ -50.896111064999957, -17.771754831999942, 0.0 ], [ -50.896253545999969, -17.772063172999935, 0.0 ], [ -50.896409791999986, -17.772420856999929, 0.0 ], [ -50.89674447799996, -17.772842156999957, 0.0 ], [ -50.897109497999963, -17.773308740999937, 0.0 ], [ -50.897440814999982, -17.773783652999953, 0.0 ], [ -50.897681349999971, -17.77413220699998, 0.0 ], [ -50.898034664999955, -17.774620998999978, 0.0 ], [ -50.898403225999971, -17.775027222999938, 0.0 ], [ -50.89871265499994, -17.775301732999935, 0.0 ], [ -50.898853093999946, -17.775411475999931, 0.0 ], [ -50.899472906999961, -17.774739083999975, 0.0 ], [ -50.899726224999938, -17.774422987999969, 0.0 ], [ -50.900828359999934, -17.77324619999996, 0.0 ], [ -50.901396567999939, -17.772641849999957, 0.0 ], [ -50.90187788999998, -17.77217135199993, 0.0 ], [ -50.902755013999979, -17.771344409999926, 0.0 ], [ -50.903208337999956, -17.770797956999957, 0.0 ], [ -50.903864170999952, -17.770095785999956, 0.0 ], [ -50.903547243999981, -17.769773568999938, 0.0 ], [ -50.903222364999976, -17.769451456999946, 0.0 ], [ -50.903224557999977, -17.769441179999944, 0.0 ], [ -50.903225827999961, -17.769435304999945, 0.0 ], [ -50.903227596999955, -17.769418901999927, 0.0 ], [ -50.903227331999972, -17.769410190999963, 0.0 ], [ -50.903227651999941, -17.769402412999966, 0.0 ], [ -50.903225992999978, -17.769386, 0.0 ], [ -50.903222635999953, -17.769369826999935, 0.0 ], [ -50.90321761499996, -17.769354054999951, 0.0 ], [ -50.903210980999972, -17.769338839999932, 0.0 ], [ -50.903202797999938, -17.769324333999975, 0.0 ], [ -50.903193147999957, -17.769310678999943, 0.0 ], [ -50.903186326999958, -17.769292908999944, 0.0 ], [ -50.903144641999972, -17.769181694999929, 0.0 ], [ -50.902762159999952, -17.768065691999936, 0.0 ], [ -50.902610466999931, -17.767622513999981, 0.0 ], [ -50.902338431999965, -17.766827218999936, 0.0 ], [ -50.90212371399997, -17.766199203999975, 0.0 ], [ -50.901914835999946, -17.765587376999974, 0.0 ], [ -50.901844449999942, -17.765514597999982, 0.0 ], [ -50.90023402099996, -17.765403791999972, 0.0 ], [ -50.894572193999977, -17.764961762999974, 0.0 ] ] ] ] } },
{ "type": "Feature", "properties": { "OID_": 0, "Name": "Placemark", "FolderPath": "Document", "SymbolID": 0, "AltMode": 0, "Base": 0.0, "Clamped": -1, "Extruded": 0, "Snippet": null, "PopupInfo": "<html xmlns:fo=\"http://www.w3.org/1999/XSL/Format\" xmlns:msxsl=\"urn:schemas-microsoft-com:xslt\"><head><META http-equiv=\"Content-Type\" content=\"text/html\"><meta http-equiv=\"content-type\" content=\"text/html; charset=UTF-8\"></head><body style=\"margin:0px 0p", "Shape_Leng": 0.04008097281, "Shape_Area": 5.159503e-05 }, "geometry": { "type": "MultiPolygon", "coordinates": [ [ [ [ -50.911827561999985, -17.788054655999929, 0.0 ], [ -50.91189908399997, -17.788114532999941, 0.0 ], [ -50.912213166999948, -17.788377471999979, 0.0 ], [ -50.912452267999981, -17.78854598099997, 0.0 ], [ -50.912801302999981, -17.788776884999947, 0.0 ], [ -50.913397332999978, -17.789353944999959, 0.0 ], [ -50.913472069999955, -17.789363589999937, 0.0 ], [ -50.913754642999947, -17.789619220999953, 0.0 ], [ -50.913576278999983, -17.789951053999971, 0.0 ], [ -50.913633971999957, -17.789978170999973, 0.0 ], [ -50.91328982899995, -17.790612923999959, 0.0 ], [ -50.913219719999972, -17.790655801999947, 0.0 ], [ -50.912923291999959, -17.791206110999951, 0.0 ], [ -50.912779006999983, -17.791354675999969, 0.0 ], [ -50.911445294999965, -17.792205989999957, 0.0 ], [ -50.911324105999938, -17.792452924999964, 0.0 ], [ -50.913065997999979, -17.793479942999966, 0.0 ], [ -50.91223625799995, -17.794518179999955, 0.0 ], [ -50.912021514999935, -17.794559151999977, 0.0 ], [ -50.912198755999952, -17.794706753999947, 0.0 ], [ -50.913089829999933, -17.795445886999971, 0.0 ], [ -50.913361434999956, -17.795653423999966, 0.0 ], [ -50.914788589999944, -17.796838357999945, 0.0 ], [ -50.915826669999944, -17.797696732999952, 0.0 ], [ -50.916132458999982, -17.797947883999939, 0.0 ], [ -50.916413345999956, -17.798204702999953, 0.0 ], [ -50.916702407999935, -17.798496602999933, 0.0 ], [ -50.916887948999943, -17.798683968999967, 0.0 ], [ -50.917116725999961, -17.79893849299998, 0.0 ], [ -50.917127844999982, -17.798912959999939, 0.0 ], [ -50.917170372999976, -17.798793194999973, 0.0 ], [ -50.917281, -17.79856985899994, 0.0 ], [ -50.917389586999946, -17.798385030999953, 0.0 ], [ -50.917605830999946, -17.797932386999946, 0.0 ], [ -50.917624924999984, -17.797869245999948, 0.0 ], [ -50.917800848999946, -17.797522575999949, 0.0 ], [ -50.917786896999985, -17.797371084999952, 0.0 ], [ -50.917795603999934, -17.797304179999969, 0.0 ], [ -50.91803359499994, -17.796870599999977, 0.0 ], [ -50.918093757999941, -17.796833612999933, 0.0 ], [ -50.918115349999937, -17.79682048899997, 0.0 ], [ -50.918243511999947, -17.796601146999933, 0.0 ], [ -50.918291997999972, -17.796516783999948, 0.0 ], [ -50.918312318999938, -17.796531072999983, 0.0 ], [ -50.918402767999964, -17.796409842999935, 0.0 ], [ -50.918459463999966, -17.796333816999947, 0.0 ], [ -50.918515948999982, -17.796258076999948, 0.0 ], [ -50.918601775999946, -17.796142990999954, 0.0 ], [ -50.918682022999974, -17.796035386999961, 0.0 ], [ -50.918705186999944, -17.79601536399997, 0.0 ], [ -50.918737247999957, -17.795990269999947, 0.0 ], [ -50.918485178999958, -17.795863091999934, 0.0 ], [ -50.919385448999947, -17.79574529599995, 0.0 ], [ -50.920470533999946, -17.79560546099998, 0.0 ], [ -50.921173952999936, -17.795475060999934, 0.0 ], [ -50.92129024999997, -17.795397304999938, 0.0 ], [ -50.921350235999967, -17.795368423999946, 0.0 ], [ -50.921656648999942, -17.794780798999966, 0.0 ], [ -50.918540836999966, -17.793239096999969, 0.0 ], [ -50.918898682999952, -17.792567650999956, 0.0 ], [ -50.917434954999976, -17.791841936999958, 0.0 ], [ -50.916759792999983, -17.791518732999975, 0.0 ], [ -50.917106473999979, -17.790850729999931, 0.0 ], [ -50.917352566999966, -17.790372917999946, 0.0 ], [ -50.915814660999956, -17.789177671999937, 0.0 ], [ -50.915543975999981, -17.788875167999947, 0.0 ], [ -50.915317737999942, -17.788608546999967, 0.0 ], [ -50.915468326999985, -17.78833293699995, 0.0 ], [ -50.914604949999955, -17.787915283999951, 0.0 ], [ -50.91447812399997, -17.787856468999962, 0.0 ], [ -50.914748650999968, -17.787354636999964, 0.0 ], [ -50.914661060999947, -17.787318047999975, 0.0 ], [ -50.914213110999981, -17.787460066999927, 0.0 ], [ -50.913715328999956, -17.787005413999964, 0.0 ], [ -50.91304977599998, -17.787259295999945, 0.0 ], [ -50.912570861999939, -17.78769239099995, 0.0 ], [ -50.912017513999956, -17.787958225999944, 0.0 ], [ -50.911862625999959, -17.788000391999958, 0.0 ], [ -50.911827561999985, -17.788054655999929, 0.0 ] ] ] ] } },
{ "type": "Feature", "properties": { "OID_": 0, "Name": "Placemark", "FolderPath": "Document", "SymbolID": 0, "AltMode": 0, "Base": 0.0, "Clamped": -1, "Extruded": 0, "Snippet": null, "PopupInfo": "<html xmlns:fo=\"http://www.w3.org/1999/XSL/Format\" xmlns:msxsl=\"urn:schemas-microsoft-com:xslt\"><head><META http-equiv=\"Content-Type\" content=\"text/html\"><meta http-equiv=\"content-type\" content=\"text/html; charset=UTF-8\"></head><body style=\"margin:0px 0p", "Shape_Leng": 0.0163130984, "Shape_Area": 1.62486e-05 }, "geometry": { "type": "MultiPolygon", "coordinates": [ [ [ [ -50.90780716699993, -17.789002855999968, 0.0 ], [ -50.908676431999936, -17.789638138999976, 0.0 ], [ -50.909378038999932, -17.790298349999944, 0.0 ], [ -50.911126240999977, -17.791912498999977, 0.0 ], [ -50.911445294999965, -17.792205989999957, 0.0 ], [ -50.912779006999983, -17.791354675999969, 0.0 ], [ -50.912923291999959, -17.791206110999951, 0.0 ], [ -50.913219719999972, -17.790655801999947, 0.0 ], [ -50.91328982899995, -17.790612923999959, 0.0 ], [ -50.913633971999957, -17.789978170999973, 0.0 ], [ -50.913576278999983, -17.789951053999971, 0.0 ], [ -50.913754642999947, -17.789619220999953, 0.0 ], [ -50.913472069999955, -17.789363589999937, 0.0 ], [ -50.913397332999978, -17.789353944999959, 0.0 ], [ -50.912801302999981, -17.788776884999947, 0.0 ], [ -50.912452267999981, -17.78854598099997, 0.0 ], [ -50.912213166999948, -17.788377471999979, 0.0 ], [ -50.91189908399997, -17.788114532999941, 0.0 ], [ -50.911827561999985, -17.788054655999929, 0.0 ], [ -50.911696097999936, -17.787944597999967, 0.0 ], [ -50.911654963999979, -17.787734218999958, 0.0 ], [ -50.910544523999931, -17.786839351999959, 0.0 ], [ -50.90780716699993, -17.789002855999968, 0.0 ] ] ] ] } },
{ "type": "Feature", "properties": { "OID_": 0, "Name": "Placemark", "FolderPath": "Document", "SymbolID": 0, "AltMode": 0, "Base": 0.0, "Clamped": -1, "Extruded": 0, "Snippet": null, "PopupInfo": "<html xmlns:fo=\"http://www.w3.org/1999/XSL/Format\" xmlns:msxsl=\"urn:schemas-microsoft-com:xslt\"><head><META http-equiv=\"Content-Type\" content=\"text/html\"><meta http-equiv=\"content-type\" content=\"text/html; charset=UTF-8\"></head><body style=\"margin:0px 0p", "Shape_Leng": 0.00773173341, "Shape_Area": 3.42666e-06 }, "geometry": { "type": "MultiPolygon", "coordinates": [ [ [ [ -50.90824517599998, -17.791545968999969, 0.0 ], [ -50.908408970999972, -17.791685594999933, 0.0 ], [ -50.909800455999971, -17.792817151999941, 0.0 ], [ -50.910422896999933, -17.792267504999927, 0.0 ], [ -50.910574954999959, -17.792059926999968, 0.0 ], [ -50.911126240999977, -17.791912498999977, 0.0 ], [ -50.909378038999932, -17.790298349999944, 0.0 ], [ -50.90824517599998, -17.791545968999969, 0.0 ] ] ] ] } },
{ "type": "Feature", "properties": { "OID_": 0, "Name": "Placemark", "FolderPath": "Document", "SymbolID": 0, "AltMode": 0, "Base": 0.0, "Clamped": -1, "Extruded": 0, "Snippet": null, "PopupInfo": "<html xmlns:fo=\"http://www.w3.org/1999/XSL/Format\" xmlns:msxsl=\"urn:schemas-microsoft-com:xslt\"><head><META http-equiv=\"Content-Type\" content=\"text/html\"><meta http-equiv=\"content-type\" content=\"text/html; charset=UTF-8\"></head><body style=\"margin:0px 0p", "Shape_Leng": 0.00518379312, "Shape_Area": 1.28506e-06 }, "geometry": { "type": "MultiPolygon", "coordinates": [ [ [ [ -50.904576666999958, -17.78848972399993, 0.0 ], [ -50.90493988999998, -17.788780011999961, 0.0 ], [ -50.905695931999958, -17.789385429999982, 0.0 ], [ -50.906647732999943, -17.78831463299997, 0.0 ], [ -50.90640523999997, -17.788193097999965, 0.0 ], [ -50.905409481999982, -17.788358058999961, 0.0 ], [ -50.905387685999983, -17.788254970999958, 0.0 ], [ -50.905027555999936, -17.788266870999962, 0.0 ], [ -50.904725628999984, -17.788265270999943, 0.0 ], [ -50.904576666999958, -17.78848972399993, 0.0 ] ] ] ] } },
{ "type": "Feature", "properties": { "OID_": 0, "Name": "Placemark", "FolderPath": "Document", "SymbolID": 0, "AltMode": 0, "Base": 0.0, "Clamped": -1, "Extruded": 0, "Snippet": null, "PopupInfo": "<html xmlns:fo=\"http://www.w3.org/1999/XSL/Format\" xmlns:msxsl=\"urn:schemas-microsoft-com:xslt\"><head><META http-equiv=\"Content-Type\" content=\"text/html\"><meta http-equiv=\"content-type\" content=\"text/html; charset=UTF-8\"></head><body style=\"margin:0px 0p", "Shape_Leng": 0.02832281904, "Shape_Area": 3.916325e-05 }, "geometry": { "type": "MultiPolygon", "coordinates": [ [ [ [ -50.905339908999963, -17.797852164999938, 0.0 ], [ -50.905420818999971, -17.797869996999964, 0.0 ], [ -50.905527053999947, -17.797862460999966, 0.0 ], [ -50.905550739999967, -17.797882361999939, 0.0 ], [ -50.905887828999937, -17.797925703999965, 0.0 ], [ -50.90608919899995, -17.797951594999972, 0.0 ], [ -50.90623319599996, -17.797970107999959, 0.0 ], [ -50.906351603999951, -17.797985331999939, 0.0 ], [ -50.906440839999959, -17.797996804999968, 0.0 ], [ -50.906467726999949, -17.798000262999949, 0.0 ], [ -50.906584310999961, -17.798014197999976, 0.0 ], [ -50.906718263999949, -17.798030207999943, 0.0 ], [ -50.906922713999961, -17.798054644999979, 0.0 ], [ -50.907061703999943, -17.798071256999947, 0.0 ], [ -50.90719282699996, -17.798086929999954, 0.0 ], [ -50.907328847999963, -17.798103186999981, 0.0 ], [ -50.907460169999979, -17.798118882999972, 0.0 ], [ -50.907586404999961, -17.79813397099997, 0.0 ], [ -50.907738188999986, -17.798152201999926, 0.0 ], [ -50.907799317999945, -17.79816044699993, 0.0 ], [ -50.907862130999945, -17.798169146999953, 0.0 ], [ -50.907907334999948, -17.798173966999968, 0.0 ], [ -50.908116500999938, -17.798199770999929, 0.0 ], [ -50.908239976999937, -17.798215003999928, 0.0 ], [ -50.908373107999978, -17.798231426999962, 0.0 ], [ -50.908503973999984, -17.798247570999933, 0.0 ], [ -50.908704138999951, -17.798260567999932, 0.0 ], [ -50.908902606999959, -17.798051805999933, 0.0 ], [ -50.909403508999958, -17.797561888999951, 0.0 ], [ -50.90989263199998, -17.797075220999943, 0.0 ], [ -50.910387554999943, -17.796581375999949, 0.0 ], [ -50.910456195999984, -17.796513102999938, 0.0 ], [ -50.910946692999971, -17.796024492999948, 0.0 ], [ -50.910803331999944, -17.79590755299995, 0.0 ], [ -50.911167988999978, -17.795496842999967, 0.0 ], [ -50.911139209999931, -17.795474293999973, 0.0 ], [ -50.911295179999968, -17.795306194999966, 0.0 ], [ -50.911224987999958, -17.795252011999935, 0.0 ], [ -50.911593499999981, -17.794823679999979, 0.0 ], [ -50.911983914999951, -17.794620186999964, 0.0 ], [ -50.91187320399996, -17.794525761999978, 0.0 ], [ -50.91109096699995, -17.793867979999959, 0.0 ], [ -50.911040385999968, -17.793825444999982, 0.0 ], [ -50.910425495999959, -17.793325428999935, 0.0 ], [ -50.909800455999971, -17.792817151999941, 0.0 ], [ -50.908408970999972, -17.791685594999933, 0.0 ], [ -50.90824517599998, -17.791545968999969, 0.0 ], [ -50.907301490999942, -17.790741527999955, 0.0 ], [ -50.905695931999958, -17.789385429999982, 0.0 ], [ -50.90493988999998, -17.788780011999961, 0.0 ], [ -50.904673129999935, -17.789081489999944, 0.0 ], [ -50.904351254999938, -17.790514185999939, 0.0 ], [ -50.904332677999946, -17.790601963999961, 0.0 ], [ -50.904262721999942, -17.790930531999948, 0.0 ], [ -50.904223954999964, -17.791089403999933, 0.0 ], [ -50.904181237999978, -17.791231078999942, 0.0 ], [ -50.904171605999977, -17.791245182999944, 0.0 ], [ -50.904173501999935, -17.791339750999953, 0.0 ], [ -50.904168031999973, -17.791364725999927, 0.0 ], [ -50.904079610999986, -17.791776819999939, 0.0 ], [ -50.904072262999932, -17.791827529999978, 0.0 ], [ -50.903881573999968, -17.792599043999928, 0.0 ], [ -50.903899740999975, -17.792614933999971, 0.0 ], [ -50.904389690999949, -17.793043495999939, 0.0 ], [ -50.904406403999985, -17.79305889799997, 0.0 ], [ -50.904458924999972, -17.79310729599996, 0.0 ], [ -50.904476254999963, -17.793123265999952, 0.0 ], [ -50.904681942999957, -17.793299070999979, 0.0 ], [ -50.904770129999974, -17.793374444999927, 0.0 ], [ -50.904852876999939, -17.793445170999973, 0.0 ], [ -50.904940181999962, -17.793519789999948, 0.0 ], [ -50.905024061999939, -17.793591483999933, 0.0 ], [ -50.905108973999972, -17.79366405899998, 0.0 ], [ -50.905137461999971, -17.793690438999931, 0.0 ], [ -50.905225469999948, -17.793771939999942, 0.0 ], [ -50.905248615999938, -17.793793372999971, 0.0 ], [ -50.905738372999963, -17.794218518999969, 0.0 ], [ -50.905907510999953, -17.794368454999926, 0.0 ], [ -50.905930480999984, -17.794392623999954, 0.0 ], [ -50.905736137999952, -17.794761938999955, 0.0 ], [ -50.906097725999985, -17.79506497999995, 0.0 ], [ -50.906060585999967, -17.795181062999973, 0.0 ], [ -50.906056885999931, -17.79519262599996, 0.0 ], [ -50.90602335899996, -17.795314478999956, 0.0 ], [ -50.905967429999976, -17.795517559999951, 0.0 ], [ -50.905841865999946, -17.795975441999929, 0.0 ], [ -50.905767717999936, -17.796257340999944, 0.0 ], [ -50.905763021999974, -17.796278496999946, 0.0 ], [ -50.905742381999971, -17.79637149399997, 0.0 ], [ -50.905735376999985, -17.79640305099997, 0.0 ], [ -50.90564037799993, -17.796730440999966, 0.0 ], [ -50.905566780999948, -17.796984072999976, 0.0 ], [ -50.905561745999933, -17.797008282999968, 0.0 ], [ -50.905543537999961, -17.797095841999976, 0.0 ], [ -50.905537071999959, -17.797126940999931, 0.0 ], [ -50.905467550999958, -17.797374013999956, 0.0 ], [ -50.90544521299995, -17.797453401999974, 0.0 ], [ -50.90543039399995, -17.797509520999938, 0.0 ], [ -50.905403800999977, -17.797610216999942, 0.0 ], [ -50.90537446299993, -17.797721317999958, 0.0 ], [ -50.905339908999963, -17.797852164999938, 0.0 ] ] ] ] } },
{ "type": "Feature", "properties": { "OID_": 0, "Name": "Placemark", "FolderPath": "Document", "SymbolID": 0, "AltMode": 0, "Base": 0.0, "Clamped": -1, "Extruded": 0, "Snippet": null, "PopupInfo": "<html xmlns:fo=\"http://www.w3.org/1999/XSL/Format\" xmlns:msxsl=\"urn:schemas-microsoft-com:xslt\"><head><META http-equiv=\"Content-Type\" content=\"text/html\"><meta http-equiv=\"content-type\" content=\"text/html; charset=UTF-8\"></head><body style=\"margin:0px 0p", "Shape_Leng": 0.02069898264, "Shape_Area": 1.357885e-05 }, "geometry": { "type": "MultiPolygon", "coordinates": [ [ [ [ -50.907457367999939, -17.799942151999971, 0.0 ], [ -50.907630879999942, -17.799771068999974, 0.0 ], [ -50.907744787999945, -17.799685540999974, 0.0 ], [ -50.907893745999957, -17.799568983999961, 0.0 ], [ -50.908041986999933, -17.799486083999966, 0.0 ], [ -50.90867869799996, -17.799236251999957, 0.0 ], [ -50.90909732199998, -17.799096614999939, 0.0 ], [ -50.90989011299996, -17.798844109999948, 0.0 ], [ -50.910661045999973, -17.798599561999936, 0.0 ], [ -50.910683945999949, -17.798597746999974, 0.0 ], [ -50.910876658999939, -17.79857207799995, 0.0 ], [ -50.910878132999983, -17.798562908999941, 0.0 ], [ -50.910880551999981, -17.798553925999954, 0.0 ], [ -50.910883892999948, -17.798545218999948, 0.0 ], [ -50.91088812199996, -17.798536872999932, 0.0 ], [ -50.91089319699995, -17.798528971999929, 0.0 ], [ -50.910899068999981, -17.798521594999954, 0.0 ], [ -50.910905677999949, -17.79851481399993, 0.0 ], [ -50.910912959999962, -17.798508696999932, 0.0 ], [ -50.91092083999996, -17.79850330599993, 0.0 ], [ -50.910929241999952, -17.798498691999953, 0.0 ], [ -50.910938081999973, -17.798494903999938, 0.0 ], [ -50.91094727199993, -17.798491976999969, 0.0 ], [ -50.910956719999945, -17.798489940999957, 0.0 ], [ -50.910966331999987, -17.798488815999974, 0.0 ], [ -50.910976013999971, -17.79848861399995, 0.0 ], [ -50.911299419999978, -17.798385775999975, 0.0 ], [ -50.911423596999953, -17.798345454999946, 0.0 ], [ -50.911967503999961, -17.798166636999952, 0.0 ], [ -50.912187594999978, -17.798094651999975, 0.0 ], [ -50.912307720999934, -17.798054526999977, 0.0 ], [ -50.912864056999979, -17.797820336999962, 0.0 ], [ -50.913022847999969, -17.797753430999933, 0.0 ], [ -50.913822431999961, -17.797413658999972, 0.0 ], [ -50.914268690999961, -17.797212675999958, 0.0 ], [ -50.914274298999942, -17.79720692099994, 0.0 ], [ -50.914280477999966, -17.797201730999973, 0.0 ], [ -50.914287163999973, -17.797197155999982, 0.0 ], [ -50.914294293999944, -17.797193240999945, 0.0 ], [ -50.914301794999972, -17.797190024999963, 0.0 ], [ -50.914309592999984, -17.797187541999961, 0.0 ], [ -50.914317609999955, -17.797185813999931, 0.0 ], [ -50.91432576699998, -17.797184859999959, 0.0 ], [ -50.91433398199996, -17.797184687999959, 0.0 ], [ -50.914342174999945, -17.797185300999956, 0.0 ], [ -50.91435026299996, -17.797186691999968, 0.0 ], [ -50.914358165999943, -17.797188847999962, 0.0 ], [ -50.914509212999974, -17.797098934999951, 0.0 ], [ -50.91468077199994, -17.796907575999967, 0.0 ], [ -50.914788589999944, -17.796838357999945, 0.0 ], [ -50.913361434999956, -17.795653423999966, 0.0 ], [ -50.913089829999933, -17.795445886999971, 0.0 ], [ -50.912198755999952, -17.794706753999947, 0.0 ], [ -50.912021514999935, -17.794559151999977, 0.0 ], [ -50.911983914999951, -17.794620186999964, 0.0 ], [ -50.911593499999981, -17.794823679999979, 0.0 ], [ -50.911577259999945, -17.79484273099996, 0.0 ], [ -50.911224987999958, -17.795252011999935, 0.0 ], [ -50.911295179999968, -17.795306194999966, 0.0 ], [ -50.911139209999931, -17.795474293999973, 0.0 ], [ -50.911167988999978, -17.795496842999967, 0.0 ], [ -50.910803331999944, -17.79590755299995, 0.0 ], [ -50.910946692999971, -17.796024492999948, 0.0 ], [ -50.910456195999984, -17.796513102999938, 0.0 ], [ -50.910387554999943, -17.796581375999949, 0.0 ], [ -50.90989263199998, -17.797075220999943, 0.0 ], [ -50.909403508999958, -17.797561888999951, 0.0 ], [ -50.908902606999959, -17.798051805999933, 0.0 ], [ -50.908704138999951, -17.798260567999932, 0.0 ], [ -50.908433258999935, -17.798545598999965, 0.0 ], [ -50.907767722999949, -17.799245479999968, 0.0 ], [ -50.907713121999961, -17.799203946999967, 0.0 ], [ -50.907675648999941, -17.79924687099998, 0.0 ], [ -50.907590137999932, -17.799355214999935, 0.0 ], [ -50.907551792999982, -17.799403798999947, 0.0 ], [ -50.907499673999951, -17.799469832999932, 0.0 ], [ -50.907413548999955, -17.799578953999969, 0.0 ], [ -50.907370984999943, -17.799632881999969, 0.0 ], [ -50.907309618999932, -17.799710631999972, 0.0 ], [ -50.90706591999998, -17.799998950999964, 0.0 ], [ -50.906976607999979, -17.800111220999952, 0.0 ], [ -50.906831994999948, -17.800293004999958, 0.0 ], [ -50.90695945899995, -17.800395735999928, 0.0 ], [ -50.90697668699994, -17.800408852999965, 0.0 ], [ -50.907000272999937, -17.800431469999978, 0.0 ], [ -50.907457367999939, -17.799942151999971, 0.0 ] ] ] ] } },
{ "type": "Feature", "properties": { "OID_": 0, "Name": "Placemark", "FolderPath": "Document", "SymbolID": 0, "AltMode": 0, "Base": 0.0, "Clamped": -1, "Extruded": 0, "Snippet": null, "PopupInfo": "<html xmlns:fo=\"http://www.w3.org/1999/XSL/Format\" xmlns:msxsl=\"urn:schemas-microsoft-com:xslt\"><head><META http-equiv=\"Content-Type\" content=\"text/html\"><meta http-equiv=\"content-type\" content=\"text/html; charset=UTF-8\"></head><body style=\"margin:0px 0p", "Shape_Leng": 0.01763248078, "Shape_Area": 1.934419e-05 }, "geometry": { "type": "MultiPolygon", "coordinates": [ [ [ [ -50.910988245999931, -17.798910042999978, 0.0 ], [ -50.911530582999944, -17.799621936999927, 0.0 ], [ -50.912072357999932, -17.800024916999973, 0.0 ], [ -50.912256944999967, -17.80058258899993, 0.0 ], [ -50.912638808999986, -17.800935298999946, 0.0 ], [ -50.91315364999997, -17.801177533999976, 0.0 ], [ -50.91374137899993, -17.801388803999942, 0.0 ], [ -50.913989099999981, -17.801581700999975, 0.0 ], [ -50.914224930999978, -17.801816924999969, 0.0 ], [ -50.914612946999966, -17.801984815999958, 0.0 ], [ -50.914848335999977, -17.802087189999952, 0.0 ], [ -50.915103587999965, -17.802236427999958, 0.0 ], [ -50.915607352999984, -17.802482685999962, 0.0 ], [ -50.915631618999953, -17.802496516999952, 0.0 ], [ -50.915809349999961, -17.801895224999953, 0.0 ], [ -50.916052687999979, -17.801553193999951, 0.0 ], [ -50.916101989999959, -17.801391037999963, 0.0 ], [ -50.916146248999951, -17.801251209999975, 0.0 ], [ -50.916235711999946, -17.801073822999967, 0.0 ], [ -50.916198042999952, -17.801051183999959, 0.0 ], [ -50.916239734999976, -17.800964420999946, 0.0 ], [ -50.916271171999938, -17.800909481999952, 0.0 ], [ -50.916297444999941, -17.80080140299998, 0.0 ], [ -50.916269643999954, -17.800780077999946, 0.0 ], [ -50.916705209999975, -17.799901444999932, 0.0 ], [ -50.916704479999964, -17.799822498999958, 0.0 ], [ -50.916938529999982, -17.799348756999962, 0.0 ], [ -50.917043577999948, -17.799104253999928, 0.0 ], [ -50.917116725999961, -17.79893849299998, 0.0 ], [ -50.916887948999943, -17.798683968999967, 0.0 ], [ -50.916702407999935, -17.798496602999933, 0.0 ], [ -50.916413345999956, -17.798204702999953, 0.0 ], [ -50.916132458999982, -17.797947883999939, 0.0 ], [ -50.915826669999944, -17.797696732999952, 0.0 ], [ -50.914788589999944, -17.796838357999945, 0.0 ], [ -50.91468077199994, -17.796907575999967, 0.0 ], [ -50.914509212999974, -17.797098934999951, 0.0 ], [ -50.914358165999943, -17.797188847999962, 0.0 ], [ -50.91435026299996, -17.797186691999968, 0.0 ], [ -50.914342174999945, -17.797185300999956, 0.0 ], [ -50.91433398199996, -17.797184687999959, 0.0 ], [ -50.91432576699998, -17.797184859999959, 0.0 ], [ -50.914317609999955, -17.797185813999931, 0.0 ], [ -50.914309592999984, -17.797187541999961, 0.0 ], [ -50.914301794999972, -17.797190024999963, 0.0 ], [ -50.914294293999944, -17.797193240999945, 0.0 ], [ -50.914287163999973, -17.797197155999982, 0.0 ], [ -50.914280477999966, -17.797201730999973, 0.0 ], [ -50.914274298999942, -17.79720692099994, 0.0 ], [ -50.914268690999961, -17.797212675999958, 0.0 ], [ -50.913822431999961, -17.797413658999972, 0.0 ], [ -50.913022847999969, -17.797753430999933, 0.0 ], [ -50.912864056999979, -17.797820336999962, 0.0 ], [ -50.912307720999934, -17.798054526999977, 0.0 ], [ -50.912187594999978, -17.798094651999975, 0.0 ], [ -50.911967503999961, -17.798166636999952, 0.0 ], [ -50.911423596999953, -17.798345454999946, 0.0 ], [ -50.911299419999978, -17.798385775999975, 0.0 ], [ -50.910988245999931, -17.798910042999978, 0.0 ] ] ] ] } },
{ "type": "Feature", "properties": { "OID_": 0, "Name": "Placemark", "FolderPath": "Document", "SymbolID": 0, "AltMode": 0, "Base": 0.0, "Clamped": -1, "Extruded": 0, "Snippet": null, "PopupInfo": "<html xmlns:fo=\"http://www.w3.org/1999/XSL/Format\" xmlns:msxsl=\"urn:schemas-microsoft-com:xslt\"><head><META http-equiv=\"Content-Type\" content=\"text/html\"><meta http-equiv=\"content-type\" content=\"text/html; charset=UTF-8\"></head><body style=\"margin:0px 0p", "Shape_Leng": 0.01553464422, "Shape_Area": 6.80113e-06 }, "geometry": { "type": "MultiPolygon", "coordinates": [ [ [ [ -50.922095579999962, -17.800296183999933, 0.0 ], [ -50.922043516999963, -17.80033227399997, 0.0 ], [ -50.921879371999978, -17.800446062999981, 0.0 ], [ -50.921736632999966, -17.800450123999951, 0.0 ], [ -50.921261799999968, -17.800860263999937, 0.0 ], [ -50.921308063999959, -17.800960092999958, 0.0 ], [ -50.920026164999967, -17.80229762099998, 0.0 ], [ -50.920714041999986, -17.803037708999966, 0.0 ], [ -50.921198631999971, -17.802458383999976, 0.0 ], [ -50.921433856999954, -17.802220734999935, 0.0 ], [ -50.921975556999939, -17.801815616999932, 0.0 ], [ -50.922105377999969, -17.80199506699995, 0.0 ], [ -50.922628634999967, -17.801616872999944, 0.0 ], [ -50.922635008999976, -17.801570425999955, 0.0 ], [ -50.923176685999977, -17.80118510799997, 0.0 ], [ -50.923155218999966, -17.801154776999965, 0.0 ], [ -50.924004483999965, -17.800549735999937, 0.0 ], [ -50.924327344999938, -17.800317580999945, 0.0 ], [ -50.925281320999943, -17.801232661999961, 0.0 ], [ -50.925430586999937, -17.801136551999946, 0.0 ], [ -50.925643486999945, -17.800987102999954, 0.0 ], [ -50.925326120999955, -17.800675429999956, 0.0 ], [ -50.925449073999971, -17.800562326999966, 0.0 ], [ -50.925236554999969, -17.80019097099995, 0.0 ], [ -50.925173755999936, -17.800158412999963, 0.0 ], [ -50.924658272999977, -17.799240042999941, 0.0 ], [ -50.923630014999958, -17.799644866999927, 0.0 ], [ -50.923229516999982, -17.799789424999972, 0.0 ], [ -50.923143469999957, -17.79981539399995, 0.0 ], [ -50.923045359999946, -17.799845002999973, 0.0 ], [ -50.922921832999975, -17.799890228999971, 0.0 ], [ -50.922411824999983, -17.800076955999941, 0.0 ], [ -50.922332150999978, -17.800132194999946, 0.0 ], [ -50.922332125999958, -17.800132211999937, 0.0 ], [ -50.922246388999952, -17.80019163999998, 0.0 ], [ -50.922151766999946, -17.800257233999957, 0.0 ], [ -50.922095579999962, -17.800296183999933, 0.0 ] ] ] ] } },
{ "type": "Feature", "properties": { "OID_": 0, "Name": "Placemark", "FolderPath": "Document", "SymbolID": 0, "AltMode": 0, "Base": 0.0, "Clamped": -1, "Extruded": 0, "Snippet": null, "PopupInfo": "<html xmlns:fo=\"http://www.w3.org/1999/XSL/Format\" xmlns:msxsl=\"urn:schemas-microsoft-com:xslt\"><head><META http-equiv=\"Content-Type\" content=\"text/html\"><meta http-equiv=\"content-type\" content=\"text/html; charset=UTF-8\"></head><body style=\"margin:0px 0p", "Shape_Leng": 0.01009460698, "Shape_Area": 4.93513e-06 }, "geometry": { "type": "MultiPolygon", "coordinates": [ [ [ [ -50.922558207999941, -17.796633210999971, 0.0 ], [ -50.922697770999946, -17.796792993999929, 0.0 ], [ -50.922793496999986, -17.796902588999956, 0.0 ], [ -50.922866089999957, -17.796986796999931, 0.0 ], [ -50.922951725999951, -17.797086135999962, 0.0 ], [ -50.923017748999939, -17.797162722999929, 0.0 ], [ -50.923045677999937, -17.797195121999948, 0.0 ], [ -50.923035879999986, -17.79721335399995, 0.0 ], [ -50.923285763999957, -17.797473622999973, 0.0 ], [ -50.923271802999977, -17.797496747999958, 0.0 ], [ -50.923335499999951, -17.79755907599997, 0.0 ], [ -50.923507479999955, -17.797467053999981, 0.0 ], [ -50.923569796999971, -17.797400981999942, 0.0 ], [ -50.923607536999953, -17.797458988999949, 0.0 ], [ -50.923749749999956, -17.797210132999965, 0.0 ], [ -50.923863069999982, -17.797262806999981, 0.0 ], [ -50.923878815999956, -17.797229121999976, 0.0 ], [ -50.923980696999934, -17.797060831999943, 0.0 ], [ -50.924021592999964, -17.797079450999945, 0.0 ], [ -50.924171004999948, -17.796968780999975, 0.0 ], [ -50.924175973999979, -17.79695598099994, 0.0 ], [ -50.924189615999978, -17.79692485299995, 0.0 ], [ -50.924287522999975, -17.796849092999935, 0.0 ], [ -50.924373903999935, -17.796890388999941, 0.0 ], [ -50.924385437999945, -17.796871214999953, 0.0 ], [ -50.92439978699997, -17.796850559999939, 0.0 ], [ -50.924521353999978, -17.796660488999976, 0.0 ], [ -50.924564920999956, -17.796680773999981, 0.0 ], [ -50.924648997999952, -17.796619562999979, 0.0 ], [ -50.924922020999986, -17.796420787999978, 0.0 ], [ -50.924940112999934, -17.796409108999967, 0.0 ], [ -50.924962013999959, -17.796392816999969, 0.0 ], [ -50.924986793999949, -17.796365489999971, 0.0 ], [ -50.925135374999968, -17.796204136999961, 0.0 ], [ -50.925279296999975, -17.796128891999956, 0.0 ], [ -50.924661760999982, -17.795487498999933, 0.0 ], [ -50.924132866999969, -17.794979552999962, 0.0 ], [ -50.923557005999953, -17.795172384999944, 0.0 ], [ -50.921509693999951, -17.79544184599996, 0.0 ], [ -50.922122357999967, -17.795912715999975, 0.0 ], [ -50.922113082999942, -17.795935111999938, 0.0 ], [ -50.922085435999975, -17.795986536999976, 0.0 ], [ -50.922366826999962, -17.796275237999964, 0.0 ], [ -50.922390323999934, -17.796286389999977, 0.0 ], [ -50.922432835999984, -17.796306565999942, 0.0 ], [ -50.922484861999976, -17.796331256999963, 0.0 ], [ -50.922402899999952, -17.796484244999931, 0.0 ], [ -50.922393320999959, -17.796506919999956, 0.0 ], [ -50.92237906899993, -17.796545828999967, 0.0 ], [ -50.922558207999941, -17.796633210999971, 0.0 ] ] ] ] } },
{ "type": "Feature", "properties": { "OID_": 0, "Name": "Placemark", "FolderPath": "Document", "SymbolID": 0, "AltMode": 0, "Base": 0.0, "Clamped": -1, "Extruded": 0, "Snippet": null, "PopupInfo": "<html xmlns:fo=\"http://www.w3.org/1999/XSL/Format\" xmlns:msxsl=\"urn:schemas-microsoft-com:xslt\"><head><META http-equiv=\"Content-Type\" content=\"text/html\"><meta http-equiv=\"content-type\" content=\"text/html; charset=UTF-8\"></head><body style=\"margin:0px 0p", "Shape_Leng": 0.00644532464, "Shape_Area": 1.66603e-06 }, "geometry": { "type": "MultiPolygon", "coordinates": [ [ [ [ -50.924648997999952, -17.796619562999979, 0.0 ], [ -50.924564920999956, -17.796680773999981, 0.0 ], [ -50.924521353999978, -17.796660488999976, 0.0 ], [ -50.92439978699997, -17.796850559999939, 0.0 ], [ -50.924385437999945, -17.796871214999953, 0.0 ], [ -50.924373903999935, -17.796890388999941, 0.0 ], [ -50.924287522999975, -17.796849092999935, 0.0 ], [ -50.924189615999978, -17.79692485299995, 0.0 ], [ -50.924175973999979, -17.79695598099994, 0.0 ], [ -50.924171004999948, -17.796968780999975, 0.0 ], [ -50.924021592999964, -17.797079450999945, 0.0 ], [ -50.923980696999934, -17.797060831999943, 0.0 ], [ -50.923878815999956, -17.797229121999976, 0.0 ], [ -50.923863069999982, -17.797262806999981, 0.0 ], [ -50.923749749999956, -17.797210132999965, 0.0 ], [ -50.923607536999953, -17.797458988999949, 0.0 ], [ -50.923569796999971, -17.797400981999942, 0.0 ], [ -50.923507479999955, -17.797467053999981, 0.0 ], [ -50.923391041999935, -17.797529299999951, 0.0 ], [ -50.923335499999951, -17.79755907599997, 0.0 ], [ -50.923505813999952, -17.797725729999968, 0.0 ], [ -50.923522521999985, -17.797696117999976, 0.0 ], [ -50.923701374999951, -17.797924113999954, 0.0 ], [ -50.923872097999947, -17.797849808999956, 0.0 ], [ -50.92391779899998, -17.797918084999935, 0.0 ], [ -50.923955980999949, -17.797837133999963, 0.0 ], [ -50.92395393399994, -17.79783366199996, 0.0 ], [ -50.92396843399996, -17.797822045999965, 0.0 ], [ -50.92396386799993, -17.797816459999979, 0.0 ], [ -50.924437302999934, -17.797635150999952, 0.0 ], [ -50.924498596999968, -17.797605034999947, 0.0 ], [ -50.924601766999956, -17.797565968999947, 0.0 ], [ -50.924895986999957, -17.79746238599995, 0.0 ], [ -50.924946185999943, -17.797444707999944, 0.0 ], [ -50.92500991299994, -17.79736169399996, 0.0 ], [ -50.92502101499997, -17.797343971999965, 0.0 ], [ -50.925025736999942, -17.797336432999941, 0.0 ], [ -50.925213601999985, -17.797293856999943, 0.0 ], [ -50.925622330999943, -17.796589339999969, 0.0 ], [ -50.925279296999975, -17.796128891999956, 0.0 ], [ -50.925135374999968, -17.796204136999961, 0.0 ], [ -50.924986793999949, -17.796365489999971, 0.0 ], [ -50.924962013999959, -17.796392816999969, 0.0 ], [ -50.924940112999934, -17.796409108999967, 0.0 ], [ -50.924922020999986, -17.796420787999978, 0.0 ], [ -50.924648997999952, -17.796619562999979, 0.0 ] ] ] ] } },
{ "type": "Feature", "properties": { "OID_": 0, "Name": "Placemark", "FolderPath": "Document", "SymbolID": 0, "AltMode": 0, "Base": 0.0, "Clamped": -1, "Extruded": 0, "Snippet": null, "PopupInfo": "<html xmlns:fo=\"http://www.w3.org/1999/XSL/Format\" xmlns:msxsl=\"urn:schemas-microsoft-com:xslt\"><head><META http-equiv=\"Content-Type\" content=\"text/html\"><meta http-equiv=\"content-type\" content=\"text/html; charset=UTF-8\"></head><body style=\"margin:0px 0p", "Shape_Leng": 0.03602009928, "Shape_Area": 4.714442e-05 }, "geometry": { "type": "MultiPolygon", "coordinates": [ [ [ [ -50.918324936999966, -17.796514205999927, 0.0 ], [ -50.918312318999938, -17.796531072999983, 0.0 ], [ -50.918291997999972, -17.796516783999948, 0.0 ], [ -50.918243511999947, -17.796601146999933, 0.0 ], [ -50.918115349999937, -17.79682048899997, 0.0 ], [ -50.918093757999941, -17.796833612999933, 0.0 ], [ -50.91803359499994, -17.796870599999977, 0.0 ], [ -50.917795603999934, -17.797304179999969, 0.0 ], [ -50.917786896999985, -17.797371084999952, 0.0 ], [ -50.917800848999946, -17.797522575999949, 0.0 ], [ -50.917624924999984, -17.797869245999948, 0.0 ], [ -50.917605830999946, -17.797932386999946, 0.0 ], [ -50.917389586999946, -17.798385030999953, 0.0 ], [ -50.917281, -17.79856985899994, 0.0 ], [ -50.917170372999976, -17.798793194999973, 0.0 ], [ -50.917127844999982, -17.798912959999939, 0.0 ], [ -50.917116725999961, -17.79893849299998, 0.0 ], [ -50.917043577999948, -17.799104253999928, 0.0 ], [ -50.916938529999982, -17.799348756999962, 0.0 ], [ -50.916704479999964, -17.799822498999958, 0.0 ], [ -50.916705209999975, -17.799901444999932, 0.0 ], [ -50.916273062999949, -17.800774492999949, 0.0 ], [ -50.916269643999954, -17.800780077999946, 0.0 ], [ -50.916297444999941, -17.80080140299998, 0.0 ], [ -50.916271171999938, -17.800909481999952, 0.0 ], [ -50.916239734999976, -17.800964420999946, 0.0 ], [ -50.916198042999952, -17.801051183999959, 0.0 ], [ -50.916235711999946, -17.801073822999967, 0.0 ], [ -50.916146248999951, -17.801251209999975, 0.0 ], [ -50.916101989999959, -17.801391037999963, 0.0 ], [ -50.916052687999979, -17.801553193999951, 0.0 ], [ -50.915809349999961, -17.801895224999953, 0.0 ], [ -50.915631618999953, -17.802496516999952, 0.0 ], [ -50.916079430999957, -17.80275175099996, 0.0 ], [ -50.916658953999956, -17.803037329999938, 0.0 ], [ -50.917528427999969, -17.803526199999965, 0.0 ], [ -50.917683200999932, -17.803728943999943, 0.0 ], [ -50.917831808999949, -17.803910511999959, 0.0 ], [ -50.917885173999935, -17.803950307999969, 0.0 ], [ -50.918002273999946, -17.804037635999975, 0.0 ], [ -50.918023440999946, -17.804057951999937, 0.0 ], [ -50.920026164999967, -17.80229762099998, 0.0 ], [ -50.921308063999959, -17.800960092999958, 0.0 ], [ -50.921261799999968, -17.800860263999937, 0.0 ], [ -50.921736632999966, -17.800450123999951, 0.0 ], [ -50.921879371999978, -17.800446062999981, 0.0 ], [ -50.922043516999963, -17.80033227399997, 0.0 ], [ -50.922095579999962, -17.800296183999933, 0.0 ], [ -50.922151766999946, -17.800257233999957, 0.0 ], [ -50.922246388999952, -17.80019163999998, 0.0 ], [ -50.922332125999958, -17.800132211999937, 0.0 ], [ -50.922332150999978, -17.800132194999946, 0.0 ], [ -50.922411824999983, -17.800076955999941, 0.0 ], [ -50.922921832999975, -17.799890228999971, 0.0 ], [ -50.923045359999946, -17.799845002999973, 0.0 ], [ -50.923143469999957, -17.79981539399995, 0.0 ], [ -50.923229516999982, -17.799789424999972, 0.0 ], [ -50.923630014999958, -17.799644866999927, 0.0 ], [ -50.924658272999977, -17.799240042999941, 0.0 ], [ -50.925173755999936, -17.800158412999963, 0.0 ], [ -50.925236554999969, -17.80019097099995, 0.0 ], [ -50.925449073999971, -17.800562326999966, 0.0 ], [ -50.925326120999955, -17.800675429999956, 0.0 ], [ -50.925643486999945, -17.800987102999954, 0.0 ], [ -50.926724279999974, -17.799919160999934, 0.0 ], [ -50.927250975999982, -17.799459996999929, 0.0 ], [ -50.927229269999941, -17.799423291999972, 0.0 ], [ -50.926865618999955, -17.798809195999979, 0.0 ], [ -50.926522584999987, -17.798332310999967, 0.0 ], [ -50.926205398999969, -17.797600614999965, 0.0 ], [ -50.925622330999943, -17.796589339999969, 0.0 ], [ -50.925213601999985, -17.797293856999943, 0.0 ], [ -50.925025736999942, -17.797336432999941, 0.0 ], [ -50.92502101499997, -17.797343971999965, 0.0 ], [ -50.92500991299994, -17.79736169399996, 0.0 ], [ -50.924946185999943, -17.797444707999944, 0.0 ], [ -50.924895986999957, -17.79746238599995, 0.0 ], [ -50.924601766999956, -17.797565968999947, 0.0 ], [ -50.924498596999968, -17.797605034999947, 0.0 ], [ -50.924437302999934, -17.797635150999952, 0.0 ], [ -50.92396386799993, -17.797816459999979, 0.0 ], [ -50.92396843399996, -17.797822045999965, 0.0 ], [ -50.92395393399994, -17.79783366199996, 0.0 ], [ -50.923955980999949, -17.797837133999963, 0.0 ], [ -50.92391779899998, -17.797918084999935, 0.0 ], [ -50.923872097999947, -17.797849808999956, 0.0 ], [ -50.923701374999951, -17.797924113999954, 0.0 ], [ -50.923522521999985, -17.797696117999976, 0.0 ], [ -50.923505813999952, -17.797725729999968, 0.0 ], [ -50.923335499999951, -17.79755907599997, 0.0 ], [ -50.923271802999977, -17.797496747999958, 0.0 ], [ -50.923285763999957, -17.797473622999973, 0.0 ], [ -50.923035879999986, -17.79721335399995, 0.0 ], [ -50.923045677999937, -17.797195121999948, 0.0 ], [ -50.923017748999939, -17.797162722999929, 0.0 ], [ -50.922951725999951, -17.797086135999962, 0.0 ], [ -50.922866089999957, -17.796986796999931, 0.0 ], [ -50.922793496999986, -17.796902588999956, 0.0 ], [ -50.922697770999946, -17.796792993999929, 0.0 ], [ -50.922558207999941, -17.796633210999971, 0.0 ], [ -50.92237906899993, -17.796545828999967, 0.0 ], [ -50.922393320999959, -17.796506919999956, 0.0 ], [ -50.922402899999952, -17.796484244999931, 0.0 ], [ -50.92248522899996, -17.796330744999977, 0.0 ], [ -50.922432835999984, -17.796306565999942, 0.0 ], [ -50.922390323999934, -17.796286389999977, 0.0 ], [ -50.922366826999962, -17.796275237999964, 0.0 ], [ -50.922085435999975, -17.795986536999976, 0.0 ], [ -50.922113082999942, -17.795935111999938, 0.0 ], [ -50.922122357999967, -17.795912715999975, 0.0 ], [ -50.921509693999951, -17.79544184599996, 0.0 ], [ -50.921467442999983, -17.795408176999956, 0.0 ], [ -50.921350235999967, -17.795368423999946, 0.0 ], [ -50.92129024999997, -17.795397304999938, 0.0 ], [ -50.921173952999936, -17.795475060999934, 0.0 ], [ -50.920470533999946, -17.79560546099998, 0.0 ], [ -50.919385448999947, -17.79574529599995, 0.0 ], [ -50.918485178999958, -17.795863091999934, 0.0 ], [ -50.918737247999957, -17.795990269999947, 0.0 ], [ -50.918705186999944, -17.79601536399997, 0.0 ], [ -50.918682022999974, -17.796035386999961, 0.0 ], [ -50.918601775999946, -17.796142990999954, 0.0 ], [ -50.918515948999982, -17.796258076999948, 0.0 ], [ -50.918459463999966, -17.796333816999947, 0.0 ], [ -50.918402767999964, -17.796409842999935, 0.0 ], [ -50.918324936999966, -17.796514205999927, 0.0 ] ] ] ] } },
{ "type": "Feature", "properties": { "OID_": 0, "Name": "Placemark", "FolderPath": "Document", "SymbolID": 0, "AltMode": 0, "Base": 0.0, "Clamped": -1, "Extruded": 0, "Snippet": null, "PopupInfo": "<html xmlns:fo=\"http://www.w3.org/1999/XSL/Format\" xmlns:msxsl=\"urn:schemas-microsoft-com:xslt\"><head><META http-equiv=\"Content-Type\" content=\"text/html\"><meta http-equiv=\"content-type\" content=\"text/html; charset=UTF-8\"></head><body style=\"margin:0px 0p", "Shape_Leng": 0.01462204941, "Shape_Area": 1.181894e-05 }, "geometry": { "type": "MultiPolygon", "coordinates": [ [ [ [ -50.93492351499998, -17.796794308999949, 0.0 ], [ -50.934878293999986, -17.797686646999978, 0.0 ], [ -50.934877293999932, -17.797711030999949, 0.0 ], [ -50.934831820999932, -17.798745695999969, 0.0 ], [ -50.934830394999949, -17.798784545999979, 0.0 ], [ -50.934786500999962, -17.799777988999949, 0.0 ], [ -50.934864533999985, -17.799798678999935, 0.0 ], [ -50.935272399999974, -17.799816735999968, 0.0 ], [ -50.935679496999967, -17.799816869999972, 0.0 ], [ -50.936367679999933, -17.799827966999942, 0.0 ], [ -50.93660751799996, -17.799828718999947, 0.0 ], [ -50.936722072999942, -17.799827415999971, 0.0 ], [ -50.937139625999976, -17.799826864999943, 0.0 ], [ -50.937488600999984, -17.799832756999933, 0.0 ], [ -50.937745913999947, -17.799836070999959, 0.0 ], [ -50.938372458999936, -17.80000376199996, 0.0 ], [ -50.938864569999964, -17.800108239999929, 0.0 ], [ -50.939221943999939, -17.800331649999976, 0.0 ], [ -50.938795984999956, -17.798319988999936, 0.0 ], [ -50.938668426999982, -17.797571235999953, 0.0 ], [ -50.938422887999934, -17.796976207999933, 0.0 ], [ -50.938053684999943, -17.79697760099998, 0.0 ], [ -50.937574344999973, -17.796958899999936, 0.0 ], [ -50.936701787999937, -17.796922281999969, 0.0 ], [ -50.935812874999954, -17.796891607999953, 0.0 ], [ -50.935797258999969, -17.796945620999963, 0.0 ], [ -50.935312581999938, -17.796695844999931, 0.0 ], [ -50.935207569999932, -17.796792430999972, 0.0 ], [ -50.93492351499998, -17.796794308999949, 0.0 ] ] ] ] } },
{ "type": "Feature", "properties": { "OID_": 0, "Name": "Placemark", "FolderPath": "Document", "SymbolID": 0, "AltMode": 0, "Base": 0.0, "Clamped": -1, "Extruded": 0, "Snippet": null, "PopupInfo": "<html xmlns:fo=\"http://www.w3.org/1999/XSL/Format\" xmlns:msxsl=\"urn:schemas-microsoft-com:xslt\"><head><META http-equiv=\"Content-Type\" content=\"text/html\"><meta http-equiv=\"content-type\" content=\"text/html; charset=UTF-8\"></head><body style=\"margin:0px 0p", "Shape_Leng": 0.01254854703, "Shape_Area": 7.47903e-06 }, "geometry": { "type": "MultiPolygon", "coordinates": [ [ [ [ -50.934921480999947, -17.793172471999981, 0.0 ], [ -50.934922901999983, -17.793418934999977, 0.0 ], [ -50.934921541999984, -17.793467447999944, 0.0 ], [ -50.934926769999947, -17.794175906999953, 0.0 ], [ -50.934927475999984, -17.794200132999947, 0.0 ], [ -50.935489607999955, -17.794211556999983, 0.0 ], [ -50.935495379999963, -17.794279807999942, 0.0 ], [ -50.935498482999947, -17.794306639999945, 0.0 ], [ -50.935509951999961, -17.794405832999928, 0.0 ], [ -50.935512759999938, -17.794506830999978, 0.0 ], [ -50.935533518999932, -17.79460212999993, 0.0 ], [ -50.935536540999976, -17.794616, 0.0 ], [ -50.935543582999969, -17.794723678999958, 0.0 ], [ -50.93554409799998, -17.794731556999977, 0.0 ], [ -50.93555343099996, -17.794814431999953, 0.0 ], [ -50.935561046999965, -17.794882060999953, 0.0 ], [ -50.93543021499994, -17.794886553999959, 0.0 ], [ -50.935435122999934, -17.795071868999969, 0.0 ], [ -50.935397795999961, -17.795072762999951, 0.0 ], [ -50.935393902999976, -17.795189252999933, 0.0 ], [ -50.935393613999963, -17.795197884999936, 0.0 ], [ -50.935432257999935, -17.795196787999942, 0.0 ], [ -50.935431768999933, -17.795473369999968, 0.0 ], [ -50.935430688999986, -17.795493920999945, 0.0 ], [ -50.935582987999965, -17.795489463999957, 0.0 ], [ -50.935911719999979, -17.79546763999997, 0.0 ], [ -50.936709448999977, -17.795422647999942, 0.0 ], [ -50.936732973999938, -17.795416219999936, 0.0 ], [ -50.937656114999982, -17.795372946999976, 0.0 ], [ -50.937651570999947, -17.795742079999968, 0.0 ], [ -50.938177064999934, -17.795706351999968, 0.0 ], [ -50.93829261299993, -17.795436535999954, 0.0 ], [ -50.938407165999934, -17.794940399999973, 0.0 ], [ -50.938688340999931, -17.793193843999973, 0.0 ], [ -50.937727803999962, -17.793200035999973, 0.0 ], [ -50.936890755999968, -17.793202978999943, 0.0 ], [ -50.936830873999952, -17.793210184999964, 0.0 ], [ -50.936794468999949, -17.793209660999935, 0.0 ], [ -50.936672941999973, -17.793203466999955, 0.0 ], [ -50.936542311999972, -17.79320701499995, 0.0 ], [ -50.936288544999968, -17.793212060999963, 0.0 ], [ -50.936023536999983, -17.793214026999976, 0.0 ], [ -50.935995697999942, -17.793214529999943, 0.0 ], [ -50.935927495999977, -17.793217240999979, 0.0 ], [ -50.935897983999951, -17.793214371999966, 0.0 ], [ -50.935625407999964, -17.793205704999934, 0.0 ], [ -50.935484478999967, -17.793199940999955, 0.0 ], [ -50.935346534999951, -17.793189729999938, 0.0 ], [ -50.934960889999957, -17.793159741999943, 0.0 ], [ -50.934921480999947, -17.793172471999981, 0.0 ] ] ] ] } },
{ "type": "Feature", "properties": { "OID_": 0, "Name": "Placemark", "FolderPath": "Document", "SymbolID": 0, "AltMode": 0, "Base": 0.0, "Clamped": -1, "Extruded": 0, "Snippet": null, "PopupInfo": "<html xmlns:fo=\"http://www.w3.org/1999/XSL/Format\" xmlns:msxsl=\"urn:schemas-microsoft-com:xslt\"><head><META http-equiv=\"Content-Type\" content=\"text/html\"><meta http-equiv=\"content-type\" content=\"text/html; charset=UTF-8\"></head><body style=\"margin:0px 0p", "Shape_Leng": 0.03180261656, "Shape_Area": 3.532431e-05 }, "geometry": { "type": "MultiPolygon", "coordinates": [ [ [ [ -50.926610577999952, -17.781134522999935, 0.0 ], [ -50.925305865999974, -17.781895364999968, 0.0 ], [ -50.924630971999932, -17.782283931999928, 0.0 ], [ -50.924583071999962, -17.782260576999931, 0.0 ], [ -50.924322228999984, -17.782781997999962, 0.0 ], [ -50.925232079999944, -17.783107472999973, 0.0 ], [ -50.925271027999941, -17.783117963999928, 0.0 ], [ -50.925747657999977, -17.783319989999939, 0.0 ], [ -50.925882227999978, -17.783382080999957, 0.0 ], [ -50.926162576999957, -17.783539021999957, 0.0 ], [ -50.926199156999985, -17.78355759699997, 0.0 ], [ -50.926323997999987, -17.783643790999974, 0.0 ], [ -50.926527584999974, -17.783804025999927, 0.0 ], [ -50.926638526999966, -17.783907690999968, 0.0 ], [ -50.926780967999946, -17.784049817999971, 0.0 ], [ -50.926955545999931, -17.784258101999967, 0.0 ], [ -50.926990270999966, -17.784242624999933, 0.0 ], [ -50.927019151999957, -17.784224377999976, 0.0 ], [ -50.927257730999941, -17.784114233999958, 0.0 ], [ -50.927462347999949, -17.784018075999938, 0.0 ], [ -50.927538940999966, -17.783982161999973, 0.0 ], [ -50.927560815999982, -17.78397190499993, 0.0 ], [ -50.927662532999932, -17.783925899999929, 0.0 ], [ -50.927781009999933, -17.783873938999932, 0.0 ], [ -50.927890285999979, -17.783818950999944, 0.0 ], [ -50.927994061999982, -17.783768424999948, 0.0 ], [ -50.928014785999949, -17.783759061999945, 0.0 ], [ -50.928046324999968, -17.783745458999931, 0.0 ], [ -50.928074004999985, -17.783732310999937, 0.0 ], [ -50.928096831999937, -17.783721998999965, 0.0 ], [ -50.928389799999934, -17.783593970999959, 0.0 ], [ -50.928517821999947, -17.783543825999971, 0.0 ], [ -50.928356923999957, -17.783263957999964, 0.0 ], [ -50.929138078999983, -17.782853261999946, 0.0 ], [ -50.929461490999984, -17.783117403999938, 0.0 ], [ -50.929567089999978, -17.783741151999948, 0.0 ], [ -50.929835618999959, -17.784276741999975, 0.0 ], [ -50.929694360999974, -17.784345722999944, 0.0 ], [ -50.929713448999962, -17.784401493999951, 0.0 ], [ -50.929758075999985, -17.784499202999939, 0.0 ], [ -50.929812822999963, -17.784619066999937, 0.0 ], [ -50.929787070999964, -17.78463265299996, 0.0 ], [ -50.929808097999967, -17.78474218599996, 0.0 ], [ -50.929857092999953, -17.784997403999967, 0.0 ], [ -50.929859142999931, -17.785017161999974, 0.0 ], [ -50.929870641999969, -17.785084809999944, 0.0 ], [ -50.929898001999959, -17.785481646999926, 0.0 ], [ -50.929942137999944, -17.785595175999958, 0.0 ], [ -50.930930176999937, -17.787320401999978, 0.0 ], [ -50.930985125999939, -17.787325110999973, 0.0 ], [ -50.93106142399995, -17.787350391999951, 0.0 ], [ -50.93124852699998, -17.787321447999943, 0.0 ], [ -50.931313799999941, -17.78731309099993, 0.0 ], [ -50.931486508999967, -17.787280382999938, 0.0 ], [ -50.931573068999967, -17.787268035999944, 0.0 ], [ -50.931721151999966, -17.787243309999951, 0.0 ], [ -50.931838262999975, -17.78722326299993, 0.0 ], [ -50.932060530999934, -17.787186640999948, 0.0 ], [ -50.932086193999965, -17.787183805999973, 0.0 ], [ -50.932146192999937, -17.787170060999927, 0.0 ], [ -50.932171456999981, -17.787165155999958, 0.0 ], [ -50.932423187999973, -17.787123700999928, 0.0 ], [ -50.932426109999938, -17.787122735999958, 0.0 ], [ -50.932674826999971, -17.787081353999952, 0.0 ], [ -50.932701028999986, -17.787071611999977, 0.0 ], [ -50.932751346999964, -17.78705905299995, 0.0 ], [ -50.932771035999963, -17.787055647999978, 0.0 ], [ -50.932977423999944, -17.787019610999948, 0.0 ], [ -50.933003767999935, -17.787014148999958, 0.0 ], [ -50.933241240999962, -17.786971804999951, 0.0 ], [ -50.933274080999979, -17.786965663999979, 0.0 ], [ -50.933297598999957, -17.786956076999957, 0.0 ], [ -50.933502639999972, -17.787336659999937, 0.0 ], [ -50.93365664099997, -17.787603105999949, 0.0 ], [ -50.933685239999932, -17.787587766999934, 0.0 ], [ -50.933719973999985, -17.787583139999981, 0.0 ], [ -50.933956400999932, -17.787538480999956, 0.0 ], [ -50.934189217999972, -17.787494503999937, 0.0 ], [ -50.934216589999949, -17.787491658999954, 0.0 ], [ -50.934239306999984, -17.787488984999982, 0.0 ], [ -50.934235341999965, -17.787468962999981, 0.0 ], [ -50.934264378999956, -17.787468112999932, 0.0 ], [ -50.934777168999972, -17.787378401999945, 0.0 ], [ -50.934808628999974, -17.787326557999961, 0.0 ], [ -50.935241854999958, -17.787044033999962, 0.0 ], [ -50.935414694999963, -17.786929034999957, 0.0 ], [ -50.935459629999968, -17.786908590999928, 0.0 ], [ -50.935227478999934, -17.786608022999928, 0.0 ], [ -50.93511700199997, -17.786396542999967, 0.0 ], [ -50.935016372999939, -17.786110932999975, 0.0 ], [ -50.934919728999944, -17.785783721999962, 0.0 ], [ -50.934828738999954, -17.785560117999978, 0.0 ], [ -50.934682060999933, -17.785336166999969, 0.0 ], [ -50.934603622999987, -17.784395612999958, 0.0 ], [ -50.934601634999979, -17.783210820999955, 0.0 ], [ -50.93416638399998, -17.782801864999954, 0.0 ], [ -50.93393889999993, -17.782649945999935, 0.0 ], [ -50.933662764999951, -17.782508532999941, 0.0 ], [ -50.933499762999986, -17.78248793399996, 0.0 ], [ -50.933307350999939, -17.782427955999935, 0.0 ], [ -50.932994089999966, -17.782482246999962, 0.0 ], [ -50.932662060999974, -17.782413179999935, 0.0 ], [ -50.93234313399995, -17.782300239999927, 0.0 ], [ -50.931981666999945, -17.782218624999928, 0.0 ], [ -50.931638160999967, -17.782221638999943, 0.0 ], [ -50.931180223999945, -17.782038126999964, 0.0 ], [ -50.930584880999959, -17.781868668999948, 0.0 ], [ -50.930546819999961, -17.781836474999977, 0.0 ], [ -50.930440795999971, -17.781746792999968, 0.0 ], [ -50.930334044999938, -17.781656496999972, 0.0 ], [ -50.93030338899996, -17.781630565999933, 0.0 ], [ -50.930236097999966, -17.781575016999966, 0.0 ], [ -50.930184416999964, -17.781532353999978, 0.0 ], [ -50.930128542999967, -17.781520807999982, 0.0 ], [ -50.930013027999962, -17.781496936999929, 0.0 ], [ -50.930003571999976, -17.781494982999959, 0.0 ], [ -50.929875866999964, -17.781468591999953, 0.0 ], [ -50.929872454999952, -17.781467887999952, 0.0 ], [ -50.929746487999978, -17.781441856999948, 0.0 ], [ -50.929727954999976, -17.781439249999949, 0.0 ], [ -50.929590510999958, -17.781511959999932, 0.0 ], [ -50.929574317999936, -17.781505420999963, 0.0 ], [ -50.929430000999957, -17.781457049999972, 0.0 ], [ -50.929297472999963, -17.781412631999956, 0.0 ], [ -50.929162778999967, -17.781367486999955, 0.0 ], [ -50.929026869999973, -17.781321933999948, 0.0 ], [ -50.928904925999973, -17.781281061999948, 0.0 ], [ -50.92877753199997, -17.781238363999933, 0.0 ], [ -50.928694546999964, -17.781210549999969, 0.0 ], [ -50.928654975999962, -17.78119514499997, 0.0 ], [ -50.928528882999956, -17.781146056999944, 0.0 ], [ -50.928424891999953, -17.781105572999934, 0.0 ], [ -50.928409992999946, -17.781093110999961, 0.0 ], [ -50.928376678999939, -17.78106859899998, 0.0 ], [ -50.928286930999946, -17.780999772999962, 0.0 ], [ -50.928267324999979, -17.780989007999949, 0.0 ], [ -50.928159600999948, -17.780929854999954, 0.0 ], [ -50.928080552999972, -17.780886448999979, 0.0 ], [ -50.928037285999949, -17.780881191999981, 0.0 ], [ -50.927900998999974, -17.780864632999965, 0.0 ], [ -50.927772183999934, -17.780848982999942, 0.0 ], [ -50.927638498999954, -17.780832739999937, 0.0 ], [ -50.927607868999985, -17.780829018999952, 0.0 ], [ -50.927494944999978, -17.780819011999938, 0.0 ], [ -50.927335739999933, -17.780804902999932, 0.0 ], [ -50.927333027999964, -17.78080466199998, 0.0 ], [ -50.927010849999931, -17.780846216999976, 0.0 ], [ -50.926991901999941, -17.780848115999959, 0.0 ], [ -50.926814634999971, -17.780946691999929, 0.0 ], [ -50.926610577999952, -17.781134522999935, 0.0 ] ] ] ] } },
{ "type": "Feature", "properties": { "OID_": 0, "Name": "Placemark", "FolderPath": "Document", "SymbolID": 0, "AltMode": 0, "Base": 0.0, "Clamped": -1, "Extruded": 0, "Snippet": null, "PopupInfo": "<html xmlns:fo=\"http://www.w3.org/1999/XSL/Format\" xmlns:msxsl=\"urn:schemas-microsoft-com:xslt\"><head><META http-equiv=\"Content-Type\" content=\"text/html\"><meta http-equiv=\"content-type\" content=\"text/html; charset=UTF-8\"></head><body style=\"margin:0px 0p", "Shape_Leng": 0.01963221888, "Shape_Area": 1.195205e-05 }, "geometry": { "type": "MultiPolygon", "coordinates": [ [ [ [ -50.933502639999972, -17.787336659999937, 0.0 ], [ -50.933297598999957, -17.786956076999957, 0.0 ], [ -50.933274080999979, -17.786965663999979, 0.0 ], [ -50.933241240999962, -17.786971804999951, 0.0 ], [ -50.933003767999935, -17.787014148999958, 0.0 ], [ -50.932977423999944, -17.787019610999948, 0.0 ], [ -50.932771035999963, -17.787055647999978, 0.0 ], [ -50.932751346999964, -17.78705905299995, 0.0 ], [ -50.932701028999986, -17.787071611999977, 0.0 ], [ -50.932674826999971, -17.787081353999952, 0.0 ], [ -50.932426109999938, -17.787122735999958, 0.0 ], [ -50.932423187999973, -17.787123700999928, 0.0 ], [ -50.932171456999981, -17.787165155999958, 0.0 ], [ -50.932146192999937, -17.787170060999927, 0.0 ], [ -50.932086193999965, -17.787183805999973, 0.0 ], [ -50.932060530999934, -17.787186640999948, 0.0 ], [ -50.931838262999975, -17.78722326299993, 0.0 ], [ -50.931721151999966, -17.787243309999951, 0.0 ], [ -50.931573068999967, -17.787268035999944, 0.0 ], [ -50.931486508999967, -17.787280382999938, 0.0 ], [ -50.931313799999941, -17.78731309099993, 0.0 ], [ -50.93124852699998, -17.787321447999943, 0.0 ], [ -50.93106142399995, -17.787350391999951, 0.0 ], [ -50.930985125999939, -17.787325110999973, 0.0 ], [ -50.930930176999937, -17.787320401999978, 0.0 ], [ -50.929912387999934, -17.787505761999967, 0.0 ], [ -50.929898541999933, -17.787430753999956, 0.0 ], [ -50.929861655999957, -17.787448286999961, 0.0 ], [ -50.929842514999962, -17.787451123999972, 0.0 ], [ -50.929563245999987, -17.787514726999973, 0.0 ], [ -50.929293958999949, -17.787538508999944, 0.0 ], [ -50.929272992999984, -17.787539676999927, 0.0 ], [ -50.929188518999979, -17.787571287999981, 0.0 ], [ -50.92916250199994, -17.787577044999978, 0.0 ], [ -50.92877071199996, -17.787630821999983, 0.0 ], [ -50.928745977999938, -17.787501910999936, 0.0 ], [ -50.928368214999978, -17.787563886999976, 0.0 ], [ -50.928324083999939, -17.787568521999958, 0.0 ], [ -50.928273801999978, -17.787567232999947, 0.0 ], [ -50.92842434399995, -17.788465345999953, 0.0 ], [ -50.92855015799995, -17.789199505999932, 0.0 ], [ -50.93007846699993, -17.789095205999956, 0.0 ], [ -50.930101485999955, -17.789110654999945, 0.0 ], [ -50.930101824999952, -17.789177808999966, 0.0 ], [ -50.931371325999976, -17.789294536999932, 0.0 ], [ -50.932405320999976, -17.789367367999944, 0.0 ], [ -50.93251442199994, -17.789369033999947, 0.0 ], [ -50.932866814999954, -17.78939337099996, 0.0 ], [ -50.933017602999939, -17.78971136499996, 0.0 ], [ -50.932990600999972, -17.789725455999928, 0.0 ], [ -50.933206976999941, -17.790192839999975, 0.0 ], [ -50.933041522999986, -17.790434522999931, 0.0 ], [ -50.933100734999982, -17.790575903999979, 0.0 ], [ -50.933355164999966, -17.790708590999941, 0.0 ], [ -50.933173864999958, -17.791057659999979, 0.0 ], [ -50.933235862999936, -17.791037919999951, 0.0 ], [ -50.933407894999959, -17.791017119999935, 0.0 ], [ -50.933460250999985, -17.791178742999932, 0.0 ], [ -50.93360612999993, -17.791151359999958, 0.0 ], [ -50.933863923999979, -17.791150641999934, 0.0 ], [ -50.933937641999933, -17.791003976999946, 0.0 ], [ -50.933975732999954, -17.791021524999962, 0.0 ], [ -50.934010509999951, -17.791000097999927, 0.0 ], [ -50.934023655999965, -17.791005114999962, 0.0 ], [ -50.934278484999936, -17.790810848999968, 0.0 ], [ -50.93431140499996, -17.790779975999953, 0.0 ], [ -50.934331939999936, -17.790738996999949, 0.0 ], [ -50.934293977999971, -17.790681803999973, 0.0 ], [ -50.934272298999986, -17.790612487999965, 0.0 ], [ -50.934418855999979, -17.790470452999955, 0.0 ], [ -50.934500275999937, -17.790390774999935, 0.0 ], [ -50.934643207999954, -17.790267797999945, 0.0 ], [ -50.934659193999948, -17.790236885999946, 0.0 ], [ -50.934396764999974, -17.790096217999974, 0.0 ], [ -50.934150185999954, -17.789967295999929, 0.0 ], [ -50.934126569999933, -17.789897402999941, 0.0 ], [ -50.934064779999972, -17.789687239999978, 0.0 ], [ -50.934043858999985, -17.789641141999937, 0.0 ], [ -50.934013246999939, -17.789573692999966, 0.0 ], [ -50.933992616999944, -17.789528237999946, 0.0 ], [ -50.933961164999971, -17.78945893599996, 0.0 ], [ -50.933957377999945, -17.78945059199998, 0.0 ], [ -50.933924546999947, -17.789378251999949, 0.0 ], [ -50.933912365999959, -17.789339670999937, 0.0 ], [ -50.933878343999936, -17.78924826399998, 0.0 ], [ -50.933865498999978, -17.789240873999972, 0.0 ], [ -50.933863588999941, -17.789235898999948, 0.0 ], [ -50.933816731999968, -17.789115396999932, 0.0 ], [ -50.933797223999932, -17.789077737999946, 0.0 ], [ -50.933789708999939, -17.789007284999968, 0.0 ], [ -50.933802742999944, -17.788984419999963, 0.0 ], [ -50.933268236999936, -17.787934790999941, 0.0 ], [ -50.93367316299998, -17.787668591999932, 0.0 ], [ -50.93365664099997, -17.787603105999949, 0.0 ], [ -50.933502639999972, -17.787336659999937, 0.0 ] ] ] ] } },
{ "type": "Feature", "properties": { "OID_": 0, "Name": "Placemark", "FolderPath": "Document", "SymbolID": 0, "AltMode": 0, "Base": 0.0, "Clamped": -1, "Extruded": 0, "Snippet": null, "PopupInfo": "<html xmlns:fo=\"http://www.w3.org/1999/XSL/Format\" xmlns:msxsl=\"urn:schemas-microsoft-com:xslt\"><head><META http-equiv=\"Content-Type\" content=\"text/html\"><meta http-equiv=\"content-type\" content=\"text/html; charset=UTF-8\"></head><body style=\"margin:0px 0p", "Shape_Leng": 0.01001709243, "Shape_Area": 5.31663e-06 }, "geometry": { "type": "MultiPolygon", "coordinates": [ [ [ [ -50.933173864999958, -17.791057659999979, 0.0 ], [ -50.933355164999966, -17.790708590999941, 0.0 ], [ -50.933100734999982, -17.790575903999979, 0.0 ], [ -50.933041522999986, -17.790434522999931, 0.0 ], [ -50.933206976999941, -17.790192839999975, 0.0 ], [ -50.932990600999972, -17.789725455999928, 0.0 ], [ -50.933017602999939, -17.78971136499996, 0.0 ], [ -50.932866814999954, -17.78939337099996, 0.0 ], [ -50.93251442199994, -17.789369033999947, 0.0 ], [ -50.932405320999976, -17.789367367999944, 0.0 ], [ -50.931371325999976, -17.789294536999932, 0.0 ], [ -50.930101824999952, -17.789177808999966, 0.0 ], [ -50.929655734999983, -17.790043134999962, 0.0 ], [ -50.932878588999984, -17.791637100999935, 0.0 ], [ -50.933040892999941, -17.791329133999966, 0.0 ], [ -50.933173864999958, -17.791057659999979, 0.0 ] ] ] ] } },
{ "type": "Feature", "properties": { "OID_": 0, "Name": "Placemark", "FolderPath": "Document", "SymbolID": 0, "AltMode": 0, "Base": 0.0, "Clamped": -1, "Extruded": 0, "Snippet": null, "PopupInfo": "<html xmlns:fo=\"http://www.w3.org/1999/XSL/Format\" xmlns:msxsl=\"urn:schemas-microsoft-com:xslt\"><head><META http-equiv=\"Content-Type\" content=\"text/html\"><meta http-equiv=\"content-type\" content=\"text/html; charset=UTF-8\"></head><body style=\"margin:0px 0p", "Shape_Leng": 0.01104403182, "Shape_Area": 7.03963e-06 }, "geometry": { "type": "MultiPolygon", "coordinates": [ [ [ [ -50.93365664099997, -17.787603105999949, 0.0 ], [ -50.93367316299998, -17.787668591999932, 0.0 ], [ -50.933268236999936, -17.787934790999941, 0.0 ], [ -50.933802742999944, -17.788984419999963, 0.0 ], [ -50.933789708999939, -17.789007284999968, 0.0 ], [ -50.933797223999932, -17.789077737999946, 0.0 ], [ -50.933816731999968, -17.789115396999932, 0.0 ], [ -50.933863588999941, -17.789235898999948, 0.0 ], [ -50.933865498999978, -17.789240873999972, 0.0 ], [ -50.933878343999936, -17.78924826399998, 0.0 ], [ -50.933912365999959, -17.789339670999937, 0.0 ], [ -50.933924546999947, -17.789378251999949, 0.0 ], [ -50.933957377999945, -17.78945059199998, 0.0 ], [ -50.933961164999971, -17.78945893599996, 0.0 ], [ -50.933992616999944, -17.789528237999946, 0.0 ], [ -50.934013246999939, -17.789573692999966, 0.0 ], [ -50.934043858999985, -17.789641141999937, 0.0 ], [ -50.934064779999972, -17.789687239999978, 0.0 ], [ -50.934126569999933, -17.789897402999941, 0.0 ], [ -50.934150185999954, -17.789967295999929, 0.0 ], [ -50.934396764999974, -17.790096217999974, 0.0 ], [ -50.934659193999948, -17.790236885999946, 0.0 ], [ -50.934696011999961, -17.790211070999931, 0.0 ], [ -50.934709703999943, -17.790203147999932, 0.0 ], [ -50.934935184999972, -17.79000892199997, 0.0 ], [ -50.935003179999967, -17.789950351999948, 0.0 ], [ -50.935055382999963, -17.790051825999967, 0.0 ], [ -50.935077469999953, -17.790094761999967, 0.0 ], [ -50.935099259999959, -17.790137118999951, 0.0 ], [ -50.935121350999964, -17.790180059999955, 0.0 ], [ -50.935161296999979, -17.790257706999967, 0.0 ], [ -50.935163729999942, -17.790262436999967, 0.0 ], [ -50.935166685999945, -17.79026510999995, 0.0 ], [ -50.935278219999987, -17.790365966999957, 0.0 ], [ -50.935414547999983, -17.790590821999956, 0.0 ], [ -50.935719641999981, -17.790000906999978, 0.0 ], [ -50.935895931999937, -17.789661471999977, 0.0 ], [ -50.93615166099994, -17.789160275999961, 0.0 ], [ -50.936659187999965, -17.788178597999945, 0.0 ], [ -50.936344810999969, -17.787811369999929, 0.0 ], [ -50.935459629999968, -17.786908590999928, 0.0 ], [ -50.935414694999963, -17.786929034999957, 0.0 ], [ -50.935241854999958, -17.787044033999962, 0.0 ], [ -50.934808628999974, -17.787326557999961, 0.0 ], [ -50.934777168999972, -17.787378401999945, 0.0 ], [ -50.934264378999956, -17.787468112999932, 0.0 ], [ -50.934235341999965, -17.787468962999981, 0.0 ], [ -50.934239306999984, -17.787488984999982, 0.0 ], [ -50.934216589999949, -17.787491658999954, 0.0 ], [ -50.934189217999972, -17.787494503999937, 0.0 ], [ -50.933956400999932, -17.787538480999956, 0.0 ], [ -50.933719973999985, -17.787583139999981, 0.0 ], [ -50.933685239999932, -17.787587766999934, 0.0 ], [ -50.93365664099997, -17.787603105999949, 0.0 ] ] ] ] } },
{ "type": "Feature", "properties": { "OID_": 0, "Name": "Placemark", "FolderPath": "Document", "SymbolID": 0, "AltMode": 0, "Base": 0.0, "Clamped": -1, "Extruded": 0, "Snippet": null, "PopupInfo": "<html xmlns:fo=\"http://www.w3.org/1999/XSL/Format\" xmlns:msxsl=\"urn:schemas-microsoft-com:xslt\"><head><META http-equiv=\"Content-Type\" content=\"text/html\"><meta http-equiv=\"content-type\" content=\"text/html; charset=UTF-8\"></head><body style=\"margin:0px 0p", "Shape_Leng": 0.01104534805, "Shape_Area": 4.20734e-06 }, "geometry": { "type": "MultiPolygon", "coordinates": [ [ [ [ -50.928356923999957, -17.783263957999964, 0.0 ], [ -50.928517821999947, -17.783543825999971, 0.0 ], [ -50.928786454999965, -17.78344160599994, 0.0 ], [ -50.929008675999967, -17.783923021999954, 0.0 ], [ -50.928203169999961, -17.78416679399993, 0.0 ], [ -50.928098546999934, -17.78425597699993, 0.0 ], [ -50.928198946999942, -17.784438155999965, 0.0 ], [ -50.928214751999974, -17.784430187999931, 0.0 ], [ -50.928237184999944, -17.784505707999926, 0.0 ], [ -50.92825825999995, -17.784576657999935, 0.0 ], [ -50.928277504999983, -17.784641443999931, 0.0 ], [ -50.928286196999977, -17.784670706999975, 0.0 ], [ -50.928298555999959, -17.784712315999968, 0.0 ], [ -50.92831414699998, -17.784764803999963, 0.0 ], [ -50.928318721999972, -17.784780202999968, 0.0 ], [ -50.928345098999955, -17.784869002999926, 0.0 ], [ -50.928375652999932, -17.784971861999963, 0.0 ], [ -50.928381830999967, -17.784992455999941, 0.0 ], [ -50.928392791999954, -17.785025669999982, 0.0 ], [ -50.928163874999939, -17.785160014999974, 0.0 ], [ -50.928325885999982, -17.785436530999959, 0.0 ], [ -50.928233843999976, -17.78548576299994, 0.0 ], [ -50.928308652999931, -17.785719585999971, 0.0 ], [ -50.927884175999964, -17.785833992999926, 0.0 ], [ -50.928024580999931, -17.786427113999935, 0.0 ], [ -50.928677153999956, -17.786213095999926, 0.0 ], [ -50.928789843999937, -17.786177222999981, 0.0 ], [ -50.929300822999949, -17.785957303999965, 0.0 ], [ -50.929942137999944, -17.785595175999958, 0.0 ], [ -50.929898001999959, -17.785481646999926, 0.0 ], [ -50.929870641999969, -17.785084809999944, 0.0 ], [ -50.929859142999931, -17.785017161999974, 0.0 ], [ -50.929857092999953, -17.784997403999967, 0.0 ], [ -50.929808097999967, -17.78474218599996, 0.0 ], [ -50.929787070999964, -17.78463265299996, 0.0 ], [ -50.929812822999963, -17.784619066999937, 0.0 ], [ -50.929758075999985, -17.784499202999939, 0.0 ], [ -50.929713448999962, -17.784401493999951, 0.0 ], [ -50.929706637999971, -17.784381105999955, 0.0 ], [ -50.929694360999974, -17.784345722999944, 0.0 ], [ -50.929835618999959, -17.784276741999975, 0.0 ], [ -50.929567089999978, -17.783741151999948, 0.0 ], [ -50.929461490999984, -17.783117403999938, 0.0 ], [ -50.929138078999983, -17.782853261999946, 0.0 ], [ -50.928356923999957, -17.783263957999964, 0.0 ] ] ] ] } },
{ "type": "Feature", "properties": { "OID_": 0, "Name": "Placemark", "FolderPath": "Document", "SymbolID": 0, "AltMode": 0, "Base": 0.0, "Clamped": -1, "Extruded": 0, "Snippet": null, "PopupInfo": "<html xmlns:fo=\"http://www.w3.org/1999/XSL/Format\" xmlns:msxsl=\"urn:schemas-microsoft-com:xslt\"><head><META http-equiv=\"Content-Type\" content=\"text/html\"><meta http-equiv=\"content-type\" content=\"text/html; charset=UTF-8\"></head><body style=\"margin:0px 0p", "Shape_Leng": 0.00494563652, "Shape_Area": 9.3822e-07 }, "geometry": { "type": "MultiPolygon", "coordinates": [ [ [ [ -50.928517821999947, -17.783543825999971, 0.0 ], [ -50.928389799999934, -17.783593970999959, 0.0 ], [ -50.928096831999937, -17.783721998999965, 0.0 ], [ -50.928074004999985, -17.783732310999937, 0.0 ], [ -50.928046324999968, -17.783745458999931, 0.0 ], [ -50.928014785999949, -17.783759061999945, 0.0 ], [ -50.927994061999982, -17.783768424999948, 0.0 ], [ -50.927890285999979, -17.783818950999944, 0.0 ], [ -50.927781009999933, -17.783873938999932, 0.0 ], [ -50.927662532999932, -17.783925899999929, 0.0 ], [ -50.927560815999982, -17.78397190499993, 0.0 ], [ -50.927538940999966, -17.783982161999973, 0.0 ], [ -50.927462347999949, -17.784018075999938, 0.0 ], [ -50.927257730999941, -17.784114233999958, 0.0 ], [ -50.927019151999957, -17.784224377999976, 0.0 ], [ -50.926990270999966, -17.784242624999933, 0.0 ], [ -50.926955545999931, -17.784258101999967, 0.0 ], [ -50.927236461999939, -17.784649024999965, 0.0 ], [ -50.927758180999945, -17.784382449999953, 0.0 ], [ -50.928098546999934, -17.78425597699993, 0.0 ], [ -50.928203169999961, -17.78416679399993, 0.0 ], [ -50.929008675999967, -17.783923021999954, 0.0 ], [ -50.928786454999965, -17.78344160599994, 0.0 ], [ -50.928517821999947, -17.783543825999971, 0.0 ] ] ] ] } },
{ "type": "Feature", "properties": { "OID_": 0, "Name": "Placemark", "FolderPath": "Document", "SymbolID": 0, "AltMode": 0, "Base": 0.0, "Clamped": -1, "Extruded": 0, "Snippet": null, "PopupInfo": "<html xmlns:fo=\"http://www.w3.org/1999/XSL/Format\" xmlns:msxsl=\"urn:schemas-microsoft-com:xslt\"><head><META http-equiv=\"Content-Type\" content=\"text/html\"><meta http-equiv=\"content-type\" content=\"text/html; charset=UTF-8\"></head><body style=\"margin:0px 0p", "Shape_Leng": 0.04045889578, "Shape_Area": 6.382956e-05 }, "geometry": { "type": "MultiPolygon", "coordinates": [ [ [ [ -50.939281509999944, -17.775782516999982, 0.0 ], [ -50.939229462999947, -17.775788957999964, 0.0 ], [ -50.938978604999932, -17.775766961999977, 0.0 ], [ -50.938489605999962, -17.775760351999963, 0.0 ], [ -50.938225262999936, -17.775753810999959, 0.0 ], [ -50.937673362999931, -17.775742874999935, 0.0 ], [ -50.936149340999975, -17.77575462599998, 0.0 ], [ -50.93549642499994, -17.775806741999929, 0.0 ], [ -50.935394217999942, -17.77583468399996, 0.0 ], [ -50.934856122999975, -17.775882878999937, 0.0 ], [ -50.934467709999979, -17.77736929799994, 0.0 ], [ -50.934325217999969, -17.778818968999929, 0.0 ], [ -50.934160940999959, -17.780281217999971, 0.0 ], [ -50.934415159999958, -17.780649945999983, 0.0 ], [ -50.934728752999945, -17.782034816999953, 0.0 ], [ -50.934601634999979, -17.783210820999955, 0.0 ], [ -50.934603622999987, -17.784395612999958, 0.0 ], [ -50.935495818999982, -17.784166831999983, 0.0 ], [ -50.936020540999948, -17.784025705999966, 0.0 ], [ -50.936777983999946, -17.78358640099998, 0.0 ], [ -50.936789940999972, -17.783583516999954, 0.0 ], [ -50.936861852999982, -17.783603304999929, 0.0 ], [ -50.937104812999962, -17.783437616999947, 0.0 ], [ -50.937359215999948, -17.783282140999972, 0.0 ], [ -50.937763787999984, -17.783023703999959, 0.0 ], [ -50.937922710999942, -17.783312098999943, 0.0 ], [ -50.938025710999966, -17.783525270999974, 0.0 ], [ -50.938029497999935, -17.78354561499998, 0.0 ], [ -50.938076108999951, -17.783509470999945, 0.0 ], [ -50.938306224999963, -17.784230851999951, 0.0 ], [ -50.938452909999967, -17.784643102999951, 0.0 ], [ -50.93845024899997, -17.784814376999975, 0.0 ], [ -50.938450070999977, -17.784825970999975, 0.0 ], [ -50.938737929999945, -17.785679376999951, 0.0 ], [ -50.93875473199995, -17.785768635999943, 0.0 ], [ -50.93945430499997, -17.78457347799997, 0.0 ], [ -50.939790986999981, -17.783920995999949, 0.0 ], [ -50.940095849999977, -17.783270678999941, 0.0 ], [ -50.940172368999981, -17.783039493999979, 0.0 ], [ -50.940457069999979, -17.782077863999973, 0.0 ], [ -50.940507060999948, -17.781909004999932, 0.0 ], [ -50.940710471999978, -17.781162120999966, 0.0 ], [ -50.940724436999972, -17.781110845999933, 0.0 ], [ -50.940867741999966, -17.780566801999953, 0.0 ], [ -50.94088076099996, -17.780517213999929, 0.0 ], [ -50.941009728999973, -17.780026021999959, 0.0 ], [ -50.94110773999995, -17.779652637999959, 0.0 ], [ -50.941153017999966, -17.779480143999933, 0.0 ], [ -50.941290394999953, -17.778997397999944, 0.0 ], [ -50.941362839999954, -17.778831123999964, 0.0 ], [ -50.941436340999985, -17.778485330999956, 0.0 ], [ -50.941557803999956, -17.778031932999966, 0.0 ], [ -50.94168373399998, -17.77765889099993, 0.0 ], [ -50.941755704999935, -17.777412106999975, 0.0 ], [ -50.941827658999955, -17.777215543999944, 0.0 ], [ -50.941957836999961, -17.776927051999962, 0.0 ], [ -50.942176870999958, -17.776524970999958, 0.0 ], [ -50.942281967999975, -17.776369961999933, 0.0 ], [ -50.942615109999963, -17.775899047999928, 0.0 ], [ -50.942959734999931, -17.775416058999951, 0.0 ], [ -50.943410165999978, -17.77481225899993, 0.0 ], [ -50.944193034999955, -17.774147647999939, 0.0 ], [ -50.944169132999946, -17.774135309999963, 0.0 ], [ -50.944309983999972, -17.773986832999981, 0.0 ], [ -50.944390909999981, -17.773825071999966, 0.0 ], [ -50.944425870999964, -17.773665131999962, 0.0 ], [ -50.944041854999966, -17.77348733599996, 0.0 ], [ -50.94176497199993, -17.772444776999976, 0.0 ], [ -50.941474570999958, -17.772874294999951, 0.0 ], [ -50.940264268999954, -17.774739094999973, 0.0 ], [ -50.93976824799995, -17.775586023999949, 0.0 ], [ -50.939692344999969, -17.77564052699995, 0.0 ], [ -50.939585488999967, -17.775699804999931, 0.0 ], [ -50.939501313999983, -17.775735232999978, 0.0 ], [ -50.939393471999949, -17.775757799999951, 0.0 ], [ -50.939281509999944, -17.775782516999982, 0.0 ] ] ] ] } },
{ "type": "Feature", "properties": { "OID_": 0, "Name": "Placemark", "FolderPath": "Document", "SymbolID": 0, "AltMode": 0, "Base": 0.0, "Clamped": -1, "Extruded": 0, "Snippet": null, "PopupInfo": "<html xmlns:fo=\"http://www.w3.org/1999/XSL/Format\" xmlns:msxsl=\"urn:schemas-microsoft-com:xslt\"><head><META http-equiv=\"Content-Type\" content=\"text/html\"><meta http-equiv=\"content-type\" content=\"text/html; charset=UTF-8\"></head><body style=\"margin:0px 0p", "Shape_Leng": 0.01224853533, "Shape_Area": 9.34524e-06 }, "geometry": { "type": "MultiPolygon", "coordinates": [ [ [ [ -50.931473766999943, -17.777004499999975, 0.0 ], [ -50.931213825999976, -17.77797716699996, 0.0 ], [ -50.931085096999936, -17.77845954199995, 0.0 ], [ -50.930890184999953, -17.779192475999935, 0.0 ], [ -50.930805274999955, -17.779459673999952, 0.0 ], [ -50.93211170099994, -17.779826127999968, 0.0 ], [ -50.933664230999966, -17.780171039999971, 0.0 ], [ -50.934160940999959, -17.780281217999971, 0.0 ], [ -50.934325217999969, -17.778818968999929, 0.0 ], [ -50.934467709999979, -17.77736929799994, 0.0 ], [ -50.933991177999985, -17.777292727999964, 0.0 ], [ -50.933300859999974, -17.777107739999963, 0.0 ], [ -50.932823054999972, -17.776995376999935, 0.0 ], [ -50.931567979999954, -17.776680468999928, 0.0 ], [ -50.931473766999943, -17.777004499999975, 0.0 ] ] ] ] } },
{ "type": "Feature", "properties": { "OID_": 0, "Name": "Placemark", "FolderPath": "Document", "SymbolID": 0, "AltMode": 0, "Base": 0.0, "Clamped": -1, "Extruded": 0, "Snippet": null, "PopupInfo": "<html xmlns:fo=\"http://www.w3.org/1999/XSL/Format\" xmlns:msxsl=\"urn:schemas-microsoft-com:xslt\"><head><META http-equiv=\"Content-Type\" content=\"text/html\"><meta http-equiv=\"content-type\" content=\"text/html; charset=UTF-8\"></head><body style=\"margin:0px 0p", "Shape_Leng": 0.01676365107, "Shape_Area": 1.093197e-05 }, "geometry": { "type": "MultiPolygon", "coordinates": [ [ [ [ -50.928405210999983, -17.778351957999973, 0.0 ], [ -50.928123825999933, -17.778834838999956, 0.0 ], [ -50.927519168999936, -17.778514430999962, 0.0 ], [ -50.92719793699996, -17.779061218999971, 0.0 ], [ -50.926721846999953, -17.779873057999964, 0.0 ], [ -50.926142511999956, -17.779557590999957, 0.0 ], [ -50.924997618999953, -17.781530535999934, 0.0 ], [ -50.924983217999966, -17.781553196999937, 0.0 ], [ -50.924855897999976, -17.78175355299993, 0.0 ], [ -50.925218728999937, -17.781887525999934, 0.0 ], [ -50.925305865999974, -17.781895364999968, 0.0 ], [ -50.926610577999952, -17.781134522999935, 0.0 ], [ -50.926814634999971, -17.780946691999929, 0.0 ], [ -50.926991901999941, -17.780848115999959, 0.0 ], [ -50.927010849999931, -17.780846216999976, 0.0 ], [ -50.927333027999964, -17.78080466199998, 0.0 ], [ -50.927335739999933, -17.780804902999932, 0.0 ], [ -50.927494944999978, -17.780819011999938, 0.0 ], [ -50.927607868999985, -17.780829018999952, 0.0 ], [ -50.927638498999954, -17.780832739999937, 0.0 ], [ -50.927772183999934, -17.780848982999942, 0.0 ], [ -50.927900998999974, -17.780864632999965, 0.0 ], [ -50.928037285999949, -17.780881191999981, 0.0 ], [ -50.928080552999972, -17.780886448999979, 0.0 ], [ -50.928159600999948, -17.780929854999954, 0.0 ], [ -50.928267324999979, -17.780989007999949, 0.0 ], [ -50.928286930999946, -17.780999772999962, 0.0 ], [ -50.928376678999939, -17.78106859899998, 0.0 ], [ -50.928409992999946, -17.781093110999961, 0.0 ], [ -50.928424891999953, -17.781105572999934, 0.0 ], [ -50.928528882999956, -17.781146056999944, 0.0 ], [ -50.928654975999962, -17.78119514499997, 0.0 ], [ -50.928694546999964, -17.781210549999969, 0.0 ], [ -50.92877753199997, -17.781238363999933, 0.0 ], [ -50.928904925999973, -17.781281061999948, 0.0 ], [ -50.929026869999973, -17.781321933999948, 0.0 ], [ -50.929162778999967, -17.781367486999955, 0.0 ], [ -50.929297472999963, -17.781412631999956, 0.0 ], [ -50.929430000999957, -17.781457049999972, 0.0 ], [ -50.929574317999936, -17.781505420999963, 0.0 ], [ -50.929590510999958, -17.781511959999932, 0.0 ], [ -50.929727954999976, -17.781439249999949, 0.0 ], [ -50.929730017999987, -17.781439587999955, 0.0 ], [ -50.929746487999978, -17.781441856999948, 0.0 ], [ -50.929872454999952, -17.781467887999952, 0.0 ], [ -50.929875866999964, -17.781468591999953, 0.0 ], [ -50.930003571999976, -17.781494982999959, 0.0 ], [ -50.930013027999962, -17.781496936999929, 0.0 ], [ -50.930128542999967, -17.781520807999982, 0.0 ], [ -50.930184416999964, -17.781532353999978, 0.0 ], [ -50.930236097999966, -17.781575016999966, 0.0 ], [ -50.93030338899996, -17.781630565999933, 0.0 ], [ -50.930805283999973, -17.779730103999952, 0.0 ], [ -50.930756067999937, -17.77961451799996, 0.0 ], [ -50.930130264999946, -17.779273647999958, 0.0 ], [ -50.929609733999939, -17.778990094999926, 0.0 ], [ -50.929006809999976, -17.778672682999968, 0.0 ], [ -50.928405210999983, -17.778351957999973, 0.0 ] ] ] ] } },
{ "type": "Feature", "properties": { "OID_": 0, "Name": "Placemark", "FolderPath": "Document", "SymbolID": 0, "AltMode": 0, "Base": 0.0, "Clamped": -1, "Extruded": 0, "Snippet": null, "PopupInfo": "<html xmlns:fo=\"http://www.w3.org/1999/XSL/Format\" xmlns:msxsl=\"urn:schemas-microsoft-com:xslt\"><head><META http-equiv=\"Content-Type\" content=\"text/html\"><meta http-equiv=\"content-type\" content=\"text/html; charset=UTF-8\"></head><body style=\"margin:0px 0p", "Shape_Leng": 0.0087329773, "Shape_Area": 2.10251e-06 }, "geometry": { "type": "MultiPolygon", "coordinates": [ [ [ [ -50.923426801999938, -17.781883471999947, 0.0 ], [ -50.923244848999957, -17.782168697999964, 0.0 ], [ -50.923005020999938, -17.782091046999938, 0.0 ], [ -50.922937923999939, -17.782064760999958, 0.0 ], [ -50.922511740999937, -17.781881534999968, 0.0 ], [ -50.92246542099997, -17.781865689999961, 0.0 ], [ -50.922021577999942, -17.781714417999979, 0.0 ], [ -50.921936569999957, -17.781678931999977, 0.0 ], [ -50.921895124999935, -17.781896277999977, 0.0 ], [ -50.92193307399998, -17.781908056999953, 0.0 ], [ -50.922471169999938, -17.782099306999953, 0.0 ], [ -50.922955920999982, -17.782273042999975, 0.0 ], [ -50.923778682999966, -17.782570566999937, 0.0 ], [ -50.924322228999984, -17.782781997999962, 0.0 ], [ -50.924583071999962, -17.782260576999931, 0.0 ], [ -50.924630971999932, -17.782283931999928, 0.0 ], [ -50.925305865999974, -17.781895364999968, 0.0 ], [ -50.925218728999937, -17.781887525999934, 0.0 ], [ -50.924855897999976, -17.78175355299993, 0.0 ], [ -50.924984368999958, -17.78155398499996, 0.0 ], [ -50.924983217999966, -17.781553196999937, 0.0 ], [ -50.92494848299998, -17.781529416999945, 0.0 ], [ -50.924304574999951, -17.781293221999931, 0.0 ], [ -50.92423882099996, -17.781271940999943, 0.0 ], [ -50.923867266999935, -17.781133810999961, 0.0 ], [ -50.923753748999957, -17.781334707999974, 0.0 ], [ -50.923715729999969, -17.78138519099997, 0.0 ], [ -50.923463425999955, -17.781820074999928, 0.0 ], [ -50.923426801999938, -17.781883471999947, 0.0 ] ] ] ] } },
{ "type": "Feature", "properties": { "OID_": 0, "Name": "Placemark", "FolderPath": "Document", "SymbolID": 0, "AltMode": 0, "Base": 0.0, "Clamped": -1, "Extruded": 0, "Snippet": null, "PopupInfo": "<html xmlns:fo=\"http://www.w3.org/1999/XSL/Format\" xmlns:msxsl=\"urn:schemas-microsoft-com:xslt\"><head><META http-equiv=\"Content-Type\" content=\"text/html\"><meta http-equiv=\"content-type\" content=\"text/html; charset=UTF-8\"></head><body style=\"margin:0px 0p", "Shape_Leng": 0.01244640651, "Shape_Area": 5.86517e-06 }, "geometry": { "type": "MultiPolygon", "coordinates": [ [ [ [ -50.925098445999936, -17.779044546999955, 0.0 ], [ -50.924682354999959, -17.779761013999973, 0.0 ], [ -50.924681521999958, -17.779761010999948, 0.0 ], [ -50.924610661999964, -17.779873616999964, 0.0 ], [ -50.924187167999946, -17.780594942999983, 0.0 ], [ -50.924146624999935, -17.780667221999977, 0.0 ], [ -50.924137895999934, -17.780676385999982, 0.0 ], [ -50.923943013999974, -17.781002133999948, 0.0 ], [ -50.923867266999935, -17.781133810999961, 0.0 ], [ -50.92423882099996, -17.781271940999943, 0.0 ], [ -50.924304574999951, -17.781293221999931, 0.0 ], [ -50.92494848299998, -17.781529416999945, 0.0 ], [ -50.924983217999966, -17.781553196999937, 0.0 ], [ -50.924984368999958, -17.78155398499996, 0.0 ], [ -50.926142511999956, -17.779557590999957, 0.0 ], [ -50.926621760999979, -17.778745630999936, 0.0 ], [ -50.926939371999936, -17.778207132999967, 0.0 ], [ -50.927222918999973, -17.777715847999957, 0.0 ], [ -50.927230991999977, -17.777701782999941, 0.0 ], [ -50.927515046999986, -17.777223829999969, 0.0 ], [ -50.926848553999946, -17.776864896999939, 0.0 ], [ -50.926639983999962, -17.776719310999965, 0.0 ], [ -50.926608176999935, -17.776756538999962, 0.0 ], [ -50.92629349799995, -17.777138074999982, 0.0 ], [ -50.926267578999955, -17.777167746999964, 0.0 ], [ -50.926219828999933, -17.777224366999974, 0.0 ], [ -50.925975698999935, -17.777547364999975, 0.0 ], [ -50.925930448999964, -17.777599296999938, 0.0 ], [ -50.925917310999978, -17.777618925999946, 0.0 ], [ -50.925883491999969, -17.777683433999982, 0.0 ], [ -50.925609124999937, -17.778169599999956, 0.0 ], [ -50.925589055999978, -17.778212894999967, 0.0 ], [ -50.925566972999945, -17.778247870999962, 0.0 ], [ -50.925136394999981, -17.778984761999936, 0.0 ], [ -50.925098445999936, -17.779044546999955, 0.0 ] ] ] ] } },
{ "type": "Feature", "properties": { "OID_": 0, "Name": "Placemark", "FolderPath": "Document", "SymbolID": 0, "AltMode": 0, "Base": 0.0, "Clamped": -1, "Extruded": 0, "Snippet": null, "PopupInfo": "<html xmlns:fo=\"http://www.w3.org/1999/XSL/Format\" xmlns:msxsl=\"urn:schemas-microsoft-com:xslt\"><head><META http-equiv=\"Content-Type\" content=\"text/html\"><meta http-equiv=\"content-type\" content=\"text/html; charset=UTF-8\"></head><body style=\"margin:0px 0p", "Shape_Leng": 0.07635940466, "Shape_Area": 0.00010570691 }, "geometry": { "type": "MultiPolygon", "coordinates": [ [ [ [ -50.915635455999961, -17.773692422999943, 0.0 ], [ -50.915640138999947, -17.773942400999942, 0.0 ], [ -50.915642466999941, -17.774081929999966, 0.0 ], [ -50.915642241999933, -17.77410058199996, 0.0 ], [ -50.915642169999956, -17.774118536999936, 0.0 ], [ -50.915702718999967, -17.774101361999953, 0.0 ], [ -50.915737239999942, -17.774094454999954, 0.0 ], [ -50.915763176999974, -17.77408926499993, 0.0 ], [ -50.915894884999943, -17.774048891999939, 0.0 ], [ -50.916016102999947, -17.774009930999966, 0.0 ], [ -50.916156017999981, -17.774071051999954, 0.0 ], [ -50.916192783999975, -17.774072505999982, 0.0 ], [ -50.916220750999969, -17.774011618999964, 0.0 ], [ -50.91626668899994, -17.773922897999967, 0.0 ], [ -50.91630362099994, -17.773926993999964, 0.0 ], [ -50.916470025999956, -17.773979406999956, 0.0 ], [ -50.916576274999954, -17.774012870999968, 0.0 ], [ -50.916666737999947, -17.77404136399997, 0.0 ], [ -50.916714888999934, -17.77405638099998, 0.0 ], [ -50.916911009999978, -17.774118301999977, 0.0 ], [ -50.917096110999978, -17.774176601999955, 0.0 ], [ -50.917196455999942, -17.77421534399997, 0.0 ], [ -50.917233978999946, -17.774238151999953, 0.0 ], [ -50.917276557999969, -17.774243396999964, 0.0 ], [ -50.917303574999949, -17.774255204999974, 0.0 ], [ -50.917622537999932, -17.774337472999946, 0.0 ], [ -50.91767462599995, -17.774355417999971, 0.0 ], [ -50.917782364999937, -17.774390828999969, 0.0 ], [ -50.917886498999962, -17.774425053999948, 0.0 ], [ -50.91823573299996, -17.774541390999957, 0.0 ], [ -50.918311317999951, -17.774567477999938, 0.0 ], [ -50.918347433999941, -17.774578305999967, 0.0 ], [ -50.918678039999975, -17.774690104999934, 0.0 ], [ -50.919003202999932, -17.774800063999976, 0.0 ], [ -50.919223638999938, -17.774874606999958, 0.0 ], [ -50.919257574999961, -17.774884640999971, 0.0 ], [ -50.919283202999964, -17.774894897999957, 0.0 ], [ -50.919346277999978, -17.774748923999937, 0.0 ], [ -50.92052988599994, -17.775282464999975, 0.0 ], [ -50.920539800999961, -17.775331772999948, 0.0 ], [ -50.920510491999948, -17.775616343999957, 0.0 ], [ -50.920467620999943, -17.775859700999945, 0.0 ], [ -50.920464268999979, -17.775883693999958, 0.0 ], [ -50.920382765999932, -17.776439915999958, 0.0 ], [ -50.920310535999931, -17.777049975999944, 0.0 ], [ -50.919942610999954, -17.779762311999946, 0.0 ], [ -50.919833667999967, -17.780742045999943, 0.0 ], [ -50.920305410999958, -17.780953747999945, 0.0 ], [ -50.920311038999955, -17.780962082999963, 0.0 ], [ -50.92030505799994, -17.780976502999977, 0.0 ], [ -50.920821500999978, -17.781429672999934, 0.0 ], [ -50.92140091899995, -17.781952605999948, 0.0 ], [ -50.92161267299997, -17.78213606099996, 0.0 ], [ -50.921754872999941, -17.782224982999935, 0.0 ], [ -50.921895124999935, -17.781896277999977, 0.0 ], [ -50.921936569999957, -17.781678931999977, 0.0 ], [ -50.922021577999942, -17.781714417999979, 0.0 ], [ -50.92246542099997, -17.781865689999961, 0.0 ], [ -50.922511740999937, -17.781881534999968, 0.0 ], [ -50.922937923999939, -17.782064760999958, 0.0 ], [ -50.923005020999938, -17.782091046999938, 0.0 ], [ -50.923244848999957, -17.782168697999964, 0.0 ], [ -50.923426801999938, -17.781883471999947, 0.0 ], [ -50.923463425999955, -17.781820074999928, 0.0 ], [ -50.923715729999969, -17.78138519099997, 0.0 ], [ -50.923753748999957, -17.781334707999974, 0.0 ], [ -50.923867266999935, -17.781133810999961, 0.0 ], [ -50.92388051599994, -17.781110361999936, 0.0 ], [ -50.923943013999974, -17.781002133999948, 0.0 ], [ -50.924137895999934, -17.780676385999982, 0.0 ], [ -50.924146624999935, -17.780667221999977, 0.0 ], [ -50.924187167999946, -17.780594942999983, 0.0 ], [ -50.924610661999964, -17.779873616999964, 0.0 ], [ -50.924682354999959, -17.779761013999973, 0.0 ], [ -50.925098445999936, -17.779044546999955, 0.0 ], [ -50.925136394999981, -17.778984761999936, 0.0 ], [ -50.925566972999945, -17.778247870999962, 0.0 ], [ -50.925589055999978, -17.778212894999967, 0.0 ], [ -50.925609124999937, -17.778169599999956, 0.0 ], [ -50.925883491999969, -17.777683433999982, 0.0 ], [ -50.925917310999978, -17.777618925999946, 0.0 ], [ -50.925930448999964, -17.777599296999938, 0.0 ], [ -50.925975698999935, -17.777547364999975, 0.0 ], [ -50.925803537999968, -17.777420595999956, 0.0 ], [ -50.925613701999964, -17.777277374999983, 0.0 ], [ -50.925270093999984, -17.777016376999939, 0.0 ], [ -50.925221978999957, -17.77697552199993, 0.0 ], [ -50.925261362999947, -17.776920450999967, 0.0 ], [ -50.925630818999934, -17.776482701999953, 0.0 ], [ -50.925679004999949, -17.776416103999964, 0.0 ], [ -50.926028734999932, -17.775996215999953, 0.0 ], [ -50.926123556999983, -17.775884663999932, 0.0 ], [ -50.926494124999977, -17.775448058999928, 0.0 ], [ -50.92653629299997, -17.775390842999968, 0.0 ], [ -50.926938958999983, -17.774910314999943, 0.0 ], [ -50.926991071999964, -17.774844986999938, 0.0 ], [ -50.927235775999975, -17.774531101999969, 0.0 ], [ -50.927361727999937, -17.774351200999945, 0.0 ], [ -50.927434726999934, -17.774309725999956, 0.0 ], [ -50.927644075999979, -17.774074970999948, 0.0 ], [ -50.927837282999974, -17.77383316099997, 0.0 ], [ -50.927896287999943, -17.773770498999966, 0.0 ], [ -50.928125199999954, -17.773495828999955, 0.0 ], [ -50.928706550999948, -17.773939402999929, 0.0 ], [ -50.928720622999947, -17.773949240999968, 0.0 ], [ -50.928739747999941, -17.773966014999928, 0.0 ], [ -50.928842373999942, -17.774082211999939, 0.0 ], [ -50.928842918999976, -17.774082828999951, 0.0 ], [ -50.929127964999964, -17.773745472999963, 0.0 ], [ -50.92957120799997, -17.773175667999965, 0.0 ], [ -50.930041290999952, -17.772379526999941, 0.0 ], [ -50.930766318999986, -17.77149394199995, 0.0 ], [ -50.93050242299995, -17.771533630999954, 0.0 ], [ -50.930409973999986, -17.771513135999953, 0.0 ], [ -50.930300575999979, -17.771476628999949, 0.0 ], [ -50.93029390099997, -17.771474400999978, 0.0 ], [ -50.930183048999936, -17.771482721999973, 0.0 ], [ -50.930031697999937, -17.771470098999941, 0.0 ], [ -50.929801815999951, -17.771419786999957, 0.0 ], [ -50.929707360999942, -17.771468772999981, 0.0 ], [ -50.929601463999973, -17.771516432999931, 0.0 ], [ -50.929525054999942, -17.771570739999959, 0.0 ], [ -50.929434970999978, -17.771552649999933, 0.0 ], [ -50.929402244999949, -17.771463422999943, 0.0 ], [ -50.929332186999943, -17.771426964999932, 0.0 ], [ -50.929218157999969, -17.771338739999976, 0.0 ], [ -50.928942376999942, -17.771270326999968, 0.0 ], [ -50.928714809999974, -17.771189419999928, 0.0 ], [ -50.928570281999953, -17.771116597999935, 0.0 ], [ -50.928432455999939, -17.771055923999938, 0.0 ], [ -50.928330305999964, -17.771091749999982, 0.0 ], [ -50.928250787999957, -17.771110930999953, 0.0 ], [ -50.928174743999932, -17.771128526999973, 0.0 ], [ -50.928104109999936, -17.771127976999935, 0.0 ], [ -50.928032991999942, -17.771155197999974, 0.0 ], [ -50.927996813999982, -17.771142838999936, 0.0 ], [ -50.927939527999968, -17.771086869999976, 0.0 ], [ -50.927940489999969, -17.771021105999978, 0.0 ], [ -50.927916614999958, -17.771015388999956, 0.0 ], [ -50.927371252999933, -17.770590845999948, 0.0 ], [ -50.927373712999952, -17.770575766999968, 0.0 ], [ -50.927373487999944, -17.770560505999981, 0.0 ], [ -50.927370585999938, -17.770545498999979, 0.0 ], [ -50.927365087999931, -17.770531173999927, 0.0 ], [ -50.927357150999967, -17.77051794099998, 0.0 ], [ -50.927347001999976, -17.770506176999959, 0.0 ], [ -50.927334931999951, -17.770496217999948, 0.0 ], [ -50.927321283999959, -17.770488346999969, 0.0 ], [ -50.927306446999978, -17.77048278999996, 0.0 ], [ -50.926941911999961, -17.770364834999953, 0.0 ], [ -50.926626436999982, -17.770139021999967, 0.0 ], [ -50.926544171999979, -17.770076828999947, 0.0 ], [ -50.924967144999982, -17.768863722999981, 0.0 ], [ -50.924764109999956, -17.769621319999942, 0.0 ], [ -50.924453743999948, -17.77068552399993, 0.0 ], [ -50.924117086999956, -17.772060979999935, 0.0 ], [ -50.923615230999985, -17.774122422999937, 0.0 ], [ -50.922524413999952, -17.773924136999938, 0.0 ], [ -50.922552981999957, -17.773809068999981, 0.0 ], [ -50.922522927999978, -17.773768377999943, 0.0 ], [ -50.921650000999932, -17.773433142999977, 0.0 ], [ -50.92161595999994, -17.773420033999969, 0.0 ], [ -50.921543138999937, -17.773393412999951, 0.0 ], [ -50.920742903999951, -17.773083818999964, 0.0 ], [ -50.920674256999973, -17.77305738299998, 0.0 ], [ -50.919873707999955, -17.77274908499993, 0.0 ], [ -50.919826070999932, -17.772669375999953, 0.0 ], [ -50.918792156999984, -17.772439553999959, 0.0 ], [ -50.918813443999966, -17.77235802499996, 0.0 ], [ -50.918771597999978, -17.77234158999994, 0.0 ], [ -50.91784695399997, -17.771966928999973, 0.0 ], [ -50.917851734999942, -17.771934532999978, 0.0 ], [ -50.917932524999969, -17.771588415999929, 0.0 ], [ -50.918080368999938, -17.770984146999979, 0.0 ], [ -50.918227508999962, -17.770372076999934, 0.0 ], [ -50.918388498999946, -17.769760649999967, 0.0 ], [ -50.918536662999941, -17.769157967999945, 0.0 ], [ -50.918670156999951, -17.768543156999954, 0.0 ], [ -50.918983405999938, -17.76733464199998, 0.0 ], [ -50.91903214599995, -17.767135786999972, 0.0 ], [ -50.919138815999986, -17.76672012299997, 0.0 ], [ -50.919286025999952, -17.766103252999926, 0.0 ], [ -50.919440314999974, -17.76550651499997, 0.0 ], [ -50.919555449999962, -17.765047361999962, 0.0 ], [ -50.919173928999953, -17.76427666099994, 0.0 ], [ -50.919116652999946, -17.763975226999946, 0.0 ], [ -50.918178375999958, -17.762211048999973, 0.0 ], [ -50.917704300999958, -17.762070218999952, 0.0 ], [ -50.917145263999942, -17.761931273999949, 0.0 ], [ -50.916721382999981, -17.761774255999967, 0.0 ], [ -50.916138323999974, -17.761243263999972, 0.0 ], [ -50.915523977999953, -17.76068646799996, 0.0 ], [ -50.915526571999976, -17.762691511999947, 0.0 ], [ -50.91559115299998, -17.763369842999964, 0.0 ], [ -50.915526855999985, -17.763671254999963, 0.0 ], [ -50.915477086999942, -17.763925902999972, 0.0 ], [ -50.915575381999986, -17.764082448999943, 0.0 ], [ -50.915574362999962, -17.764642710999965, 0.0 ], [ -50.915520170999969, -17.764720964999981, 0.0 ], [ -50.915520251999965, -17.764753703999929, 0.0 ], [ -50.915529035999953, -17.765005720999966, 0.0 ], [ -50.915538283999979, -17.765174155999944, 0.0 ], [ -50.915515936999952, -17.765256411999928, 0.0 ], [ -50.915508743999965, -17.765280644999962, 0.0 ], [ -50.915606369999978, -17.765291103999971, 0.0 ], [ -50.915605637999931, -17.765323749999936, 0.0 ], [ -50.915579315999935, -17.765953746999969, 0.0 ], [ -50.915549971999951, -17.766564262999964, 0.0 ], [ -50.915553145999979, -17.767220297999927, 0.0 ], [ -50.915554433999944, -17.767813312999976, 0.0 ], [ -50.915603574999977, -17.767863697999928, 0.0 ], [ -50.915450838999959, -17.768468046999942, 0.0 ], [ -50.915566418999958, -17.768534501999966, 0.0 ], [ -50.915568190999977, -17.769094670999948, 0.0 ], [ -50.915570704999936, -17.769169810999927, 0.0 ], [ -50.915583175999984, -17.769739428999969, 0.0 ], [ -50.915637851999975, -17.769831388999933, 0.0 ], [ -50.915536092999957, -17.770086832999937, 0.0 ], [ -50.915614349999942, -17.770102716999929, 0.0 ], [ -50.915565449999974, -17.770375831999957, 0.0 ], [ -50.91557258499995, -17.770450439999934, 0.0 ], [ -50.915594021999937, -17.771021985999937, 0.0 ], [ -50.915595550999967, -17.771069927999974, 0.0 ], [ -50.915600158999951, -17.771100222999962, 0.0 ], [ -50.91561597599997, -17.771662342999946, 0.0 ], [ -50.915746163999984, -17.771726771999965, 0.0 ], [ -50.915594702999954, -17.772332191999965, 0.0 ], [ -50.915618105999954, -17.772421478999945, 0.0 ], [ -50.915626817999964, -17.772943361999978, 0.0 ], [ -50.915622102999976, -17.773022131999937, 0.0 ], [ -50.915631676999965, -17.773227764999945, 0.0 ], [ -50.915634982999961, -17.773583311999971, 0.0 ], [ -50.915634901999965, -17.773663162999981, 0.0 ], [ -50.915635455999961, -17.773692422999943, 0.0 ] ] ] ] } },
{ "type": "Feature", "properties": { "OID_": 0, "Name": "Placemark", "FolderPath": "Document", "SymbolID": 0, "AltMode": 0, "Base": 0.0, "Clamped": -1, "Extruded": 0, "Snippet": null, "PopupInfo": "<html xmlns:fo=\"http://www.w3.org/1999/XSL/Format\" xmlns:msxsl=\"urn:schemas-microsoft-com:xslt\"><head><META http-equiv=\"Content-Type\" content=\"text/html\"><meta http-equiv=\"content-type\" content=\"text/html; charset=UTF-8\"></head><body style=\"margin:0px 0p", "Shape_Leng": 0.0090926825, "Shape_Area": 3.6625e-06 }, "geometry": { "type": "MultiPolygon", "coordinates": [ [ [ [ -50.935006109999961, -17.795893563999982, 0.0 ], [ -50.934986236999976, -17.795894910999948, 0.0 ], [ -50.934936185999959, -17.795894640999961, 0.0 ], [ -50.934930790999942, -17.796087925999927, 0.0 ], [ -50.934914870999933, -17.796432209999978, 0.0 ], [ -50.934934737999981, -17.796524246999979, 0.0 ], [ -50.93492351499998, -17.796794308999949, 0.0 ], [ -50.935207569999932, -17.796792430999972, 0.0 ], [ -50.935312581999938, -17.796695844999931, 0.0 ], [ -50.935797258999969, -17.796945620999963, 0.0 ], [ -50.935812874999954, -17.796891607999953, 0.0 ], [ -50.936701787999937, -17.796922281999969, 0.0 ], [ -50.937574344999973, -17.796958899999936, 0.0 ], [ -50.938053684999943, -17.79697760099998, 0.0 ], [ -50.938422887999934, -17.796976207999933, 0.0 ], [ -50.93819640199996, -17.796223992999955, 0.0 ], [ -50.938177064999934, -17.795706351999968, 0.0 ], [ -50.93769587099996, -17.795738706999941, 0.0 ], [ -50.937651570999947, -17.795742079999968, 0.0 ], [ -50.937613046999957, -17.795743670999968, 0.0 ], [ -50.936779626999964, -17.795794788999956, 0.0 ], [ -50.936717770999962, -17.795794928999953, 0.0 ], [ -50.935895286999937, -17.795841605999954, 0.0 ], [ -50.935821222999948, -17.795850807999955, 0.0 ], [ -50.935795485999961, -17.795852096999965, 0.0 ], [ -50.935654587999977, -17.79585949899996, 0.0 ], [ -50.935509153999931, -17.795867137999949, 0.0 ], [ -50.935317980999969, -17.79587718099998, 0.0 ], [ -50.935197930999948, -17.795883486999969, 0.0 ], [ -50.935006109999961, -17.795893563999982, 0.0 ] ] ] ] } },
{ "type": "Feature", "properties": { "OID_": 0, "Name": "Placemark", "FolderPath": "Document", "SymbolID": 0, "AltMode": 0, "Base": 0.0, "Clamped": -1, "Extruded": 0, "Snippet": null, "PopupInfo": "<html xmlns:fo=\"http://www.w3.org/1999/XSL/Format\" xmlns:msxsl=\"urn:schemas-microsoft-com:xslt\"><head><META http-equiv=\"Content-Type\" content=\"text/html\"><meta http-equiv=\"content-type\" content=\"text/html; charset=UTF-8\"></head><body style=\"margin:0px 0p", "Shape_Leng": 0.01696860055, "Shape_Area": 1.35538e-05 }, "geometry": { "type": "MultiPolygon", "coordinates": [ [ [ [ -50.921168989999956, -17.770889509999961, 0.0 ], [ -50.920307790999971, -17.77056172999994, 0.0 ], [ -50.919367282999985, -17.770203805999927, 0.0 ], [ -50.919357855999976, -17.770196606999946, 0.0 ], [ -50.918388498999946, -17.769760649999967, 0.0 ], [ -50.918227508999962, -17.770372076999934, 0.0 ], [ -50.918080368999938, -17.770984146999979, 0.0 ], [ -50.917932524999969, -17.771588415999929, 0.0 ], [ -50.917851734999942, -17.771934532999978, 0.0 ], [ -50.91784695399997, -17.771966928999973, 0.0 ], [ -50.918771597999978, -17.77234158999994, 0.0 ], [ -50.918813443999966, -17.77235802499996, 0.0 ], [ -50.918792156999984, -17.772439553999959, 0.0 ], [ -50.919826070999932, -17.772669375999953, 0.0 ], [ -50.919873707999955, -17.77274908499993, 0.0 ], [ -50.920674256999973, -17.77305738299998, 0.0 ], [ -50.920742903999951, -17.773083818999964, 0.0 ], [ -50.921543442999962, -17.773392107999939, 0.0 ], [ -50.92161595999994, -17.773420033999969, 0.0 ], [ -50.921650000999932, -17.773433142999977, 0.0 ], [ -50.922522927999978, -17.773768377999943, 0.0 ], [ -50.922552981999957, -17.773809068999981, 0.0 ], [ -50.922524413999952, -17.773924136999938, 0.0 ], [ -50.923615230999985, -17.774122422999937, 0.0 ], [ -50.924117086999956, -17.772060979999935, 0.0 ], [ -50.923074419999978, -17.771657653999966, 0.0 ], [ -50.922797875999947, -17.771597781999958, 0.0 ], [ -50.922137888999941, -17.771311115999936, 0.0 ], [ -50.921168989999956, -17.770889509999961, 0.0 ] ] ] ] } },
{ "type": "Feature", "properties": { "OID_": 0, "Name": "Placemark", "FolderPath": "Document", "SymbolID": 0, "AltMode": 0, "Base": 0.0, "Clamped": -1, "Extruded": 0, "Snippet": null, "PopupInfo": "<html xmlns:fo=\"http://www.w3.org/1999/XSL/Format\" xmlns:msxsl=\"urn:schemas-microsoft-com:xslt\"><head><META http-equiv=\"Content-Type\" content=\"text/html\"><meta http-equiv=\"content-type\" content=\"text/html; charset=UTF-8\"></head><body style=\"margin:0px 0p", "Shape_Leng": 0.01528123663, "Shape_Area": 8.73709e-06 }, "geometry": { "type": "MultiPolygon", "coordinates": [ [ [ [ -50.921956136999938, -17.767993870999931, 0.0 ], [ -50.921044087999974, -17.767793130999962, 0.0 ], [ -50.92054602099995, -17.767660152999952, 0.0 ], [ -50.920021492999979, -17.767442525999968, 0.0 ], [ -50.919992928999932, -17.76743160999996, 0.0 ], [ -50.919063588999961, -17.767145021999966, 0.0 ], [ -50.91903214599995, -17.767135786999972, 0.0 ], [ -50.918983405999938, -17.76733464199998, 0.0 ], [ -50.918826392999961, -17.767937702999973, 0.0 ], [ -50.918670156999951, -17.768543156999954, 0.0 ], [ -50.919042428999944, -17.768627354999978, 0.0 ], [ -50.919690005999939, -17.768760535999945, 0.0 ], [ -50.919669539999973, -17.768852613999968, 0.0 ], [ -50.922445892999974, -17.769911289999982, 0.0 ], [ -50.92241391999994, -17.770021395999947, 0.0 ], [ -50.923453964999965, -17.770245803999956, 0.0 ], [ -50.923438183999963, -17.770283560999928, 0.0 ], [ -50.924453743999948, -17.77068552399993, 0.0 ], [ -50.924764109999956, -17.769621319999942, 0.0 ], [ -50.92463937399998, -17.769541688999936, 0.0 ], [ -50.923832798999968, -17.769097344999977, 0.0 ], [ -50.923737274999951, -17.76904854299994, 0.0 ], [ -50.921956136999938, -17.767993870999931, 0.0 ] ] ] ] } },
{ "type": "Feature", "properties": { "OID_": 0, "Name": "Placemark", "FolderPath": "Document", "SymbolID": 0, "AltMode": 0, "Base": 0.0, "Clamped": -1, "Extruded": 0, "Snippet": null, "PopupInfo": "<html xmlns:fo=\"http://www.w3.org/1999/XSL/Format\" xmlns:msxsl=\"urn:schemas-microsoft-com:xslt\"><head><META http-equiv=\"Content-Type\" content=\"text/html\"><meta http-equiv=\"content-type\" content=\"text/html; charset=UTF-8\"></head><body style=\"margin:0px 0p", "Shape_Leng": 0.0199415284, "Shape_Area": 1.870955e-05 }, "geometry": { "type": "MultiPolygon", "coordinates": [ [ [ [ -50.921956136999938, -17.767993870999931, 0.0 ], [ -50.923737274999951, -17.76904854299994, 0.0 ], [ -50.923832798999968, -17.769097344999977, 0.0 ], [ -50.92463937399998, -17.769541688999936, 0.0 ], [ -50.924764109999956, -17.769621319999942, 0.0 ], [ -50.924967144999982, -17.768863722999981, 0.0 ], [ -50.925116412999955, -17.768255570999941, 0.0 ], [ -50.925125266999942, -17.767682385999933, 0.0 ], [ -50.924559727999963, -17.767249350999975, 0.0 ], [ -50.923810759999981, -17.766607299999976, 0.0 ], [ -50.923645212999986, -17.766437169999961, 0.0 ], [ -50.923551247999967, -17.766342542999951, 0.0 ], [ -50.922416147999968, -17.764934764999964, 0.0 ], [ -50.922038179999959, -17.764465503999929, 0.0 ], [ -50.92193120099995, -17.764279649999935, 0.0 ], [ -50.921868657999937, -17.76417188299996, 0.0 ], [ -50.921582101999945, -17.76369975199998, 0.0 ], [ -50.921411772999932, -17.76338170799994, 0.0 ], [ -50.921400020999954, -17.763375160999942, 0.0 ], [ -50.921389006999959, -17.763367524999978, 0.0 ], [ -50.921378842999957, -17.763358876999973, 0.0 ], [ -50.921369625999944, -17.763349300999948, 0.0 ], [ -50.921361451999985, -17.763338892999968, 0.0 ], [ -50.921354397999949, -17.763327757999946, 0.0 ], [ -50.921348538999951, -17.763316004999979, 0.0 ], [ -50.921343927999942, -17.763303750999967, 0.0 ], [ -50.921340613999973, -17.763291118999973, 0.0 ], [ -50.92133862999998, -17.763278232999937, 0.0 ], [ -50.921337993999941, -17.763265220999926, 0.0 ], [ -50.921338713999944, -17.763252213999976, 0.0 ], [ -50.921340780999969, -17.763239340999974, 0.0 ], [ -50.921048455999937, -17.763389581999945, 0.0 ], [ -50.920466476999934, -17.763689240999952, 0.0 ], [ -50.920424267999977, -17.763712835999968, 0.0 ], [ -50.920075513999961, -17.763910662999933, 0.0 ], [ -50.919903567999938, -17.764036182999973, 0.0 ], [ -50.919116652999946, -17.763975226999946, 0.0 ], [ -50.919173928999953, -17.76427666099994, 0.0 ], [ -50.919555449999962, -17.765047361999962, 0.0 ], [ -50.919440314999974, -17.76550651499997, 0.0 ], [ -50.919286025999952, -17.766103252999926, 0.0 ], [ -50.919138815999986, -17.76672012299997, 0.0 ], [ -50.91903214599995, -17.767135786999972, 0.0 ], [ -50.919068896999931, -17.767146579999974, 0.0 ], [ -50.919992928999932, -17.76743160999996, 0.0 ], [ -50.920021492999979, -17.767442525999968, 0.0 ], [ -50.92054602099995, -17.767660152999952, 0.0 ], [ -50.921044087999974, -17.767793130999962, 0.0 ], [ -50.921956136999938, -17.767993870999931, 0.0 ] ] ] ] } },
{ "type": "Feature", "properties": { "OID_": 0, "Name": "Placemark", "FolderPath": "Document", "SymbolID": 0, "AltMode": 0, "Base": 0.0, "Clamped": -1, "Extruded": 0, "Snippet": null, "PopupInfo": "<html xmlns:fo=\"http://www.w3.org/1999/XSL/Format\" xmlns:msxsl=\"urn:schemas-microsoft-com:xslt\"><head><META http-equiv=\"Content-Type\" content=\"text/html\"><meta http-equiv=\"content-type\" content=\"text/html; charset=UTF-8\"></head><body style=\"margin:0px 0p", "Shape_Leng": 0.03406505482, "Shape_Area": 4.301332e-05 }, "geometry": { "type": "MultiPolygon", "coordinates": [ [ [ [ -50.908519890999969, -17.757846911999934, 0.0 ], [ -50.909162458999958, -17.758110279999983, 0.0 ], [ -50.910759429999985, -17.758965986999954, 0.0 ], [ -50.911880671999938, -17.75932265299997, 0.0 ], [ -50.913899844999946, -17.759779340999955, 0.0 ], [ -50.914793346999943, -17.760191624999948, 0.0 ], [ -50.915217674999951, -17.760427684999968, 0.0 ], [ -50.915523977999953, -17.76068646799996, 0.0 ], [ -50.916138323999974, -17.761243263999972, 0.0 ], [ -50.916721382999981, -17.761774255999967, 0.0 ], [ -50.917145263999942, -17.761931273999949, 0.0 ], [ -50.917704300999958, -17.762070218999952, 0.0 ], [ -50.918178375999958, -17.762211048999973, 0.0 ], [ -50.918466783999975, -17.762753316999977, 0.0 ], [ -50.918759779999959, -17.763303131999976, 0.0 ], [ -50.919045640999968, -17.76384287999997, 0.0 ], [ -50.919116652999946, -17.763975226999946, 0.0 ], [ -50.919903567999938, -17.764036182999973, 0.0 ], [ -50.920075513999961, -17.763910662999933, 0.0 ], [ -50.920424267999977, -17.763712835999968, 0.0 ], [ -50.920466476999934, -17.763689240999952, 0.0 ], [ -50.921320346999948, -17.76324920899998, 0.0 ], [ -50.921187110999938, -17.763026211999943, 0.0 ], [ -50.920863064999935, -17.762480867999955, 0.0 ], [ -50.920538569999962, -17.761935445999939, 0.0 ], [ -50.920214079999937, -17.76138373699996, 0.0 ], [ -50.920100932999958, -17.761194792999959, 0.0 ], [ -50.919878335999954, -17.760838976999935, 0.0 ], [ -50.91981087399995, -17.760751771999935, 0.0 ], [ -50.919765407999932, -17.76069509499996, 0.0 ], [ -50.919662151999944, -17.760582147999969, 0.0 ], [ -50.919555665999951, -17.760472293999953, 0.0 ], [ -50.919400769999982, -17.760331486999974, 0.0 ], [ -50.919388969999943, -17.760321036999926, 0.0 ], [ -50.919312030999947, -17.760241746999952, 0.0 ], [ -50.919208773999969, -17.760131892999937, 0.0 ], [ -50.918891600999984, -17.759793883999976, 0.0 ], [ -50.918744118999939, -17.759636779999937, 0.0 ], [ -50.918397880999976, -17.759263505999968, 0.0 ], [ -50.918293989999938, -17.75915095199997, 0.0 ], [ -50.917896520999932, -17.758737805999942, 0.0 ], [ -50.91740585499997, -17.758211949999975, 0.0 ], [ -50.917215825999961, -17.758005733999937, 0.0 ], [ -50.916598760999932, -17.757357751999962, 0.0 ], [ -50.915609022999945, -17.756309300999931, 0.0 ], [ -50.915103852999948, -17.755777886999965, 0.0 ], [ -50.914613505999966, -17.755261083999926, 0.0 ], [ -50.914158336999947, -17.754765306999957, 0.0 ], [ -50.914146566999932, -17.754767259999937, 0.0 ], [ -50.914134650999983, -17.754768078999973, 0.0 ], [ -50.914122709999958, -17.754767757999957, 0.0 ], [ -50.914110860999983, -17.754766299999972, 0.0 ], [ -50.914099222999937, -17.754763717999936, 0.0 ], [ -50.914087910999967, -17.754760037999972, 0.0 ], [ -50.914077037999959, -17.754755296999974, 0.0 ], [ -50.914066710999975, -17.754749542999946, 0.0 ], [ -50.914057032999949, -17.754742831999977, 0.0 ], [ -50.914048101999981, -17.754735231999973, 0.0 ], [ -50.914042599999959, -17.754729416999965, 0.0 ], [ -50.914040002999968, -17.754726816999948, 0.0 ], [ -50.914032820999978, -17.75471767099998, 0.0 ], [ -50.914026622999984, -17.75470788399997, 0.0 ], [ -50.914021473999981, -17.75469755599994, 0.0 ], [ -50.914017422999962, -17.754686787999958, 0.0 ], [ -50.914014511999937, -17.754675685999928, 0.0 ], [ -50.914012767999964, -17.754664362999961, 0.0 ], [ -50.913970551999967, -17.754635568999959, 0.0 ], [ -50.913587250999967, -17.754838563999954, 0.0 ], [ -50.913340003999963, -17.754959717999952, 0.0 ], [ -50.913261018999947, -17.75500220899994, 0.0 ], [ -50.912222692999933, -17.755517405999967, 0.0 ], [ -50.912215615999969, -17.755557951999947, 0.0 ], [ -50.912084958999969, -17.755572767999979, 0.0 ], [ -50.912090193999973, -17.755601179999928, 0.0 ], [ -50.912012923999953, -17.755609996999965, 0.0 ], [ -50.911970393999979, -17.755642114999944, 0.0 ], [ -50.911790207999957, -17.755755092999948, 0.0 ], [ -50.911514411999974, -17.75583501899996, 0.0 ], [ -50.911489844999949, -17.755866305999973, 0.0 ], [ -50.909710365999956, -17.75673717199993, 0.0 ], [ -50.909634625999956, -17.756775485999981, 0.0 ], [ -50.909080029999984, -17.757047204999935, 0.0 ], [ -50.909016530999963, -17.757078199999967, 0.0 ], [ -50.907899748999967, -17.757626109999933, 0.0 ], [ -50.908519890999969, -17.757846911999934, 0.0 ] ] ] ] } },
{ "type": "Feature", "properties": { "OID_": 0, "Name": "Placemark", "FolderPath": "Document", "SymbolID": 0, "AltMode": 0, "Base": 0.0, "Clamped": -1, "Extruded": 0, "Snippet": null, "PopupInfo": "<html xmlns:fo=\"http://www.w3.org/1999/XSL/Format\" xmlns:msxsl=\"urn:schemas-microsoft-com:xslt\"><head><META http-equiv=\"Content-Type\" content=\"text/html\"><meta http-equiv=\"content-type\" content=\"text/html; charset=UTF-8\"></head><body style=\"margin:0px 0p", "Shape_Leng": 0.02485854156, "Shape_Area": 3.299742e-05 }, "geometry": { "type": "MultiPolygon", "coordinates": [ [ [ [ -50.909016530999963, -17.757078199999967, 0.0 ], [ -50.909080029999984, -17.757047204999935, 0.0 ], [ -50.909634625999956, -17.756775485999981, 0.0 ], [ -50.909710365999956, -17.75673717199993, 0.0 ], [ -50.910460485999977, -17.756370722999975, 0.0 ], [ -50.910647075999975, -17.75627925799995, 0.0 ], [ -50.91141259799997, -17.755904155999929, 0.0 ], [ -50.911489844999949, -17.755866305999973, 0.0 ], [ -50.911514411999974, -17.75583501899996, 0.0 ], [ -50.911790207999957, -17.755755092999948, 0.0 ], [ -50.911970393999979, -17.755642114999944, 0.0 ], [ -50.912012923999953, -17.755609996999965, 0.0 ], [ -50.912090193999973, -17.755601179999928, 0.0 ], [ -50.912084958999969, -17.755572767999979, 0.0 ], [ -50.912215615999969, -17.755557951999947, 0.0 ], [ -50.912222692999933, -17.755517405999967, 0.0 ], [ -50.913261018999947, -17.75500220899994, 0.0 ], [ -50.913340003999963, -17.754959717999952, 0.0 ], [ -50.913587250999967, -17.754838563999954, 0.0 ], [ -50.913970551999967, -17.754635568999959, 0.0 ], [ -50.914012767999964, -17.754664362999961, 0.0 ], [ -50.914012209999953, -17.754652927999928, 0.0 ], [ -50.914012841999977, -17.754641497999955, 0.0 ], [ -50.914014659999964, -17.75463018499994, 0.0 ], [ -50.914017643999955, -17.754619100999946, 0.0 ], [ -50.914021764999973, -17.754608356999938, 0.0 ], [ -50.914026981999939, -17.754598059999978, 0.0 ], [ -50.914033242999949, -17.754588310999964, 0.0 ], [ -50.914040484999987, -17.754579208999928, 0.0 ], [ -50.914041588999964, -17.754578166999977, 0.0 ], [ -50.913354368999933, -17.754061391999983, 0.0 ], [ -50.913283247999971, -17.754034695999962, 0.0 ], [ -50.91307853099994, -17.753957368999977, 0.0 ], [ -50.912760122999941, -17.753892783999959, 0.0 ], [ -50.912702890999981, -17.753881182999976, 0.0 ], [ -50.91213410499995, -17.75376698599996, 0.0 ], [ -50.911546313999963, -17.753648780999981, 0.0 ], [ -50.911198286999934, -17.753579065999929, 0.0 ], [ -50.910965265999948, -17.753492373999961, 0.0 ], [ -50.910411825999972, -17.753286514999957, 0.0 ], [ -50.909606522999979, -17.752986668999938, 0.0 ], [ -50.909522835999951, -17.752955038999971, 0.0 ], [ -50.908376962999967, -17.752517680999972, 0.0 ], [ -50.908368094999958, -17.752501959999961, 0.0 ], [ -50.908357637999984, -17.752487161999966, 0.0 ], [ -50.908345693999934, -17.752473434999956, 0.0 ], [ -50.908332384999937, -17.75246091799994, 0.0 ], [ -50.908317839999938, -17.752449730999956, 0.0 ], [ -50.908302204999984, -17.752439987999935, 0.0 ], [ -50.90828563499997, -17.752431783999953, 0.0 ], [ -50.908268294999971, -17.752425202999973, 0.0 ], [ -50.908250357999975, -17.752420307999955, 0.0 ], [ -50.908232000999931, -17.752417149999928, 0.0 ], [ -50.908213406999948, -17.752415757999927, 0.0 ], [ -50.907656264999957, -17.752239499999973, 0.0 ], [ -50.90708815499994, -17.752105367999945, 0.0 ], [ -50.905339735999974, -17.751841759999934, 0.0 ], [ -50.905343764999941, -17.751848902999939, 0.0 ], [ -50.905347031999952, -17.751856394999947, 0.0 ], [ -50.905349503999958, -17.751864161999947, 0.0 ], [ -50.905351155999938, -17.751872125999967, 0.0 ], [ -50.905351973999984, -17.751880207999932, 0.0 ], [ -50.905351946999986, -17.751888326999961, 0.0 ], [ -50.905351075999931, -17.751896403999979, 0.0 ], [ -50.905349370999943, -17.751904356999944, 0.0 ], [ -50.905346846999976, -17.751912108999932, 0.0 ], [ -50.905343530999971, -17.751919580999981, 0.0 ], [ -50.905339454999933, -17.751926698999966, 0.0 ], [ -50.905334658999948, -17.751933393999934, 0.0 ], [ -50.905329191999954, -17.751939596999932, 0.0 ], [ -50.905315973999961, -17.751949630999945, 0.0 ], [ -50.905323105999969, -17.75194524799997, 0.0 ], [ -50.905316464999942, -17.751950290999957, 0.0 ], [ -50.905309331999945, -17.751954673999933, 0.0 ], [ -50.905315973999961, -17.751949630999945, 0.0 ], [ -50.905301779999945, -17.751958354999942, 0.0 ], [ -50.905293881999967, -17.751961297999969, 0.0 ], [ -50.90528571699997, -17.751963471999943, 0.0 ], [ -50.90527736699994, -17.751964856999962, 0.0 ], [ -50.905268914999965, -17.751965437999957, 0.0 ], [ -50.905260444999954, -17.751965208999934, 0.0 ], [ -50.905252039999937, -17.751964174999955, 0.0 ], [ -50.905243784999982, -17.751962341999956, 0.0 ], [ -50.905235760999972, -17.751959731999932, 0.0 ], [ -50.905228047999969, -17.75195636899997, 0.0 ], [ -50.905220721999967, -17.751952286999938, 0.0 ], [ -50.905153996999957, -17.752494328999944, 0.0 ], [ -50.905118247999951, -17.752759693999963, 0.0 ], [ -50.905037958999969, -17.753325232999941, 0.0 ], [ -50.905000511999958, -17.753636864999976, 0.0 ], [ -50.904996234999942, -17.753659540999934, 0.0 ], [ -50.904982342999972, -17.753671212999961, 0.0 ], [ -50.904969731999984, -17.753684152999938, 0.0 ], [ -50.904958529999931, -17.753698231999977, 0.0 ], [ -50.904948844999979, -17.753713308999977, 0.0 ], [ -50.904940775999933, -17.75372923499998, 0.0 ], [ -50.904934400999934, -17.753745851999952, 0.0 ], [ -50.904929785999968, -17.753762995999978, 0.0 ], [ -50.904926973999977, -17.753780493999955, 0.0 ], [ -50.904925993999939, -17.75379817299995, 0.0 ], [ -50.904926855999975, -17.75381585699995, 0.0 ], [ -50.904929551999942, -17.753833371999974, 0.0 ], [ -50.904934053999966, -17.753850542999942, 0.0 ], [ -50.904940317999944, -17.753867197999966, 0.0 ], [ -50.904948282999953, -17.753883173999952, 0.0 ], [ -50.904957866999951, -17.753898309999954, 0.0 ], [ -50.904930939999986, -17.75408772399993, 0.0 ], [ -50.904830851999975, -17.754767867999931, 0.0 ], [ -50.904786458999979, -17.755121201999941, 0.0 ], [ -50.90458343499995, -17.756423109999957, 0.0 ], [ -50.904715314999976, -17.756722448999938, 0.0 ], [ -50.90466112699994, -17.756870677999927, 0.0 ], [ -50.905541758999959, -17.757293131999973, 0.0 ], [ -50.906749909999974, -17.757606670999962, 0.0 ], [ -50.907697544999962, -17.757609170999956, 0.0 ], [ -50.907899748999967, -17.757626109999933, 0.0 ], [ -50.909016530999963, -17.757078199999967, 0.0 ] ] ] ] } },
{ "type": "Feature", "properties": { "OID_": 0, "Name": "Placemark", "FolderPath": "Document", "SymbolID": 0, "AltMode": 0, "Base": 0.0, "Clamped": -1, "Extruded": 0, "Snippet": null, "PopupInfo": "<html xmlns:fo=\"http://www.w3.org/1999/XSL/Format\" xmlns:msxsl=\"urn:schemas-microsoft-com:xslt\"><head><META http-equiv=\"Content-Type\" content=\"text/html\"><meta http-equiv=\"content-type\" content=\"text/html; charset=UTF-8\"></head><body style=\"margin:0px 0p", "Shape_Leng": 0.01232510265, "Shape_Area": 9.45643e-06 }, "geometry": { "type": "MultiPolygon", "coordinates": [ [ [ [ -50.901839288999952, -17.754615577999971, 0.0 ], [ -50.904786458999979, -17.755121201999941, 0.0 ], [ -50.904830851999975, -17.754767867999931, 0.0 ], [ -50.904930939999986, -17.75408772399993, 0.0 ], [ -50.904957866999951, -17.753898309999954, 0.0 ], [ -50.904948282999953, -17.753883173999952, 0.0 ], [ -50.904940317999944, -17.753867197999966, 0.0 ], [ -50.904934053999966, -17.753850542999942, 0.0 ], [ -50.904930300999979, -17.753836320999937, 0.0 ], [ -50.904929551999942, -17.753833371999974, 0.0 ], [ -50.904926855999975, -17.75381585699995, 0.0 ], [ -50.904925993999939, -17.75379817299995, 0.0 ], [ -50.904926973999977, -17.753780493999955, 0.0 ], [ -50.904929785999968, -17.753762995999978, 0.0 ], [ -50.904934400999934, -17.753745851999952, 0.0 ], [ -50.904940775999933, -17.75372923499998, 0.0 ], [ -50.904948844999979, -17.753713308999977, 0.0 ], [ -50.904958529999931, -17.753698231999977, 0.0 ], [ -50.904969731999984, -17.753684152999938, 0.0 ], [ -50.904982342999972, -17.753671212999961, 0.0 ], [ -50.904996234999942, -17.753659540999934, 0.0 ], [ -50.905000511999958, -17.753636864999976, 0.0 ], [ -50.905037958999969, -17.753325232999941, 0.0 ], [ -50.905118247999951, -17.752759693999963, 0.0 ], [ -50.905153996999957, -17.752494328999944, 0.0 ], [ -50.905220721999967, -17.751952286999938, 0.0 ], [ -50.905213858999957, -17.75194752699997, 0.0 ], [ -50.905207521999955, -17.751942134999979, 0.0 ], [ -50.905201778999981, -17.751936163999972, 0.0 ], [ -50.905196683999975, -17.751929676999964, 0.0 ], [ -50.905192287999967, -17.751922734999937, 0.0 ], [ -50.903811700999938, -17.751680057999977, 0.0 ], [ -50.902397113999939, -17.751433040999927, 0.0 ], [ -50.901839288999952, -17.754615577999971, 0.0 ] ] ] ] } },
{ "type": "Feature", "properties": { "OID_": 0, "Name": "Placemark", "FolderPath": "Document", "SymbolID": 0, "AltMode": 0, "Base": 0.0, "Clamped": -1, "Extruded": 0, "Snippet": null, "PopupInfo": "<html xmlns:fo=\"http://www.w3.org/1999/XSL/Format\" xmlns:msxsl=\"urn:schemas-microsoft-com:xslt\"><head><META http-equiv=\"Content-Type\" content=\"text/html\"><meta http-equiv=\"content-type\" content=\"text/html; charset=UTF-8\"></head><body style=\"margin:0px 0p", "Shape_Leng": 0.02121247823, "Shape_Area": 1.708009e-05 }, "geometry": { "type": "MultiPolygon", "coordinates": [ [ [ [ -50.922884930999942, -17.754414674999964, 0.0 ], [ -50.920845183999973, -17.754197501999954, 0.0 ], [ -50.920785087999946, -17.754755245999945, 0.0 ], [ -50.920722700999931, -17.755327072999933, 0.0 ], [ -50.920656705999932, -17.755903668999963, 0.0 ], [ -50.920591025999954, -17.756470964999949, 0.0 ], [ -50.920533642999942, -17.757033624999963, 0.0 ], [ -50.920468401999983, -17.757599943999935, 0.0 ], [ -50.920408409999936, -17.758161341999937, 0.0 ], [ -50.920341268999948, -17.758736468999928, 0.0 ], [ -50.920334478999962, -17.75880669299994, 0.0 ], [ -50.920238078999944, -17.759281329999965, 0.0 ], [ -50.920222477999971, -17.759335590999967, 0.0 ], [ -50.920067743999937, -17.759886421999965, 0.0 ], [ -50.919903508999937, -17.760442627999964, 0.0 ], [ -50.919857401999934, -17.760595950999971, 0.0 ], [ -50.91981087399995, -17.760751771999935, 0.0 ], [ -50.919878335999954, -17.760838976999935, 0.0 ], [ -50.920100932999958, -17.761194792999959, 0.0 ], [ -50.920214079999937, -17.76138373699996, 0.0 ], [ -50.920538569999962, -17.761935445999939, 0.0 ], [ -50.920863064999935, -17.762480867999955, 0.0 ], [ -50.921187110999938, -17.763026211999943, 0.0 ], [ -50.921320346999948, -17.76324920899998, 0.0 ], [ -50.921340780999969, -17.763239340999974, 0.0 ], [ -50.921338713999944, -17.763252213999976, 0.0 ], [ -50.921337993999941, -17.763265220999926, 0.0 ], [ -50.92133862999998, -17.763278232999937, 0.0 ], [ -50.921340613999973, -17.763291118999973, 0.0 ], [ -50.921343927999942, -17.763303750999967, 0.0 ], [ -50.921348538999951, -17.763316004999979, 0.0 ], [ -50.921354397999949, -17.763327757999946, 0.0 ], [ -50.921361451999985, -17.763338892999968, 0.0 ], [ -50.921369625999944, -17.763349300999948, 0.0 ], [ -50.921378842999957, -17.763358876999973, 0.0 ], [ -50.921389006999959, -17.763367524999978, 0.0 ], [ -50.921400020999954, -17.763375160999942, 0.0 ], [ -50.921411772999932, -17.76338170799994, 0.0 ], [ -50.921424146999982, -17.763387101999967, 0.0 ], [ -50.921437019999985, -17.763391288999969, 0.0 ], [ -50.921450264999976, -17.763394225999946, 0.0 ], [ -50.921463747999951, -17.763395886999945, 0.0 ], [ -50.921477337999931, -17.763396250999961, 0.0 ], [ -50.921490896999956, -17.763395317999937, 0.0 ], [ -50.921504291999952, -17.763393095999959, 0.0 ], [ -50.921517388999973, -17.763389605999976, 0.0 ], [ -50.921530059999952, -17.763384884999937, 0.0 ], [ -50.921542175999946, -17.763378977999935, 0.0 ], [ -50.921553618999951, -17.76337194499996, 0.0 ], [ -50.921564272999944, -17.763363855999955, 0.0 ], [ -50.921574033999946, -17.763354789999937, 0.0 ], [ -50.921582804999957, -17.763344837999966, 0.0 ], [ -50.921590496999954, -17.763334097999973, 0.0 ], [ -50.92159703599998, -17.763322677999952, 0.0 ], [ -50.921602354999948, -17.763310690999958, 0.0 ], [ -50.921606401999952, -17.763298255999928, 0.0 ], [ -50.921609136999962, -17.76328549699997, 0.0 ], [ -50.921610531999931, -17.763272539999946, 0.0 ], [ -50.921610574999931, -17.763259514999959, 0.0 ], [ -50.921609261999947, -17.763246549999963, 0.0 ], [ -50.921649853999952, -17.763212941999939, 0.0 ], [ -50.922259936999978, -17.760935580999956, 0.0 ], [ -50.922378485999957, -17.760224390999952, 0.0 ], [ -50.922266547999982, -17.760168594999982, 0.0 ], [ -50.922193651999976, -17.759686260999956, 0.0 ], [ -50.922183991999987, -17.759671008999931, 0.0 ], [ -50.922175964999951, -17.759654910999927, 0.0 ], [ -50.922169650999933, -17.759638127999949, 0.0 ], [ -50.922165111999959, -17.759620826999935, 0.0 ], [ -50.92216239399994, -17.759603177999963, 0.0 ], [ -50.922161522999943, -17.759585356999935, 0.0 ], [ -50.922162507999985, -17.759567541999957, 0.0 ], [ -50.922165339999935, -17.759549908999929, 0.0 ], [ -50.922169989999986, -17.759532633999981, 0.0 ], [ -50.922176411999942, -17.759515888999942, 0.0 ], [ -50.922184541999968, -17.759499838999943, 0.0 ], [ -50.922194299999944, -17.75948464499993, 0.0 ], [ -50.92220558799994, -17.759470456999964, 0.0 ], [ -50.922218294999936, -17.759457416999965, 0.0 ], [ -50.922232292999979, -17.759445653999933, 0.0 ], [ -50.922228351999934, -17.759409129999938, 0.0 ], [ -50.922337225999968, -17.759180378999929, 0.0 ], [ -50.922377243999961, -17.758936606999953, 0.0 ], [ -50.922442636999961, -17.758381234999945, 0.0 ], [ -50.92250729899996, -17.757808895999972, 0.0 ], [ -50.92257065299998, -17.757244167999943, 0.0 ], [ -50.922635483999954, -17.756669989999978, 0.0 ], [ -50.922700667999948, -17.756109496999954, 0.0 ], [ -50.922764921999942, -17.755545515999927, 0.0 ], [ -50.922824925999976, -17.754980416999956, 0.0 ], [ -50.922884930999942, -17.754414674999964, 0.0 ] ] ] ] } },
{ "type": "Feature", "properties": { "OID_": 0, "Name": "Placemark", "FolderPath": "Document", "SymbolID": 0, "AltMode": 0, "Base": 0.0, "Clamped": -1, "Extruded": 0, "Snippet": null, "PopupInfo": "<html xmlns:fo=\"http://www.w3.org/1999/XSL/Format\" xmlns:msxsl=\"urn:schemas-microsoft-com:xslt\"><head><META http-equiv=\"Content-Type\" content=\"text/html\"><meta http-equiv=\"content-type\" content=\"text/html; charset=UTF-8\"></head><body style=\"margin:0px 0p", "Shape_Leng": 0.03414743996, "Shape_Area": 5.104827e-05 }, "geometry": { "type": "MultiPolygon", "coordinates": [ [ [ [ -50.915980052999942, -17.749722690999931, 0.0 ], [ -50.915470466999977, -17.750755718999926, 0.0 ], [ -50.915344836999964, -17.751008156999944, 0.0 ], [ -50.915251333999947, -17.751200677999975, 0.0 ], [ -50.915162816999953, -17.75138902599997, 0.0 ], [ -50.915111241999966, -17.751524740999969, 0.0 ], [ -50.915100019999954, -17.75156008099998, 0.0 ], [ -50.915030982999951, -17.751777087999926, 0.0 ], [ -50.914861895999934, -17.752311907999967, 0.0 ], [ -50.914832403999981, -17.752406877999931, 0.0 ], [ -50.914658693999968, -17.752964685999927, 0.0 ], [ -50.914166940999962, -17.754543574999957, 0.0 ], [ -50.914159067999947, -17.754541427999982, 0.0 ], [ -50.914147308999986, -17.754539404999946, 0.0 ], [ -50.914135399999964, -17.754538513999933, 0.0 ], [ -50.91412345699996, -17.754538762999971, 0.0 ], [ -50.914111598999966, -17.754540150999958, 0.0 ], [ -50.914099943999986, -17.754542663999928, 0.0 ], [ -50.914088608999975, -17.754546274999939, 0.0 ], [ -50.914077703999965, -17.754550949999953, 0.0 ], [ -50.914067339999974, -17.754556641999955, 0.0 ], [ -50.914057618999948, -17.754563294999969, 0.0 ], [ -50.91404863799994, -17.754570841999964, 0.0 ], [ -50.914041588999964, -17.754578166999977, 0.0 ], [ -50.914040484999987, -17.754579208999928, 0.0 ], [ -50.914033242999949, -17.754588310999964, 0.0 ], [ -50.914026981999939, -17.754598059999978, 0.0 ], [ -50.914021764999973, -17.754608356999938, 0.0 ], [ -50.914017643999955, -17.754619100999946, 0.0 ], [ -50.914014659999964, -17.75463018499994, 0.0 ], [ -50.914012841999977, -17.754641497999955, 0.0 ], [ -50.914012209999953, -17.754652927999928, 0.0 ], [ -50.914012767999964, -17.754664362999961, 0.0 ], [ -50.914014511999937, -17.754675685999928, 0.0 ], [ -50.914017422999962, -17.754686787999958, 0.0 ], [ -50.914021473999981, -17.75469755599994, 0.0 ], [ -50.914026622999984, -17.75470788399997, 0.0 ], [ -50.914032820999978, -17.75471767099998, 0.0 ], [ -50.914040002999968, -17.754726816999948, 0.0 ], [ -50.914042599999959, -17.754729416999965, 0.0 ], [ -50.914048101999981, -17.754735231999973, 0.0 ], [ -50.914057032999949, -17.754742831999977, 0.0 ], [ -50.914066710999975, -17.754749542999946, 0.0 ], [ -50.914077037999959, -17.754755296999974, 0.0 ], [ -50.914087910999967, -17.754760037999972, 0.0 ], [ -50.914099222999937, -17.754763717999936, 0.0 ], [ -50.914110860999983, -17.754766299999972, 0.0 ], [ -50.914122709999958, -17.754767757999957, 0.0 ], [ -50.914134650999983, -17.754768078999973, 0.0 ], [ -50.914146566999932, -17.754767259999937, 0.0 ], [ -50.914158336999947, -17.754765306999957, 0.0 ], [ -50.914613505999966, -17.755261083999926, 0.0 ], [ -50.915103852999948, -17.755777886999965, 0.0 ], [ -50.915609022999945, -17.756309300999931, 0.0 ], [ -50.916598760999932, -17.757357751999962, 0.0 ], [ -50.917215825999961, -17.758005733999937, 0.0 ], [ -50.91740585499997, -17.758211949999975, 0.0 ], [ -50.917896520999932, -17.758737805999942, 0.0 ], [ -50.918293989999938, -17.75915095199997, 0.0 ], [ -50.918397880999976, -17.759263505999968, 0.0 ], [ -50.918744118999939, -17.759636779999937, 0.0 ], [ -50.918891600999984, -17.759793883999976, 0.0 ], [ -50.919208773999969, -17.760131892999937, 0.0 ], [ -50.919312030999947, -17.760241746999952, 0.0 ], [ -50.919388969999943, -17.760321036999926, 0.0 ], [ -50.919400769999982, -17.760331486999974, 0.0 ], [ -50.919555665999951, -17.760472293999953, 0.0 ], [ -50.919662151999944, -17.760582147999969, 0.0 ], [ -50.919765407999932, -17.76069509499996, 0.0 ], [ -50.91981087399995, -17.760751771999935, 0.0 ], [ -50.919857401999934, -17.760595950999971, 0.0 ], [ -50.919903508999937, -17.760442627999964, 0.0 ], [ -50.920067743999937, -17.759886421999965, 0.0 ], [ -50.920222477999971, -17.759335590999967, 0.0 ], [ -50.920238078999944, -17.759281329999965, 0.0 ], [ -50.920334478999962, -17.75880669299994, 0.0 ], [ -50.920341268999948, -17.758736468999928, 0.0 ], [ -50.920408409999936, -17.758161341999937, 0.0 ], [ -50.920468401999983, -17.757599943999935, 0.0 ], [ -50.920533642999942, -17.757033624999963, 0.0 ], [ -50.920591025999954, -17.756470964999949, 0.0 ], [ -50.920656705999932, -17.755903668999963, 0.0 ], [ -50.920722700999931, -17.755327072999933, 0.0 ], [ -50.920785087999946, -17.754755245999945, 0.0 ], [ -50.920845183999973, -17.754197501999954, 0.0 ], [ -50.922884930999942, -17.754414674999964, 0.0 ], [ -50.922923190999938, -17.754418682999926, 0.0 ], [ -50.922970047999968, -17.754423589999931, 0.0 ], [ -50.924400363999951, -17.754563641999937, 0.0 ], [ -50.924510320999957, -17.754576016999977, 0.0 ], [ -50.924407979999955, -17.754445996999948, 0.0 ], [ -50.924207287999934, -17.754227990999937, 0.0 ], [ -50.923959933999981, -17.754021658999932, 0.0 ], [ -50.923661994999975, -17.753756168999928, 0.0 ], [ -50.923109513999975, -17.753363288999935, 0.0 ], [ -50.923028145999979, -17.753304764999939, 0.0 ], [ -50.922420632999945, -17.752876947999937, 0.0 ], [ -50.921103071999937, -17.751952261999975, 0.0 ], [ -50.920737237999958, -17.751725893999946, 0.0 ], [ -50.920144799999946, -17.751417996999976, 0.0 ], [ -50.919575959999975, -17.751134989999969, 0.0 ], [ -50.919174700999974, -17.750944800999946, 0.0 ], [ -50.919147854999949, -17.75091972499996, 0.0 ], [ -50.918992992999961, -17.750775060999956, 0.0 ], [ -50.918801852999934, -17.750578170999972, 0.0 ], [ -50.918646751999972, -17.750512302999937, 0.0 ], [ -50.918461954999941, -17.750437773999977, 0.0 ], [ -50.917900193999969, -17.750177386999951, 0.0 ], [ -50.917701917999977, -17.750102651999953, 0.0 ], [ -50.91721092399996, -17.749971237999944, 0.0 ], [ -50.916090803999964, -17.749717801999964, 0.0 ], [ -50.915980052999942, -17.749722690999931, 0.0 ] ] ] ] } },
{ "type": "Feature", "properties": { "OID_": 0, "Name": "Placemark", "FolderPath": "Document", "SymbolID": 0, "AltMode": 0, "Base": 0.0, "Clamped": -1, "Extruded": 0, "Snippet": null, "PopupInfo": "<html xmlns:fo=\"http://www.w3.org/1999/XSL/Format\" xmlns:msxsl=\"urn:schemas-microsoft-com:xslt\"><head><META http-equiv=\"Content-Type\" content=\"text/html\"><meta http-equiv=\"content-type\" content=\"text/html; charset=UTF-8\"></head><body style=\"margin:0px 0p", "Shape_Leng": 0.02665102951, "Shape_Area": 3.147339e-05 }, "geometry": { "type": "MultiPolygon", "coordinates": [ [ [ [ -50.883168911999974, -17.792960620999963, 0.0 ], [ -50.884966418999966, -17.793270526999947, 0.0 ], [ -50.884572717999959, -17.792330444999948, 0.0 ], [ -50.884752960999947, -17.792259487999956, 0.0 ], [ -50.884672823999949, -17.792050876999951, 0.0 ], [ -50.885540864999939, -17.791732142999933, 0.0 ], [ -50.885628501999975, -17.791914804999976, 0.0 ], [ -50.885939385999961, -17.792724954999983, 0.0 ], [ -50.887219352999978, -17.792963055999962, 0.0 ], [ -50.888614289999964, -17.792217403999928, 0.0 ], [ -50.888567889999933, -17.79215882799997, 0.0 ], [ -50.888235010999949, -17.791757720999954, 0.0 ], [ -50.888053140999943, -17.791798020999977, 0.0 ], [ -50.88794302499997, -17.79135679999996, 0.0 ], [ -50.888402459999952, -17.791251579999937, 0.0 ], [ -50.888324341999976, -17.791061882999941, 0.0 ], [ -50.888327907999951, -17.790758026999981, 0.0 ], [ -50.888262422999958, -17.790493323999954, 0.0 ], [ -50.888111787999947, -17.789877738999962, 0.0 ], [ -50.888497548999965, -17.78979018299998, 0.0 ], [ -50.888496372999953, -17.78846202699998, 0.0 ], [ -50.888463413999943, -17.788460055999963, 0.0 ], [ -50.887143877999961, -17.788381095999966, 0.0 ], [ -50.886234066999975, -17.78814725899997, 0.0 ], [ -50.881644316999939, -17.787366655999961, 0.0 ], [ -50.881824301999984, -17.792710374999956, 0.0 ], [ -50.883168911999974, -17.792960620999963, 0.0 ] ] ] ] } },
{ "type": "Feature", "properties": { "OID_": 0, "Name": "Placemark", "FolderPath": "Document", "SymbolID": 0, "AltMode": 0, "Base": 0.0, "Clamped": -1, "Extruded": 0, "Snippet": null, "PopupInfo": "<html xmlns:fo=\"http://www.w3.org/1999/XSL/Format\" xmlns:msxsl=\"urn:schemas-microsoft-com:xslt\"><head><META http-equiv=\"Content-Type\" content=\"text/html\"><meta http-equiv=\"content-type\" content=\"text/html; charset=UTF-8\"></head><body style=\"margin:0px 0p", "Shape_Leng": 0.03328531883, "Shape_Area": 3.224208e-05 }, "geometry": { "type": "MultiPolygon", "coordinates": [ [ [ [ -50.884572717999959, -17.792330444999948, 0.0 ], [ -50.884966418999966, -17.793270526999947, 0.0 ], [ -50.883168911999974, -17.792960620999963, 0.0 ], [ -50.883790948999945, -17.79441712299996, 0.0 ], [ -50.882325666999975, -17.794960661999937, 0.0 ], [ -50.882361441999933, -17.795032997999954, 0.0 ], [ -50.88122111499996, -17.795494454999982, 0.0 ], [ -50.880663505999962, -17.795583454999928, 0.0 ], [ -50.880430117999936, -17.795634918999951, 0.0 ], [ -50.880275486999949, -17.79566085099998, 0.0 ], [ -50.879917226999964, -17.795697966999967, 0.0 ], [ -50.87969013299994, -17.795647451999969, 0.0 ], [ -50.87879301199996, -17.795863750999956, 0.0 ], [ -50.878254454999933, -17.79600008999995, 0.0 ], [ -50.878186642999935, -17.795961661999968, 0.0 ], [ -50.877529917999937, -17.796122417999982, 0.0 ], [ -50.876591378999933, -17.79635220199998, 0.0 ], [ -50.876444663999962, -17.796388656999966, 0.0 ], [ -50.878794572999936, -17.800088715999948, 0.0 ], [ -50.886872019999942, -17.795380717999933, 0.0 ], [ -50.88650864899995, -17.794842924999955, 0.0 ], [ -50.88576121899996, -17.793736708999973, 0.0 ], [ -50.887219352999978, -17.792963055999962, 0.0 ], [ -50.885939385999961, -17.792724954999983, 0.0 ], [ -50.885628501999975, -17.791914804999976, 0.0 ], [ -50.885540864999939, -17.791732142999933, 0.0 ], [ -50.884672823999949, -17.792050876999951, 0.0 ], [ -50.884752960999947, -17.792259487999956, 0.0 ], [ -50.884572717999959, -17.792330444999948, 0.0 ] ] ] ] } },
{ "type": "Feature", "properties": { "OID_": 0, "Name": "Placemark", "FolderPath": "Document", "SymbolID": 0, "AltMode": 0, "Base": 0.0, "Clamped": -1, "Extruded": 0, "Snippet": null, "PopupInfo": "<html xmlns:fo=\"http://www.w3.org/1999/XSL/Format\" xmlns:msxsl=\"urn:schemas-microsoft-com:xslt\"><head><META http-equiv=\"Content-Type\" content=\"text/html\"><meta http-equiv=\"content-type\" content=\"text/html; charset=UTF-8\"></head><body style=\"margin:0px 0p", "Shape_Leng": 0.04096551483, "Shape_Area": 7.828276e-05 }, "geometry": { "type": "MultiPolygon", "coordinates": [ [ [ [ -50.875066790999938, -17.786377447999939, 0.0 ], [ -50.875073808999957, -17.786463691999927, 0.0 ], [ -50.875078985999949, -17.786527097999965, 0.0 ], [ -50.875087428999962, -17.78662858399997, 0.0 ], [ -50.875088232999985, -17.786637558999928, 0.0 ], [ -50.875090934999946, -17.78665574799993, 0.0 ], [ -50.875096624999969, -17.786688724999976, 0.0 ], [ -50.875101940999969, -17.786726744999953, 0.0 ], [ -50.875108077999982, -17.786772680999945, 0.0 ], [ -50.875115003999952, -17.78682785999996, 0.0 ], [ -50.875117023999962, -17.786847087999945, 0.0 ], [ -50.875117330999956, -17.786851112999955, 0.0 ], [ -50.875117540999952, -17.786855351999975, 0.0 ], [ -50.875117423999939, -17.786862390999943, 0.0 ], [ -50.875116179999964, -17.786874820999969, 0.0 ], [ -50.875112046999959, -17.786902312999928, 0.0 ], [ -50.87510182099993, -17.786959066999941, 0.0 ], [ -50.875085704999947, -17.78704371799995, 0.0 ], [ -50.875080921999938, -17.787068593999948, 0.0 ], [ -50.875072338999985, -17.787112829999955, 0.0 ], [ -50.875066982999954, -17.787140330999932, 0.0 ], [ -50.875058675999981, -17.787182392999966, 0.0 ], [ -50.875040099999978, -17.787274828999955, 0.0 ], [ -50.875031775999958, -17.787315208999928, 0.0 ], [ -50.875025820999952, -17.787342739999929, 0.0 ], [ -50.875020727999981, -17.787364189999948, 0.0 ], [ -50.875000201999967, -17.787444083999958, 0.0 ], [ -50.874972603999936, -17.787546010999961, 0.0 ], [ -50.874946724999973, -17.787641812999937, 0.0 ], [ -50.874923280999951, -17.787734642999965, 0.0 ], [ -50.874905794999961, -17.78780864099997, 0.0 ], [ -50.874898050999946, -17.787843491999979, 0.0 ], [ -50.874894534999953, -17.787860505999959, 0.0 ], [ -50.874891623999986, -17.78787631199998, 0.0 ], [ -50.874889644999939, -17.78788891499994, 0.0 ], [ -50.874888399999975, -17.787898681999934, 0.0 ], [ -50.87488753599996, -17.787907588999929, 0.0 ], [ -50.874886816999947, -17.787918668999964, 0.0 ], [ -50.874886380999953, -17.787931513999979, 0.0 ], [ -50.874886188999938, -17.787950592999948, 0.0 ], [ -50.874886366999931, -17.787968967999973, 0.0 ], [ -50.874886808999975, -17.787987578999946, 0.0 ], [ -50.874887472999944, -17.788009001999967, 0.0 ], [ -50.874888877999979, -17.788044299999967, 0.0 ], [ -50.874889535999955, -17.788054703999933, 0.0 ], [ -50.874890612999934, -17.788067706999982, 0.0 ], [ -50.874893095999937, -17.788097348999941, 0.0 ], [ -50.87489554299998, -17.788126930999965, 0.0 ], [ -50.874896482999986, -17.788138472999947, 0.0 ], [ -50.874896853999985, -17.788146236999978, 0.0 ], [ -50.874896913999976, -17.78816695699993, 0.0 ], [ -50.874896485999955, -17.788183090999951, 0.0 ], [ -50.87489495899996, -17.788211802999967, 0.0 ], [ -50.874892118999981, -17.788245986999982, 0.0 ], [ -50.874888715999987, -17.788272208999956, 0.0 ], [ -50.87488424999998, -17.788297540999963, 0.0 ], [ -50.874880814999983, -17.788312456999961, 0.0 ], [ -50.874878838999962, -17.788319920999982, 0.0 ], [ -50.874878084999978, -17.78832276299994, 0.0 ], [ -50.87487591699994, -17.788330899999949, 0.0 ], [ -50.874875052999982, -17.788334157999941, 0.0 ], [ -50.874874020999982, -17.788338737999936, 0.0 ], [ -50.874869546999946, -17.788361537999947, 0.0 ], [ -50.874866482999948, -17.788376383999946, 0.0 ], [ -50.874864569999943, -17.78838533499993, 0.0 ], [ -50.874862703999952, -17.788391584999943, 0.0 ], [ -50.874855866999951, -17.788408126999968, 0.0 ], [ -50.874840375999952, -17.788439635999964, 0.0 ], [ -50.87481889999998, -17.788476684999978, 0.0 ], [ -50.874802717999955, -17.788502297999969, 0.0 ], [ -50.874789904999943, -17.788522664999959, 0.0 ], [ -50.874776045999965, -17.788545385999953, 0.0 ], [ -50.874771470999974, -17.788553200999957, 0.0 ], [ -50.874767209999959, -17.788561321999964, 0.0 ], [ -50.874757867999961, -17.788581337999972, 0.0 ], [ -50.874749977999954, -17.788599513999941, 0.0 ], [ -50.874734006999972, -17.788638391999939, 0.0 ], [ -50.874718774999963, -17.788678058999949, 0.0 ], [ -50.874714049999966, -17.788693089999981, 0.0 ], [ -50.874712126999952, -17.788701383999978, 0.0 ], [ -50.874711509999941, -17.788705872999969, 0.0 ], [ -50.874711058999935, -17.788712858999929, 0.0 ], [ -50.874710826999944, -17.788719138999966, 0.0 ], [ -50.874710557999947, -17.788732219999929, 0.0 ], [ -50.874710513999958, -17.788736000999961, 0.0 ], [ -50.874710476999951, -17.788747291999982, 0.0 ], [ -50.874710464999964, -17.788757431999954, 0.0 ], [ -50.874710465999954, -17.788760736999961, 0.0 ], [ -50.874710486999959, -17.788775366999971, 0.0 ], [ -50.874710749999963, -17.788809805999961, 0.0 ], [ -50.874711254999966, -17.78883155699998, 0.0 ], [ -50.874711708999939, -17.788841653999953, 0.0 ], [ -50.874712263999982, -17.788849159999927, 0.0 ], [ -50.874713421999957, -17.788860804999956, 0.0 ], [ -50.874716450999983, -17.788887766999949, 0.0 ], [ -50.874723754999934, -17.788948546999961, 0.0 ], [ -50.874728240999957, -17.788986632999979, 0.0 ], [ -50.874729947999981, -17.789001953999957, 0.0 ], [ -50.874732346999963, -17.789023499999928, 0.0 ], [ -50.874734062999948, -17.789038948999973, 0.0 ], [ -50.874738944999933, -17.789082940999947, 0.0 ], [ -50.874747167999942, -17.789150677999942, 0.0 ], [ -50.87475337799998, -17.789192451999952, 0.0 ], [ -50.874756935999983, -17.78920973399994, 0.0 ], [ -50.874757885999941, -17.789212865999957, 0.0 ], [ -50.874759162999965, -17.789215888999934, 0.0 ], [ -50.874761165999985, -17.789219955999954, 0.0 ], [ -50.874764400999936, -17.789226371999973, 0.0 ], [ -50.874768587999938, -17.789234417999978, 0.0 ], [ -50.874770357999978, -17.789237919999948, 0.0 ], [ -50.874771499999952, -17.789240703999951, 0.0 ], [ -50.874775580999938, -17.789253129999963, 0.0 ], [ -50.874780137999949, -17.789268044999972, 0.0 ], [ -50.874784834999957, -17.789284234999968, 0.0 ], [ -50.874790154999971, -17.78930403499993, 0.0 ], [ -50.874797716999979, -17.789334793999956, 0.0 ], [ -50.874802508999949, -17.789356595999948, 0.0 ], [ -50.87480912999996, -17.789391074999969, 0.0 ], [ -50.874814331999971, -17.789424408999935, 0.0 ], [ -50.874817140999937, -17.789452228999949, 0.0 ], [ -50.874818318999985, -17.789477900999941, 0.0 ], [ -50.874818085999948, -17.789497557999937, 0.0 ], [ -50.874817075999943, -17.789516932999959, 0.0 ], [ -50.874816291999934, -17.789527670999973, 0.0 ], [ -50.874815292999983, -17.789538553999932, 0.0 ], [ -50.874813770999936, -17.789553620999982, 0.0 ], [ -50.874811077999937, -17.789576176999958, 0.0 ], [ -50.874809707999987, -17.789583928999946, 0.0 ], [ -50.874808882999957, -17.789587371999971, 0.0 ], [ -50.874808496999947, -17.789588591999973, 0.0 ], [ -50.874807387999965, -17.78959154699993, 0.0 ], [ -50.874805882999965, -17.78959555199998, 0.0 ], [ -50.87480348899993, -17.789601920999928, 0.0 ], [ -50.874801094999953, -17.789608288999943, 0.0 ], [ -50.87479032799996, -17.789636998999981, 0.0 ], [ -50.874783725999976, -17.789654601999928, 0.0 ], [ -50.874780056999953, -17.789664381999955, 0.0 ], [ -50.874777629999983, -17.78967030299998, 0.0 ], [ -50.874757632999945, -17.789714696999965, 0.0 ], [ -50.874736417999941, -17.789759655999944, 0.0 ], [ -50.874724248999939, -17.789786104999962, 0.0 ], [ -50.87471667799997, -17.789804231999938, 0.0 ], [ -50.874702737999939, -17.789839423999979, 0.0 ], [ -50.87468953299998, -17.789873781999972, 0.0 ], [ -50.874674221999953, -17.789914488999955, 0.0 ], [ -50.874654474999943, -17.789968950999935, 0.0 ], [ -50.874636897999949, -17.79002025799997, 0.0 ], [ -50.874624368999946, -17.790059240999938, 0.0 ], [ -50.874614767999958, -17.790091535999977, 0.0 ], [ -50.874607639999965, -17.79011732999993, 0.0 ], [ -50.874603418999982, -17.790133795999964, 0.0 ], [ -50.874599725999985, -17.790149480999958, 0.0 ], [ -50.874596989999986, -17.790162145999943, 0.0 ], [ -50.874594757999944, -17.790173631999949, 0.0 ], [ -50.874593619999985, -17.790180540999927, 0.0 ], [ -50.874593015999949, -17.790185111999961, 0.0 ], [ -50.874592752999945, -17.790187914999933, 0.0 ], [ -50.874592607999944, -17.790190709999933, 0.0 ], [ -50.874592539999981, -17.790194293999946, 0.0 ], [ -50.874592577999977, -17.790197794999926, 0.0 ], [ -50.874592826999958, -17.790205130999937, 0.0 ], [ -50.874593642999969, -17.790218738999954, 0.0 ], [ -50.874595045999968, -17.790233286999978, 0.0 ], [ -50.874597100999949, -17.790249578999976, 0.0 ], [ -50.874599106999938, -17.79026268399997, 0.0 ], [ -50.874601974999962, -17.790279525999949, 0.0 ], [ -50.874603757999978, -17.790289649999977, 0.0 ], [ -50.874605895999935, -17.790301466999949, 0.0 ], [ -50.874609394999936, -17.790320616999963, 0.0 ], [ -50.87461828499994, -17.790368060999981, 0.0 ], [ -50.874624009999934, -17.790397017999965, 0.0 ], [ -50.874626972999977, -17.790411215999939, 0.0 ], [ -50.874628510999969, -17.790418115999955, 0.0 ], [ -50.874630812999953, -17.790427919999956, 0.0 ], [ -50.874635772999966, -17.790448717999936, 0.0 ], [ -50.874647813999957, -17.79049847899995, 0.0 ], [ -50.874654993999968, -17.790528334999976, 0.0 ], [ -50.874658732999933, -17.790544222999927, 0.0 ], [ -50.87466749999993, -17.790581590999977, 0.0 ], [ -50.874674511999956, -17.790611272999968, 0.0 ], [ -50.874675377999949, -17.790614796999932, 0.0 ], [ -50.874675466999975, -17.790615112999944, 0.0 ], [ -50.874676324999939, -17.790617917999953, 0.0 ], [ -50.874678920999941, -17.790625511999963, 0.0 ], [ -50.874682934999953, -17.790635512999927, 0.0 ], [ -50.874685135999982, -17.790640128999939, 0.0 ], [ -50.874688486999958, -17.790646023999955, 0.0 ], [ -50.874690467999983, -17.790648850999958, 0.0 ], [ -50.874700374999975, -17.790660885999955, 0.0 ], [ -50.874720251999975, -17.790682831999959, 0.0 ], [ -50.874741598999947, -17.790703471999961, 0.0 ], [ -50.87477469199996, -17.790732099999957, 0.0 ], [ -50.874809092999953, -17.790759274999971, 0.0 ], [ -50.874865618999934, -17.79080083599996, 0.0 ], [ -50.874893644999986, -17.790819854999938, 0.0 ], [ -50.874907735999955, -17.790828750999935, 0.0 ], [ -50.874941962999969, -17.790850147999947, 0.0 ], [ -50.874967764999951, -17.790867153999955, 0.0 ], [ -50.875040998999964, -17.790920203999974, 0.0 ], [ -50.875111550999975, -17.790976490999981, 0.0 ], [ -50.873267615999964, -17.793313366999939, 0.0 ], [ -50.870551312999964, -17.79675726399995, 0.0 ], [ -50.872287221999954, -17.796808475999967, 0.0 ], [ -50.873642795999956, -17.796846330999927, 0.0 ], [ -50.87490854899994, -17.796642082999938, 0.0 ], [ -50.875935364999975, -17.796515200999977, 0.0 ], [ -50.876444663999962, -17.796388656999966, 0.0 ], [ -50.876591379999979, -17.79635220199998, 0.0 ], [ -50.878186643999982, -17.795961661999968, 0.0 ], [ -50.878254454999933, -17.79600008999995, 0.0 ], [ -50.87879301199996, -17.795863750999956, 0.0 ], [ -50.87969013299994, -17.795647452999958, 0.0 ], [ -50.879917226999964, -17.795697967999956, 0.0 ], [ -50.880275486999949, -17.79566085099998, 0.0 ], [ -50.880430117999936, -17.795634918999951, 0.0 ], [ -50.880663505999962, -17.795583455999974, 0.0 ], [ -50.881221115999949, -17.795494454999982, 0.0 ], [ -50.882361442999979, -17.795032997999954, 0.0 ], [ -50.882325666999975, -17.794960661999937, 0.0 ], [ -50.883790948999945, -17.79441712299996, 0.0 ], [ -50.883168912999963, -17.792960620999963, 0.0 ], [ -50.881824302999973, -17.792710374999956, 0.0 ], [ -50.881644316999939, -17.787366655999961, 0.0 ], [ -50.88159352699995, -17.787360087999957, 0.0 ], [ -50.877882984999985, -17.786797380999928, 0.0 ], [ -50.875066543999935, -17.786374538999951, 0.0 ], [ -50.875066790999938, -17.786377447999939, 0.0 ] ] ] ] } },
{ "type": "Feature", "properties": { "OID_": 0, "Name": "Placemark", "FolderPath": "Document", "SymbolID": 0, "AltMode": 0, "Base": 0.0, "Clamped": -1, "Extruded": 0, "Snippet": null, "PopupInfo": "<html xmlns:fo=\"http://www.w3.org/1999/XSL/Format\" xmlns:msxsl=\"urn:schemas-microsoft-com:xslt\"><head><META http-equiv=\"Content-Type\" content=\"text/html\"><meta http-equiv=\"content-type\" content=\"text/html; charset=UTF-8\"></head><body style=\"margin:0px 0p", "Shape_Leng": 0.01613870406, "Shape_Area": 1.407711e-05 }, "geometry": { "type": "MultiPolygon", "coordinates": [ [ [ [ -50.946862707999969, -17.785706525999956, 0.0 ], [ -50.947007166999981, -17.786921597999935, 0.0 ], [ -50.94700708299996, -17.787055976999966, 0.0 ], [ -50.946045651999952, -17.790695024999934, 0.0 ], [ -50.948543988999972, -17.791280158999939, 0.0 ], [ -50.949602820999985, -17.787241739999956, 0.0 ], [ -50.949501603999977, -17.786943387999941, 0.0 ], [ -50.948901699999965, -17.785200269999962, 0.0 ], [ -50.948736242999985, -17.785280958999977, 0.0 ], [ -50.948555496999973, -17.785358986999938, 0.0 ], [ -50.948359323999966, -17.78543138699996, 0.0 ], [ -50.948096814999985, -17.785481575999938, 0.0 ], [ -50.947831298999972, -17.785523611999963, 0.0 ], [ -50.947575332999975, -17.78555793299995, 0.0 ], [ -50.947341471999948, -17.785584979999953, 0.0 ], [ -50.947142275999965, -17.785605191999935, 0.0 ], [ -50.946993319999933, -17.785658989999945, 0.0 ], [ -50.946862707999969, -17.785706525999956, 0.0 ] ] ] ] } },
{ "type": "Feature", "properties": { "OID_": 0, "Name": "Placemark", "FolderPath": "Document", "SymbolID": 0, "AltMode": 0, "Base": 0.0, "Clamped": -1, "Extruded": 0, "Snippet": null, "PopupInfo": "<html xmlns:fo=\"http://www.w3.org/1999/XSL/Format\" xmlns:msxsl=\"urn:schemas-microsoft-com:xslt\"><head><META http-equiv=\"Content-Type\" content=\"text/html\"><meta http-equiv=\"content-type\" content=\"text/html; charset=UTF-8\"></head><body style=\"margin:0px 0p", "Shape_Leng": 0.01299638495, "Shape_Area": 8.52033e-06 }, "geometry": { "type": "MultiPolygon", "coordinates": [ [ [ [ -50.945552388999943, -17.786432949999949, 0.0 ], [ -50.945522147999952, -17.786445527999945, 0.0 ], [ -50.945473376999985, -17.786432194999975, 0.0 ], [ -50.945244024999965, -17.786353899999938, 0.0 ], [ -50.945216476999974, -17.786351816999968, 0.0 ], [ -50.945184000999973, -17.786340118999931, 0.0 ], [ -50.945174453999982, -17.786332862999927, 0.0 ], [ -50.945161329999962, -17.786322886999926, 0.0 ], [ -50.945161192999933, -17.786323568999933, 0.0 ], [ -50.94500878599996, -17.787082330999965, 0.0 ], [ -50.944543039999985, -17.78893004899993, 0.0 ], [ -50.94419497399997, -17.790248980999934, 0.0 ], [ -50.945149641999933, -17.790484927999955, 0.0 ], [ -50.946045651999952, -17.790695024999934, 0.0 ], [ -50.94699712399995, -17.787075235999964, 0.0 ], [ -50.947007166999981, -17.786921597999935, 0.0 ], [ -50.946862707999969, -17.785706525999956, 0.0 ], [ -50.946721064999963, -17.785759691999942, 0.0 ], [ -50.946575591999931, -17.785816465999972, 0.0 ], [ -50.946433484999943, -17.785873528999957, 0.0 ], [ -50.946338195999942, -17.785925499999962, 0.0 ], [ -50.946251606999965, -17.785975530999963, 0.0 ], [ -50.946171852999953, -17.786023411999963, 0.0 ], [ -50.946097067999972, -17.786071535999952, 0.0 ], [ -50.946025386999963, -17.786118393999971, 0.0 ], [ -50.945939025999962, -17.786166983999976, 0.0 ], [ -50.945856019999951, -17.786213091999969, 0.0 ], [ -50.94577848299997, -17.786255710999967, 0.0 ], [ -50.945708529999933, -17.786293828999931, 0.0 ], [ -50.94564827499994, -17.786326438999936, 0.0 ], [ -50.945573434999972, -17.786419579999972, 0.0 ], [ -50.945552388999943, -17.786432949999949, 0.0 ] ] ] ] } },
{ "type": "Feature", "properties": { "OID_": 0, "Name": "Placemark", "FolderPath": "Document", "SymbolID": 0, "AltMode": 0, "Base": 0.0, "Clamped": -1, "Extruded": 0, "Snippet": null, "PopupInfo": "<html xmlns:fo=\"http://www.w3.org/1999/XSL/Format\" xmlns:msxsl=\"urn:schemas-microsoft-com:xslt\"><head><META http-equiv=\"Content-Type\" content=\"text/html\"><meta http-equiv=\"content-type\" content=\"text/html; charset=UTF-8\"></head><body style=\"margin:0px 0p", "Shape_Leng": 0.01091312029, "Shape_Area": 4.21567e-06 }, "geometry": { "type": "MultiPolygon", "coordinates": [ [ [ [ -50.928720622999947, -17.773949240999968, 0.0 ], [ -50.928706750999936, -17.773939623999979, 0.0 ], [ -50.928125199999954, -17.773495828999955, 0.0 ], [ -50.927895237999962, -17.773771888999931, 0.0 ], [ -50.927837282999974, -17.77383316099997, 0.0 ], [ -50.927644075999979, -17.774074970999948, 0.0 ], [ -50.927434726999934, -17.774309725999956, 0.0 ], [ -50.927361727999937, -17.774351200999945, 0.0 ], [ -50.927337512999941, -17.774384315999953, 0.0 ], [ -50.927235775999975, -17.774531101999969, 0.0 ], [ -50.927175847999933, -17.774605865999945, 0.0 ], [ -50.926991071999964, -17.774844986999938, 0.0 ], [ -50.926938958999983, -17.774910314999943, 0.0 ], [ -50.92653629299997, -17.775390842999968, 0.0 ], [ -50.926494124999977, -17.775448058999928, 0.0 ], [ -50.926123556999983, -17.775884663999932, 0.0 ], [ -50.926028734999932, -17.775996215999953, 0.0 ], [ -50.925679004999949, -17.776416103999964, 0.0 ], [ -50.925630818999934, -17.776482701999953, 0.0 ], [ -50.925261362999947, -17.776920450999967, 0.0 ], [ -50.925221978999957, -17.77697552199993, 0.0 ], [ -50.925270093999984, -17.777016376999939, 0.0 ], [ -50.925803537999968, -17.777420595999956, 0.0 ], [ -50.925975698999935, -17.777547364999975, 0.0 ], [ -50.926219828999933, -17.777224366999974, 0.0 ], [ -50.926267578999955, -17.777167746999964, 0.0 ], [ -50.92629349799995, -17.777138074999982, 0.0 ], [ -50.926608176999935, -17.776756538999962, 0.0 ], [ -50.926639983999962, -17.776719310999965, 0.0 ], [ -50.926657406999936, -17.776699543999939, 0.0 ], [ -50.927001335999933, -17.776281667999967, 0.0 ], [ -50.927059056999951, -17.776223581999943, 0.0 ], [ -50.927453206999985, -17.77574207899994, 0.0 ], [ -50.927499344999944, -17.775685769999939, 0.0 ], [ -50.927520262999963, -17.77566197699997, 0.0 ], [ -50.927593439999953, -17.775572546999967, 0.0 ], [ -50.927611384999977, -17.775550873999975, 0.0 ], [ -50.927667017999966, -17.775483035999969, 0.0 ], [ -50.927698455999973, -17.775444710999977, 0.0 ], [ -50.927731915999971, -17.775404005999974, 0.0 ], [ -50.927788447999944, -17.775334984999972, 0.0 ], [ -50.927802533999966, -17.775317895999933, 0.0 ], [ -50.927876438999931, -17.775227696999934, 0.0 ], [ -50.927886227999977, -17.775215972999945, 0.0 ], [ -50.927947460999974, -17.775139787999933, 0.0 ], [ -50.928108018999978, -17.774945617999947, 0.0 ], [ -50.928342634999979, -17.774673273999952, 0.0 ], [ -50.92839282999995, -17.774613790999979, 0.0 ], [ -50.92879452699998, -17.774136652999971, 0.0 ], [ -50.928814408999983, -17.774114, 0.0 ], [ -50.928842918999976, -17.774082828999951, 0.0 ], [ -50.928739747999941, -17.773966014999928, 0.0 ], [ -50.928720622999947, -17.773949240999968, 0.0 ] ] ] ] } },
{ "type": "Feature", "properties": { "OID_": 0, "Name": "Placemark", "FolderPath": "Document", "SymbolID": 0, "AltMode": 0, "Base": 0.0, "Clamped": -1, "Extruded": 0, "Snippet": null, "PopupInfo": "<html xmlns:fo=\"http://www.w3.org/1999/XSL/Format\" xmlns:msxsl=\"urn:schemas-microsoft-com:xslt\"><head><META http-equiv=\"Content-Type\" content=\"text/html\"><meta http-equiv=\"content-type\" content=\"text/html; charset=UTF-8\"></head><body style=\"margin:0px 0p", "Shape_Leng": 0.02244716753, "Shape_Area": 2.119123e-05 }, "geometry": { "type": "MultiPolygon", "coordinates": [ [ [ [ -50.926939371999936, -17.778207132999967, 0.0 ], [ -50.926621760999979, -17.778745630999936, 0.0 ], [ -50.926142511999956, -17.779557590999957, 0.0 ], [ -50.926721846999953, -17.779873057999964, 0.0 ], [ -50.92719793699996, -17.779061218999971, 0.0 ], [ -50.927519168999936, -17.778514430999962, 0.0 ], [ -50.928123825999933, -17.778834838999956, 0.0 ], [ -50.928405210999983, -17.778351957999973, 0.0 ], [ -50.929006809999976, -17.778672682999968, 0.0 ], [ -50.929609733999939, -17.778990094999926, 0.0 ], [ -50.930130264999946, -17.779273647999958, 0.0 ], [ -50.930756067999937, -17.77961451799996, 0.0 ], [ -50.930805274999955, -17.779459673999952, 0.0 ], [ -50.930890184999953, -17.779192475999935, 0.0 ], [ -50.931085096999936, -17.77845954199995, 0.0 ], [ -50.931213825999976, -17.77797716699996, 0.0 ], [ -50.93127691799998, -17.777740913999935, 0.0 ], [ -50.931473766999943, -17.777004499999975, 0.0 ], [ -50.931567979999954, -17.776680468999928, 0.0 ], [ -50.931646832999945, -17.776409852999961, 0.0 ], [ -50.931690252999942, -17.776259022999966, 0.0 ], [ -50.931936137999969, -17.775382036999929, 0.0 ], [ -50.932083374999934, -17.774856370999942, 0.0 ], [ -50.932233003999954, -17.774308124999948, 0.0 ], [ -50.932243113999959, -17.774274405999961, 0.0 ], [ -50.932210962999932, -17.774268516999939, 0.0 ], [ -50.931799025999965, -17.774191167999959, 0.0 ], [ -50.931733349999945, -17.774179730999947, 0.0 ], [ -50.931035434999956, -17.77405943399998, 0.0 ], [ -50.931000750999942, -17.774051476999944, 0.0 ], [ -50.930974215999981, -17.77404669699996, 0.0 ], [ -50.930311505999953, -17.773936566999964, 0.0 ], [ -50.930212523999955, -17.773920860999965, 0.0 ], [ -50.929436512999985, -17.773795114999928, 0.0 ], [ -50.929399884999953, -17.77378637299995, 0.0 ], [ -50.929369183999938, -17.773783246999926, 0.0 ], [ -50.929127964999964, -17.773745472999963, 0.0 ], [ -50.928862328999969, -17.774059527999952, 0.0 ], [ -50.928842373999942, -17.774082211999939, 0.0 ], [ -50.928814408999983, -17.774114, 0.0 ], [ -50.92879452699998, -17.774136652999971, 0.0 ], [ -50.928342634999979, -17.774673273999952, 0.0 ], [ -50.928108018999978, -17.774945617999947, 0.0 ], [ -50.92794749899997, -17.775139770999942, 0.0 ], [ -50.927886227999977, -17.775215972999945, 0.0 ], [ -50.927876438999931, -17.775227696999934, 0.0 ], [ -50.927731915999971, -17.775404005999974, 0.0 ], [ -50.927698455999973, -17.775444710999977, 0.0 ], [ -50.927667017999966, -17.775483035999969, 0.0 ], [ -50.927611384999977, -17.775550873999975, 0.0 ], [ -50.927593439999953, -17.775572546999967, 0.0 ], [ -50.927520262999963, -17.77566197699997, 0.0 ], [ -50.927499344999944, -17.775685769999939, 0.0 ], [ -50.927453206999985, -17.77574207899994, 0.0 ], [ -50.927059056999951, -17.776223581999943, 0.0 ], [ -50.927001335999933, -17.776281667999967, 0.0 ], [ -50.926657406999936, -17.776699543999939, 0.0 ], [ -50.926639983999962, -17.776719310999965, 0.0 ], [ -50.926848553999946, -17.776864896999939, 0.0 ], [ -50.927515046999986, -17.777223829999969, 0.0 ], [ -50.927230991999977, -17.777701782999941, 0.0 ], [ -50.927222918999973, -17.777715847999957, 0.0 ], [ -50.926939371999936, -17.778207132999967, 0.0 ] ] ] ] } },
{ "type": "Feature", "properties": { "OID_": 0, "Name": "Placemark", "FolderPath": "Document", "SymbolID": 0, "AltMode": 0, "Base": 0.0, "Clamped": -1, "Extruded": 0, "Snippet": null, "PopupInfo": "<html xmlns:fo=\"http://www.w3.org/1999/XSL/Format\" xmlns:msxsl=\"urn:schemas-microsoft-com:xslt\"><head><META http-equiv=\"Content-Type\" content=\"text/html\"><meta http-equiv=\"content-type\" content=\"text/html; charset=UTF-8\"></head><body style=\"margin:0px 0p", "Shape_Leng": 0.01545444723, "Shape_Area": 1.273628e-05 }, "geometry": { "type": "MultiPolygon", "coordinates": [ [ [ [ -50.942281967999975, -17.776369961999933, 0.0 ], [ -50.947201263999943, -17.778115339999943, 0.0 ], [ -50.947453067999959, -17.77820576199997, 0.0 ], [ -50.947596447999956, -17.778243488999976, 0.0 ], [ -50.947637700999962, -17.778062268999975, 0.0 ], [ -50.947707115999947, -17.77776492199996, 0.0 ], [ -50.947808865999946, -17.777376553999943, 0.0 ], [ -50.947938595999972, -17.777107550999972, 0.0 ], [ -50.948069867999948, -17.776873741999964, 0.0 ], [ -50.948197993999941, -17.776670739999929, 0.0 ], [ -50.948318284999971, -17.77649415999997, 0.0 ], [ -50.94842605499997, -17.776339615999973, 0.0 ], [ -50.946943831999931, -17.775567451999962, 0.0 ], [ -50.946106993999933, -17.775135529999943, 0.0 ], [ -50.944193034999955, -17.774147647999939, 0.0 ], [ -50.943410165999978, -17.77481225899993, 0.0 ], [ -50.942959734999931, -17.775416058999951, 0.0 ], [ -50.942615109999963, -17.775899047999928, 0.0 ], [ -50.942281967999975, -17.776369961999933, 0.0 ] ] ] ] } },
{ "type": "Feature", "properties": { "OID_": 0, "Name": "Placemark", "FolderPath": "Document", "SymbolID": 0, "AltMode": 0, "Base": 0.0, "Clamped": -1, "Extruded": 0, "Snippet": null, "PopupInfo": "<html xmlns:fo=\"http://www.w3.org/1999/XSL/Format\" xmlns:msxsl=\"urn:schemas-microsoft-com:xslt\"><head><META http-equiv=\"Content-Type\" content=\"text/html\"><meta http-equiv=\"content-type\" content=\"text/html; charset=UTF-8\"></head><body style=\"margin:0px 0p", "Shape_Leng": 0.02150487334, "Shape_Area": 2.148611e-05 }, "geometry": { "type": "MultiPolygon", "coordinates": [ [ [ [ -50.927246010999966, -17.766017441999963, 0.0 ], [ -50.926837191999937, -17.768658581999944, 0.0 ], [ -50.925116412999955, -17.768255570999941, 0.0 ], [ -50.924967144999982, -17.768863722999981, 0.0 ], [ -50.926544171999979, -17.770076828999947, 0.0 ], [ -50.926626436999982, -17.770139021999967, 0.0 ], [ -50.926941911999961, -17.770364834999953, 0.0 ], [ -50.927306446999978, -17.77048278999996, 0.0 ], [ -50.927321283999959, -17.770488346999969, 0.0 ], [ -50.927334931999951, -17.770496217999948, 0.0 ], [ -50.927347001999976, -17.770506176999959, 0.0 ], [ -50.927357150999967, -17.77051794099998, 0.0 ], [ -50.927365087999931, -17.770531173999927, 0.0 ], [ -50.927370585999938, -17.770545498999979, 0.0 ], [ -50.927373487999944, -17.770560505999981, 0.0 ], [ -50.927373712999952, -17.770575766999968, 0.0 ], [ -50.927371252999933, -17.770590845999948, 0.0 ], [ -50.927503675999958, -17.770693931999972, 0.0 ], [ -50.927916614999958, -17.771015388999956, 0.0 ], [ -50.927940489999969, -17.771021105999978, 0.0 ], [ -50.927939527999968, -17.771086869999976, 0.0 ], [ -50.927996813999982, -17.771142838999936, 0.0 ], [ -50.928032991999942, -17.771155197999974, 0.0 ], [ -50.928104109999936, -17.771127976999935, 0.0 ], [ -50.928174743999932, -17.771128526999973, 0.0 ], [ -50.928250787999957, -17.771110930999953, 0.0 ], [ -50.928330305999964, -17.771091749999982, 0.0 ], [ -50.928432455999939, -17.771055923999938, 0.0 ], [ -50.928570281999953, -17.771116597999935, 0.0 ], [ -50.928714809999974, -17.771189419999928, 0.0 ], [ -50.928942376999942, -17.771270326999968, 0.0 ], [ -50.929218157999969, -17.771338739999976, 0.0 ], [ -50.929332186999943, -17.771426964999932, 0.0 ], [ -50.929402244999949, -17.771463422999943, 0.0 ], [ -50.929434970999978, -17.771552649999933, 0.0 ], [ -50.929525054999942, -17.771570739999959, 0.0 ], [ -50.929601463999973, -17.771516432999931, 0.0 ], [ -50.929707360999942, -17.771468772999981, 0.0 ], [ -50.929801815999951, -17.771419786999957, 0.0 ], [ -50.930031697999937, -17.771470098999941, 0.0 ], [ -50.930183048999936, -17.771482721999973, 0.0 ], [ -50.93029390099997, -17.771474400999978, 0.0 ], [ -50.930300575999979, -17.771476628999949, 0.0 ], [ -50.930409973999986, -17.771513135999953, 0.0 ], [ -50.93050242299995, -17.771533630999954, 0.0 ], [ -50.930766318999986, -17.77149394199995, 0.0 ], [ -50.931209666999962, -17.770950401999983, 0.0 ], [ -50.931841218999978, -17.769782802999941, 0.0 ], [ -50.931803056999968, -17.769706433999943, 0.0 ], [ -50.931763648999947, -17.769664620999947, 0.0 ], [ -50.93166477799997, -17.76959691199994, 0.0 ], [ -50.931646135999983, -17.769521055999974, 0.0 ], [ -50.931656630999953, -17.76948632999995, 0.0 ], [ -50.931581201999961, -17.769209068999942, 0.0 ], [ -50.931564207999941, -17.769173777999981, 0.0 ], [ -50.931514837999941, -17.769043286999931, 0.0 ], [ -50.93151691199995, -17.768935840999973, 0.0 ], [ -50.931497477999983, -17.768852644999981, 0.0 ], [ -50.931395746999954, -17.768660558999954, 0.0 ], [ -50.931354207999959, -17.768400979999967, 0.0 ], [ -50.931401869999945, -17.768365587999938, 0.0 ], [ -50.93125797099998, -17.767898163999973, 0.0 ], [ -50.931123695999986, -17.767471514999954, 0.0 ], [ -50.930354331999979, -17.766899649999971, 0.0 ], [ -50.929269587999954, -17.767593174999945, 0.0 ], [ -50.927863516999935, -17.76594616999995, 0.0 ], [ -50.927246010999966, -17.766017441999963, 0.0 ] ] ] ] } },
{ "type": "Feature", "properties": { "OID_": 0, "Name": "Placemark", "FolderPath": "Document", "SymbolID": 0, "AltMode": 0, "Base": 0.0, "Clamped": -1, "Extruded": 0, "Snippet": null, "PopupInfo": "<html xmlns:fo=\"http://www.w3.org/1999/XSL/Format\" xmlns:msxsl=\"urn:schemas-microsoft-com:xslt\"><head><META http-equiv=\"Content-Type\" content=\"text/html\"><meta http-equiv=\"content-type\" content=\"text/html; charset=UTF-8\"></head><body style=\"margin:0px 0p", "Shape_Leng": 0.00949092065, "Shape_Area": 4.06044e-06 }, "geometry": { "type": "MultiPolygon", "coordinates": [ [ [ [ -50.900599359999944, -17.782607475999953, 0.0 ], [ -50.90058860299996, -17.782971101999976, 0.0 ], [ -50.90184439899997, -17.782494835999955, 0.0 ], [ -50.901575636999951, -17.781812564999939, 0.0 ], [ -50.901329691999933, -17.781177973999945, 0.0 ], [ -50.901084739999931, -17.780538665999927, 0.0 ], [ -50.900841128999957, -17.779907806999972, 0.0 ], [ -50.900596490999931, -17.77927122899996, 0.0 ], [ -50.899518891999946, -17.779628871999932, 0.0 ], [ -50.899642367999945, -17.77978677699997, 0.0 ], [ -50.899747022999975, -17.78012044899998, 0.0 ], [ -50.899773279999977, -17.78020216699997, 0.0 ], [ -50.899870372999942, -17.78050435199998, 0.0 ], [ -50.899937553999962, -17.780895401999942, 0.0 ], [ -50.900087140999972, -17.781232683999974, 0.0 ], [ -50.900236704999941, -17.781613013999959, 0.0 ], [ -50.900401258999977, -17.78197182599996, 0.0 ], [ -50.900475949999986, -17.782327005999946, 0.0 ], [ -50.900599359999944, -17.782607475999953, 0.0 ] ] ] ] } },
{ "type": "Feature", "properties": { "OID_": 0, "Name": "Placemark", "FolderPath": "Document", "SymbolID": 0, "AltMode": 0, "Base": 0.0, "Clamped": -1, "Extruded": 0, "Snippet": null, "PopupInfo": "<html xmlns:fo=\"http://www.w3.org/1999/XSL/Format\" xmlns:msxsl=\"urn:schemas-microsoft-com:xslt\"><head><META http-equiv=\"Content-Type\" content=\"text/html\"><meta http-equiv=\"content-type\" content=\"text/html; charset=UTF-8\"></head><body style=\"margin:0px 0p", "Shape_Leng": 0.00770893075, "Shape_Area": 3.01786e-06 }, "geometry": { "type": "MultiPolygon", "coordinates": [ [ [ [ -50.899316969999973, -17.778262362999953, 0.0 ], [ -50.901783258999956, -17.777389098999947, 0.0 ], [ -50.901468531999967, -17.776602859999969, 0.0 ], [ -50.901331260999939, -17.77659069799995, 0.0 ], [ -50.90113783299995, -17.776542769999935, 0.0 ], [ -50.900813368999934, -17.776470859999961, 0.0 ], [ -50.900570004999963, -17.776446821999969, 0.0 ], [ -50.900382800999978, -17.776428789999954, 0.0 ], [ -50.900189345999934, -17.776428691999968, 0.0 ], [ -50.899858582999968, -17.776464394999948, 0.0 ], [ -50.89964019599995, -17.776410473999931, 0.0 ], [ -50.899378584999965, -17.776217366999958, 0.0 ], [ -50.899400588999981, -17.776322252999933, 0.0 ], [ -50.899419168999941, -17.776414011999975, 0.0 ], [ -50.899441187999969, -17.776531944999931, 0.0 ], [ -50.899461835999944, -17.776662895999948, 0.0 ], [ -50.899475674999962, -17.776780643999928, 0.0 ], [ -50.899484676999975, -17.776924380999958, 0.0 ], [ -50.899483586999963, -17.777054840999938, 0.0 ], [ -50.899463440999966, -17.777254639999967, 0.0 ], [ -50.899444011999947, -17.777371064999954, 0.0 ], [ -50.89942463999995, -17.777470849999929, 0.0 ], [ -50.899410953999961, -17.777537389999964, 0.0 ], [ -50.899383311999941, -17.777670567999962, 0.0 ], [ -50.899357650999946, -17.77780396199995, 0.0 ], [ -50.899336782999967, -17.777937670999961, 0.0 ], [ -50.899321719999932, -17.778105401999937, 0.0 ], [ -50.899316969999973, -17.778262362999953, 0.0 ] ] ] ] } },
{ "type": "Feature", "properties": { "OID_": 0, "Name": "Placemark", "FolderPath": "Document", "SymbolID": 0, "AltMode": 0, "Base": 0.0, "Clamped": -1, "Extruded": 0, "Snippet": null, "PopupInfo": "<html xmlns:fo=\"http://www.w3.org/1999/XSL/Format\" xmlns:msxsl=\"urn:schemas-microsoft-com:xslt\"><head><META http-equiv=\"Content-Type\" content=\"text/html\"><meta http-equiv=\"content-type\" content=\"text/html; charset=UTF-8\"></head><body style=\"margin:0px 0p", "Shape_Leng": 0.00958550018, "Shape_Area": 2.591e-06 }, "geometry": { "type": "MultiPolygon", "coordinates": [ [ [ [ -50.937345388999972, -17.800890955999932, 0.0 ], [ -50.937116506999985, -17.800703849999934, 0.0 ], [ -50.936889295999947, -17.800689650999971, 0.0 ], [ -50.93669674299997, -17.800689588999944, 0.0 ], [ -50.936471650999977, -17.801156933999948, 0.0 ], [ -50.936437388999934, -17.801227319999953, 0.0 ], [ -50.936424601999931, -17.801260012999933, 0.0 ], [ -50.93530057299995, -17.800856859999953, 0.0 ], [ -50.93538000999996, -17.800626216999945, 0.0 ], [ -50.934723297999938, -17.800618135999969, 0.0 ], [ -50.934699140999953, -17.801218827999946, 0.0 ], [ -50.93484607299996, -17.801258460999975, 0.0 ], [ -50.935065187999953, -17.801670034999972, 0.0 ], [ -50.935124166999969, -17.80178247799995, 0.0 ], [ -50.935289180999973, -17.802096700999982, 0.0 ], [ -50.936136530999931, -17.801756267999963, 0.0 ], [ -50.936234307999939, -17.80173569699997, 0.0 ], [ -50.936241551999956, -17.801745767999932, 0.0 ], [ -50.936440490999985, -17.802069424999956, 0.0 ], [ -50.936687120999977, -17.802466633999927, 0.0 ], [ -50.936923943999943, -17.802205518999926, 0.0 ], [ -50.936658572999931, -17.801887611999973, 0.0 ], [ -50.936983808999969, -17.801597602999948, 0.0 ], [ -50.937053454999955, -17.801448418999939, 0.0 ], [ -50.937316884999973, -17.801542152999957, 0.0 ], [ -50.937594613999977, -17.801202136999962, 0.0 ], [ -50.937654134999946, -17.801161472999979, 0.0 ], [ -50.937345388999972, -17.800890955999932, 0.0 ] ] ] ] } },
{ "type": "Feature", "properties": { "OID_": 0, "Name": "Placemark", "FolderPath": "Document", "SymbolID": 0, "AltMode": 0, "Base": 0.0, "Clamped": -1, "Extruded": 0, "Snippet": null, "PopupInfo": "<html xmlns:fo=\"http://www.w3.org/1999/XSL/Format\" xmlns:msxsl=\"urn:schemas-microsoft-com:xslt\"><head><META http-equiv=\"Content-Type\" content=\"text/html\"><meta http-equiv=\"content-type\" content=\"text/html; charset=UTF-8\"></head><body style=\"margin:0px 0p", "Shape_Leng": 0.03175045848, "Shape_Area": 3.957998e-05 }, "geometry": { "type": "MultiPolygon", "coordinates": [ [ [ [ -50.951214797999967, -17.802245390999929, 0.0 ], [ -50.950910599999986, -17.802377873999944, 0.0 ], [ -50.951721056999986, -17.802347872999974, 0.0 ], [ -50.952445030999968, -17.802438927999958, 0.0 ], [ -50.953109045999952, -17.802692589999936, 0.0 ], [ -50.95405253499996, -17.80350593299994, 0.0 ], [ -50.955138504999979, -17.803642501999946, 0.0 ], [ -50.955707749999931, -17.80352783799998, 0.0 ], [ -50.956300563999946, -17.803595581999957, 0.0 ], [ -50.956865380999943, -17.803721262999943, 0.0 ], [ -50.957586617999937, -17.80398349099994, 0.0 ], [ -50.957962506999934, -17.803406128999939, 0.0 ], [ -50.95823747999998, -17.806350734999967, 0.0 ], [ -50.960721182999976, -17.806074897999963, 0.0 ], [ -50.962256722999939, -17.805160471999955, 0.0 ], [ -50.960455924999962, -17.802505, 0.0 ], [ -50.959699728999965, -17.801387923999982, 0.0 ], [ -50.959004160999939, -17.80041023299998, 0.0 ], [ -50.958912562999956, -17.800279934999935, 0.0 ], [ -50.958816292999984, -17.80015276499995, 0.0 ], [ -50.958715465999944, -17.800028876999932, 0.0 ], [ -50.958610207999982, -17.799908419999952, 0.0 ], [ -50.958500641999933, -17.799791540999934, 0.0 ], [ -50.958386902999962, -17.799678377999953, 0.0 ], [ -50.958269126999937, -17.79956907199994, 0.0 ], [ -50.95768861099998, -17.798902293999959, 0.0 ], [ -50.957629740999948, -17.79881164699998, 0.0 ], [ -50.957366084999933, -17.798302795999973, 0.0 ], [ -50.957276910999951, -17.798045270999978, 0.0 ], [ -50.957023105999951, -17.798135256999956, 0.0 ], [ -50.956360788999973, -17.798364719999938, 0.0 ], [ -50.95577657299998, -17.79856760499996, 0.0 ], [ -50.955622594999966, -17.798675290999938, 0.0 ], [ -50.954972720999933, -17.798852000999943, 0.0 ], [ -50.954724809999959, -17.799202253999965, 0.0 ], [ -50.954581890999975, -17.799410604999935, 0.0 ], [ -50.954512275999946, -17.799532107999937, 0.0 ], [ -50.954389902999935, -17.799714857999959, 0.0 ], [ -50.954234775999964, -17.799887251999962, 0.0 ], [ -50.954172980999942, -17.79996979799995, 0.0 ], [ -50.954106081999953, -17.800087552999969, 0.0 ], [ -50.954013027999963, -17.800276200999974, 0.0 ], [ -50.953935660999946, -17.800386112999945, 0.0 ], [ -50.95381548499995, -17.800486947999957, 0.0 ], [ -50.953773119999937, -17.800513421999938, 0.0 ], [ -50.953719362999948, -17.80054701399996, 0.0 ], [ -50.953189566999981, -17.80090037399998, 0.0 ], [ -50.953168766999966, -17.800917647999938, 0.0 ], [ -50.953147962999935, -17.800934899999959, 0.0 ], [ -50.95312714399995, -17.800952117999941, 0.0 ], [ -50.953106298999955, -17.800969283999962, 0.0 ], [ -50.953085417999944, -17.800986384999931, 0.0 ], [ -50.953064488999985, -17.80100340499996, 0.0 ], [ -50.953043499999978, -17.80102033199995, 0.0 ], [ -50.953022442999952, -17.801037147999978, 0.0 ], [ -50.952996520999932, -17.801057587999935, 0.0 ], [ -50.952970457999982, -17.801077814999928, 0.0 ], [ -50.952944232999982, -17.80109779999998, 0.0 ], [ -50.952917825999975, -17.801117517999955, 0.0 ], [ -50.952897390999965, -17.801132474999974, 0.0 ], [ -50.952876826999955, -17.801147244999981, 0.0 ], [ -50.952856125999972, -17.801161816999979, 0.0 ], [ -50.95282932799995, -17.801180183999975, 0.0 ], [ -50.952806659999965, -17.801321128999973, 0.0 ], [ -50.952576859999965, -17.801463458999933, 0.0 ], [ -50.952311768999948, -17.801620426999932, 0.0 ], [ -50.951923482999973, -17.801811322999981, 0.0 ], [ -50.951437772999952, -17.802087978999964, 0.0 ], [ -50.951214797999967, -17.802245390999929, 0.0 ] ] ] ] } },
{ "type": "Feature", "properties": { "OID_": 0, "Name": "Placemark", "FolderPath": "Document", "SymbolID": 0, "AltMode": 0, "Base": 0.0, "Clamped": -1, "Extruded": 0, "Snippet": null, "PopupInfo": "<html xmlns:fo=\"http://www.w3.org/1999/XSL/Format\" xmlns:msxsl=\"urn:schemas-microsoft-com:xslt\"><head><META http-equiv=\"Content-Type\" content=\"text/html\"><meta http-equiv=\"content-type\" content=\"text/html; charset=UTF-8\"></head><body style=\"margin:0px 0p", "Shape_Leng": 0.01046626456, "Shape_Area": 4.6579e-06 }, "geometry": { "type": "MultiPolygon", "coordinates": [ [ [ [ -50.952470795999943, -17.800714778999975, 0.0 ], [ -50.95282932799995, -17.801180183999975, 0.0 ], [ -50.952835277999952, -17.801176178999981, 0.0 ], [ -50.952856125999972, -17.801161816999979, 0.0 ], [ -50.952876826999955, -17.801147244999981, 0.0 ], [ -50.952897390999965, -17.801132474999974, 0.0 ], [ -50.952917825999975, -17.801117517999955, 0.0 ], [ -50.952944232999982, -17.80109779999998, 0.0 ], [ -50.952970457999982, -17.801077814999928, 0.0 ], [ -50.952996520999932, -17.801057587999935, 0.0 ], [ -50.953022442999952, -17.801037147999978, 0.0 ], [ -50.953043499999978, -17.80102033199995, 0.0 ], [ -50.953064488999985, -17.80100340499996, 0.0 ], [ -50.953085417999944, -17.800986384999931, 0.0 ], [ -50.953106298999955, -17.800969283999962, 0.0 ], [ -50.95312714399995, -17.800952117999941, 0.0 ], [ -50.953147962999935, -17.800934899999959, 0.0 ], [ -50.953168766999966, -17.800917647999938, 0.0 ], [ -50.953189566999981, -17.80090037399998, 0.0 ], [ -50.953719362999948, -17.80054701399996, 0.0 ], [ -50.953773119999937, -17.800513421999938, 0.0 ], [ -50.951436091999938, -17.798053093999954, 0.0 ], [ -50.951015752999979, -17.797631356999943, 0.0 ], [ -50.950948835999952, -17.797808936999957, 0.0 ], [ -50.950880121999944, -17.798030135999966, 0.0 ], [ -50.950788691999946, -17.798207310999942, 0.0 ], [ -50.950685045999933, -17.79835675399994, 0.0 ], [ -50.950482780999948, -17.798537263999947, 0.0 ], [ -50.950237105999975, -17.798645791999945, 0.0 ], [ -50.950020765999966, -17.798714851999932, 0.0 ], [ -50.95072761299997, -17.79930238999998, 0.0 ], [ -50.95171400199996, -17.800150192999979, 0.0 ], [ -50.952470795999943, -17.800714778999975, 0.0 ] ] ] ] } },
{ "type": "Feature", "properties": { "OID_": 0, "Name": "Placemark", "FolderPath": "Document", "SymbolID": 0, "AltMode": 0, "Base": 0.0, "Clamped": -1, "Extruded": 0, "Snippet": null, "PopupInfo": "<html xmlns:fo=\"http://www.w3.org/1999/XSL/Format\" xmlns:msxsl=\"urn:schemas-microsoft-com:xslt\"><head><META http-equiv=\"Content-Type\" content=\"text/html\"><meta http-equiv=\"content-type\" content=\"text/html; charset=UTF-8\"></head><body style=\"margin:0px 0p", "Shape_Leng": 0.01170941802, "Shape_Area": 6.88222e-06 }, "geometry": { "type": "MultiPolygon", "coordinates": [ [ [ [ -50.950580331999959, -17.797162152999931, 0.0 ], [ -50.950933336999981, -17.797548666999944, 0.0 ], [ -50.951015752999979, -17.797631356999943, 0.0 ], [ -50.951436091999938, -17.798053093999954, 0.0 ], [ -50.953773119999937, -17.800513421999938, 0.0 ], [ -50.953935660999946, -17.800386112999945, 0.0 ], [ -50.954013027999963, -17.800276200999974, 0.0 ], [ -50.954106081999953, -17.800087552999969, 0.0 ], [ -50.954172980999942, -17.79996979799995, 0.0 ], [ -50.954234775999964, -17.799887251999962, 0.0 ], [ -50.954389902999935, -17.799714857999959, 0.0 ], [ -50.954512275999946, -17.799532107999937, 0.0 ], [ -50.954581890999975, -17.799410604999935, 0.0 ], [ -50.954724809999959, -17.799202253999965, 0.0 ], [ -50.954583540999977, -17.799049554999954, 0.0 ], [ -50.954323980999959, -17.798756121999929, 0.0 ], [ -50.954121593999957, -17.798498362999965, 0.0 ], [ -50.953477588999931, -17.797421517999965, 0.0 ], [ -50.953248051999935, -17.79702666999998, 0.0 ], [ -50.952957382999955, -17.796773358999928, 0.0 ], [ -50.951405652999938, -17.797088679999945, 0.0 ], [ -50.95121912299993, -17.797091881999961, 0.0 ], [ -50.95106651499998, -17.797065852999935, 0.0 ], [ -50.95086641499995, -17.797088544999951, 0.0 ], [ -50.950580331999959, -17.797162152999931, 0.0 ] ] ] ] } },
{ "type": "Feature", "properties": { "OID_": 0, "Name": "Placemark", "FolderPath": "Document", "SymbolID": 0, "AltMode": 0, "Base": 0.0, "Clamped": -1, "Extruded": 0, "Snippet": null, "PopupInfo": "<html xmlns:fo=\"http://www.w3.org/1999/XSL/Format\" xmlns:msxsl=\"urn:schemas-microsoft-com:xslt\"><head><META http-equiv=\"Content-Type\" content=\"text/html\"><meta http-equiv=\"content-type\" content=\"text/html; charset=UTF-8\"></head><body style=\"margin:0px 0p", "Shape_Leng": 0.01748094354, "Shape_Area": 1.581651e-05 }, "geometry": { "type": "MultiPolygon", "coordinates": [ [ [ [ -50.953292412999986, -17.796139244999949, 0.0 ], [ -50.953780893999976, -17.796153010999944, 0.0 ], [ -50.954065263999951, -17.796113233999961, 0.0 ], [ -50.954468194999947, -17.795992976999969, 0.0 ], [ -50.954777472999979, -17.795921060999945, 0.0 ], [ -50.955412383999942, -17.795766992999972, 0.0 ], [ -50.956224556999985, -17.795590438999966, 0.0 ], [ -50.956228811999949, -17.795523921999973, 0.0 ], [ -50.956346144999941, -17.795523947999982, 0.0 ], [ -50.956348580999986, -17.795433528999979, 0.0 ], [ -50.956545098999982, -17.795440134999978, 0.0 ], [ -50.956616697999948, -17.795436457999926, 0.0 ], [ -50.957623275999936, -17.795251, 0.0 ], [ -50.957922340999971, -17.795121790999929, 0.0 ], [ -50.958831286999953, -17.794898730999932, 0.0 ], [ -50.95954712799994, -17.794675874999939, 0.0 ], [ -50.959941259999937, -17.794561379999948, 0.0 ], [ -50.959972850999975, -17.794521232999955, 0.0 ], [ -50.959985461999963, -17.794496360999972, 0.0 ], [ -50.959987717999979, -17.794455465999931, 0.0 ], [ -50.959438240999987, -17.793481761999942, 0.0 ], [ -50.959089895999966, -17.792881112999964, 0.0 ], [ -50.95905425199993, -17.792817759999934, 0.0 ], [ -50.958972556999981, -17.792808050999952, 0.0 ], [ -50.958845700999973, -17.792785637999941, 0.0 ], [ -50.957565719999934, -17.792743723999934, 0.0 ], [ -50.955861057999982, -17.792699316999972, 0.0 ], [ -50.955561043999978, -17.792689761999952, 0.0 ], [ -50.954883062999954, -17.792672085999982, 0.0 ], [ -50.954496148999965, -17.792661791999933, 0.0 ], [ -50.954236395999942, -17.792602503999944, 0.0 ], [ -50.954044301999943, -17.793317844999933, 0.0 ], [ -50.953859182999963, -17.794016278999948, 0.0 ], [ -50.953826642999957, -17.794126156999937, 0.0 ], [ -50.953485101999945, -17.795416870999929, 0.0 ], [ -50.953454703999967, -17.795538439999973, 0.0 ], [ -50.953292412999986, -17.796139244999949, 0.0 ] ] ] ] } },
{ "type": "Feature", "properties": { "OID_": 0, "Name": "Placemark", "FolderPath": "Document", "SymbolID": 0, "AltMode": 0, "Base": 0.0, "Clamped": -1, "Extruded": 0, "Snippet": null, "PopupInfo": "<html xmlns:fo=\"http://www.w3.org/1999/XSL/Format\" xmlns:msxsl=\"urn:schemas-microsoft-com:xslt\"><head><META http-equiv=\"Content-Type\" content=\"text/html\"><meta http-equiv=\"content-type\" content=\"text/html; charset=UTF-8\"></head><body style=\"margin:0px 0p", "Shape_Leng": 0.01594284365, "Shape_Area": 1.495216e-05 }, "geometry": { "type": "MultiPolygon", "coordinates": [ [ [ [ -50.948901699999965, -17.785200269999962, 0.0 ], [ -50.949501603999977, -17.786943387999941, 0.0 ], [ -50.949602820999985, -17.787241739999956, 0.0 ], [ -50.95026194899998, -17.789176998999949, 0.0 ], [ -50.952090369999951, -17.788619335999954, 0.0 ], [ -50.952275231999977, -17.788561505999951, 0.0 ], [ -50.953024046999985, -17.788327256999935, 0.0 ], [ -50.953563008999936, -17.788161355999932, 0.0 ], [ -50.95371571499993, -17.788114349999944, 0.0 ], [ -50.953940282999952, -17.788045223999973, 0.0 ], [ -50.954637744999957, -17.787830529999951, 0.0 ], [ -50.951879732999942, -17.784839677999969, 0.0 ], [ -50.951701792999984, -17.784866422999983, 0.0 ], [ -50.95149835899997, -17.784889247999956, 0.0 ], [ -50.951267659999985, -17.784905762999927, 0.0 ], [ -50.95094024499997, -17.784886546999928, 0.0 ], [ -50.950598950999961, -17.784862997999937, 0.0 ], [ -50.95025893199994, -17.784839483999974, 0.0 ], [ -50.949935337999932, -17.784820372999945, 0.0 ], [ -50.949643324999954, -17.784810032999928, 0.0 ], [ -50.949507942999958, -17.784835825999949, 0.0 ], [ -50.949406969999984, -17.78487337699994, 0.0 ], [ -50.94932808599998, -17.784921304999955, 0.0 ], [ -50.94925896899997, -17.784978229999979, 0.0 ], [ -50.949187295999934, -17.785042769999961, 0.0 ], [ -50.949052004999942, -17.785119884999972, 0.0 ], [ -50.948901699999965, -17.785200269999962, 0.0 ] ] ] ] } },
{ "type": "Feature", "properties": { "OID_": 0, "Name": "Placemark", "FolderPath": "Document", "SymbolID": 0, "AltMode": 0, "Base": 0.0, "Clamped": -1, "Extruded": 0, "Snippet": null, "PopupInfo": "<html xmlns:fo=\"http://www.w3.org/1999/XSL/Format\" xmlns:msxsl=\"urn:schemas-microsoft-com:xslt\"><head><META http-equiv=\"Content-Type\" content=\"text/html\"><meta http-equiv=\"content-type\" content=\"text/html; charset=UTF-8\"></head><body style=\"margin:0px 0p", "Shape_Leng": 0.01937837953, "Shape_Area": 2.306966e-05 }, "geometry": { "type": "MultiPolygon", "coordinates": [ [ [ [ -50.913680317999933, -17.749275630999932, 0.0 ], [ -50.911927290999984, -17.748934216999942, 0.0 ], [ -50.911819486999946, -17.748940049999931, 0.0 ], [ -50.91127942199995, -17.749157535999927, 0.0 ], [ -50.910645874999943, -17.749415707999958, 0.0 ], [ -50.910624354999982, -17.749465512999961, 0.0 ], [ -50.909522835999951, -17.752955038999971, 0.0 ], [ -50.909606522999979, -17.752986668999938, 0.0 ], [ -50.910411825999972, -17.753286514999957, 0.0 ], [ -50.910965265999948, -17.753492373999961, 0.0 ], [ -50.911198286999934, -17.753579065999929, 0.0 ], [ -50.911546313999963, -17.753648780999981, 0.0 ], [ -50.91213410499995, -17.75376698599996, 0.0 ], [ -50.912702890999981, -17.753881182999976, 0.0 ], [ -50.91307853099994, -17.753957368999977, 0.0 ], [ -50.913283247999971, -17.754034695999962, 0.0 ], [ -50.913354368999933, -17.754061391999983, 0.0 ], [ -50.914041588999964, -17.754578166999977, 0.0 ], [ -50.91404863799994, -17.754570841999964, 0.0 ], [ -50.914057618999948, -17.754563294999969, 0.0 ], [ -50.914067339999974, -17.754556641999955, 0.0 ], [ -50.914077703999965, -17.754550949999953, 0.0 ], [ -50.914088608999975, -17.754546274999939, 0.0 ], [ -50.914099943999986, -17.754542663999928, 0.0 ], [ -50.914111598999966, -17.754540150999958, 0.0 ], [ -50.91412345699996, -17.754538762999971, 0.0 ], [ -50.914135399999964, -17.754538513999933, 0.0 ], [ -50.914147308999986, -17.754539404999946, 0.0 ], [ -50.914159067999947, -17.754541427999982, 0.0 ], [ -50.914166940999962, -17.754543574999957, 0.0 ], [ -50.914658693999968, -17.752964685999927, 0.0 ], [ -50.914832403999981, -17.752406877999931, 0.0 ], [ -50.914861895999934, -17.752311907999967, 0.0 ], [ -50.915030982999951, -17.751777087999926, 0.0 ], [ -50.915100019999954, -17.75156008099998, 0.0 ], [ -50.915111241999966, -17.751524740999969, 0.0 ], [ -50.915162816999953, -17.75138902599997, 0.0 ], [ -50.915251333999947, -17.751200677999975, 0.0 ], [ -50.915344836999964, -17.751008156999944, 0.0 ], [ -50.915470466999977, -17.750755718999926, 0.0 ], [ -50.915980052999942, -17.749722690999931, 0.0 ], [ -50.913680317999933, -17.749275630999932, 0.0 ] ] ] ] } },
{ "type": "Feature", "properties": { "OID_": 0, "Name": "Placemark", "FolderPath": "Document", "SymbolID": 0, "AltMode": 0, "Base": 0.0, "Clamped": -1, "Extruded": 0, "Snippet": null, "PopupInfo": "<html xmlns:fo=\"http://www.w3.org/1999/XSL/Format\" xmlns:msxsl=\"urn:schemas-microsoft-com:xslt\"><head><META http-equiv=\"Content-Type\" content=\"text/html\"><meta http-equiv=\"content-type\" content=\"text/html; charset=UTF-8\"></head><body style=\"margin:0px 0p", "Shape_Leng": 0.03914473055, "Shape_Area": 6.658251e-05 }, "geometry": { "type": "MultiPolygon", "coordinates": [ [ [ [ -50.895998660999965, -17.748821121999981, 0.0 ], [ -50.895962223999959, -17.748824078999974, 0.0 ], [ -50.895917146999977, -17.748819122999976, 0.0 ], [ -50.895814272999985, -17.748798731999955, 0.0 ], [ -50.895784846999959, -17.748794522999958, 0.0 ], [ -50.895750618999955, -17.748793818999957, 0.0 ], [ -50.895722081999963, -17.748801105999974, 0.0 ], [ -50.89570403099998, -17.748815124999965, 0.0 ], [ -50.895691541999952, -17.748836695999955, 0.0 ], [ -50.895683993999967, -17.748863962999962, 0.0 ], [ -50.895678970999938, -17.748899106999943, 0.0 ], [ -50.895675051999945, -17.748929044999954, 0.0 ], [ -50.895669819999966, -17.748958609999931, 0.0 ], [ -50.89566304899995, -17.748985956999945, 0.0 ], [ -50.895654192999984, -17.74900587299993, 0.0 ], [ -50.895641720999947, -17.749020485999949, 0.0 ], [ -50.895624357999964, -17.749027429999956, 0.0 ], [ -50.89559913599993, -17.749024650999957, 0.0 ], [ -50.895565159999933, -17.749018616999933, 0.0 ], [ -50.895525422999981, -17.749010313999975, 0.0 ], [ -50.895485829999984, -17.749006416999975, 0.0 ], [ -50.895458394999935, -17.749009520999948, 0.0 ], [ -50.895422608999979, -17.749021641999946, 0.0 ], [ -50.895393963999936, -17.749041753999961, 0.0 ], [ -50.895366144999969, -17.749069473999953, 0.0 ], [ -50.895352969999976, -17.749098900999968, 0.0 ], [ -50.895347330999982, -17.749143646999983, 0.0 ], [ -50.895350711999981, -17.749182927999982, 0.0 ], [ -50.895355610999957, -17.749218462999977, 0.0 ], [ -50.895355176999942, -17.749260766999953, 0.0 ], [ -50.895344203999969, -17.749289876999967, 0.0 ], [ -50.895321860999957, -17.749306760999957, 0.0 ], [ -50.895248165999931, -17.749335015999975, 0.0 ], [ -50.895171319999974, -17.749359425999955, 0.0 ], [ -50.895117189999951, -17.74938296299996, 0.0 ], [ -50.895040287999961, -17.749436342999957, 0.0 ], [ -50.894969393999986, -17.749477313999932, 0.0 ], [ -50.894886779999979, -17.749485118999928, 0.0 ], [ -50.894794297999965, -17.749464921999959, 0.0 ], [ -50.894685195999955, -17.749417740999945, 0.0 ], [ -50.894615638999937, -17.749396505999982, 0.0 ], [ -50.894572265999955, -17.749401690999946, 0.0 ], [ -50.894511607999959, -17.749430486999927, 0.0 ], [ -50.894457165999938, -17.749446511999963, 0.0 ], [ -50.894409078999956, -17.749436931999981, 0.0 ], [ -50.894352333999962, -17.749416283999949, 0.0 ], [ -50.89427726699995, -17.749411836999968, 0.0 ], [ -50.894177409999941, -17.749422158999948, 0.0 ], [ -50.894106501999943, -17.749452015999964, 0.0 ], [ -50.894070952999982, -17.749500215999944, 0.0 ], [ -50.894058722999944, -17.749573378999969, 0.0 ], [ -50.894051768999987, -17.749601918999929, 0.0 ], [ -50.89403142599997, -17.749620280999977, 0.0 ], [ -50.893964219999987, -17.749633501999938, 0.0 ], [ -50.893935013999965, -17.749648067999942, 0.0 ], [ -50.893923263999966, -17.749686220999934, 0.0 ], [ -50.893923917999984, -17.749752981999961, 0.0 ], [ -50.89390935299997, -17.749785422999935, 0.0 ], [ -50.893879802999948, -17.749798182999939, 0.0 ], [ -50.893815672999949, -17.749808979999955, 0.0 ], [ -50.893815701999984, -17.749809733999939, 0.0 ], [ -50.893819618999942, -17.749911641999972, 0.0 ], [ -50.893841896999959, -17.750005508999948, 0.0 ], [ -50.893887242999938, -17.750141840999959, 0.0 ], [ -50.893930767999962, -17.75033316899993, 0.0 ], [ -50.893950650999955, -17.750513300999955, 0.0 ], [ -50.89394340299998, -17.750704336999945, 0.0 ], [ -50.893950169999982, -17.750858862999962, 0.0 ], [ -50.893988619999959, -17.751008172999946, 0.0 ], [ -50.894034404999957, -17.751099050999926, 0.0 ], [ -50.894160032999935, -17.75126510399997, 0.0 ], [ -50.894224896999958, -17.751360429999977, 0.0 ], [ -50.894307381999965, -17.751527732999932, 0.0 ], [ -50.894355330999986, -17.751620610999964, 0.0 ], [ -50.894416500999967, -17.751705168999933, 0.0 ], [ -50.894511285999954, -17.751804124999978, 0.0 ], [ -50.89461972099997, -17.751912466999954, 0.0 ], [ -50.894689030999984, -17.751998769999943, 0.0 ], [ -50.894746402999942, -17.752105284999971, 0.0 ], [ -50.894793960999948, -17.752197112999966, 0.0 ], [ -50.894851591999952, -17.752271742999937, 0.0 ], [ -50.894889758999966, -17.752386027999933, 0.0 ], [ -50.894920384999978, -17.752481175999947, 0.0 ], [ -50.894930569999985, -17.752551131999951, 0.0 ], [ -50.894952388999968, -17.752600058999974, 0.0 ], [ -50.895422694999979, -17.75313753699993, 0.0 ], [ -50.895538284999986, -17.753454294999926, 0.0 ], [ -50.895675704999974, -17.753830868999955, 0.0 ], [ -50.895475604999945, -17.75461914999994, 0.0 ], [ -50.895674131999954, -17.75562438999998, 0.0 ], [ -50.895963076999976, -17.756785648999937, 0.0 ], [ -50.896029545999966, -17.757495466999956, 0.0 ], [ -50.899432908999984, -17.758170680999967, 0.0 ], [ -50.899743102999935, -17.759090811999954, 0.0 ], [ -50.900406388999954, -17.761025308999933, 0.0 ], [ -50.900944073999938, -17.760537676999945, 0.0 ], [ -50.902717833999986, -17.758875552999939, 0.0 ], [ -50.903163283999959, -17.758432088999939, 0.0 ], [ -50.90339589599995, -17.758229191999931, 0.0 ], [ -50.90349628499996, -17.75822108999995, 0.0 ], [ -50.904435794999984, -17.757377731999952, 0.0 ], [ -50.904568259999962, -17.75712471099996, 0.0 ], [ -50.904715314999976, -17.756722448999938, 0.0 ], [ -50.90458343499995, -17.756423109999957, 0.0 ], [ -50.904605774999936, -17.756279979999931, 0.0 ], [ -50.904720487999953, -17.75554503199993, 0.0 ], [ -50.904786458999979, -17.755121201999941, 0.0 ], [ -50.901839288999952, -17.754615577999971, 0.0 ], [ -50.902397113999939, -17.751433040999927, 0.0 ], [ -50.897628524999959, -17.750543572999959, 0.0 ], [ -50.896187418999943, -17.748700490999965, 0.0 ], [ -50.896124850999968, -17.748729707999928, 0.0 ], [ -50.896036502999948, -17.748810557999946, 0.0 ], [ -50.895998660999965, -17.748821121999981, 0.0 ] ] ] ] } },
{ "type": "Feature", "properties": { "OID_": 0, "Name": "Placemark", "FolderPath": "Document", "SymbolID": 0, "AltMode": 0, "Base": 0.0, "Clamped": -1, "Extruded": 0, "Snippet": null, "PopupInfo": "<html xmlns:fo=\"http://www.w3.org/1999/XSL/Format\" xmlns:msxsl=\"urn:schemas-microsoft-com:xslt\"><head><META http-equiv=\"Content-Type\" content=\"text/html\"><meta http-equiv=\"content-type\" content=\"text/html; charset=UTF-8\"></head><body style=\"margin:0px 0p", "Shape_Leng": 0.01985262575, "Shape_Area": 2.045461e-05 }, "geometry": { "type": "MultiPolygon", "coordinates": [ [ [ [ -50.926407478999977, -17.761810318999949, 0.0 ], [ -50.926368422999985, -17.761757885999941, 0.0 ], [ -50.926355746999945, -17.761702655999954, 0.0 ], [ -50.926354781999976, -17.761670828999968, 0.0 ], [ -50.926358712999956, -17.761613731999944, 0.0 ], [ -50.926375340999982, -17.761564128999964, 0.0 ], [ -50.926402716999974, -17.761510784999928, 0.0 ], [ -50.926441817999944, -17.761451829999942, 0.0 ], [ -50.92649275499997, -17.761414154999954, 0.0 ], [ -50.926549202999979, -17.76139984699995, 0.0 ], [ -50.926568931999952, -17.761400007999953, 0.0 ], [ -50.926603027999931, -17.761404151999955, 0.0 ], [ -50.926653771999952, -17.76142269199994, 0.0 ], [ -50.926732468999944, -17.76136700099994, 0.0 ], [ -50.926310723999961, -17.759969513999977, 0.0 ], [ -50.925883986999963, -17.758591124999953, 0.0 ], [ -50.92564518599994, -17.757794303999958, 0.0 ], [ -50.925194356999953, -17.756289975999948, 0.0 ], [ -50.924902901999985, -17.755332160999956, 0.0 ], [ -50.924830585999985, -17.755125483999961, 0.0 ], [ -50.924708092999936, -17.754863241999942, 0.0 ], [ -50.924571354999955, -17.754653979999944, 0.0 ], [ -50.924510320999957, -17.754576016999977, 0.0 ], [ -50.924400363999951, -17.754563641999937, 0.0 ], [ -50.922970047999968, -17.754423589999931, 0.0 ], [ -50.922923190999938, -17.754418682999926, 0.0 ], [ -50.922884930999942, -17.754414674999964, 0.0 ], [ -50.922824925999976, -17.754980416999956, 0.0 ], [ -50.922764921999942, -17.755545515999927, 0.0 ], [ -50.922700667999948, -17.756109496999954, 0.0 ], [ -50.922635483999954, -17.756669989999978, 0.0 ], [ -50.92257065299998, -17.757244167999943, 0.0 ], [ -50.92250729899996, -17.757808895999972, 0.0 ], [ -50.922442636999961, -17.758381234999945, 0.0 ], [ -50.922377243999961, -17.758936606999953, 0.0 ], [ -50.922337225999968, -17.759180378999929, 0.0 ], [ -50.922228351999934, -17.759409129999938, 0.0 ], [ -50.922232292999979, -17.759445653999933, 0.0 ], [ -50.922218294999936, -17.759457416999965, 0.0 ], [ -50.92220558799994, -17.759470456999964, 0.0 ], [ -50.922194299999944, -17.75948464499993, 0.0 ], [ -50.922184541999968, -17.759499838999943, 0.0 ], [ -50.922176411999942, -17.759515888999942, 0.0 ], [ -50.922169989999986, -17.759532633999981, 0.0 ], [ -50.922165339999935, -17.759549908999929, 0.0 ], [ -50.922162507999985, -17.759567541999957, 0.0 ], [ -50.922161522999943, -17.759585356999935, 0.0 ], [ -50.92216239399994, -17.759603177999963, 0.0 ], [ -50.922165111999959, -17.759620826999935, 0.0 ], [ -50.922169650999933, -17.759638127999949, 0.0 ], [ -50.922175964999951, -17.759654910999927, 0.0 ], [ -50.922183991999987, -17.759671008999931, 0.0 ], [ -50.922193651999976, -17.759686260999956, 0.0 ], [ -50.922266547999982, -17.760168594999982, 0.0 ], [ -50.922378485999957, -17.760224390999952, 0.0 ], [ -50.923002699999984, -17.76047798899998, 0.0 ], [ -50.926360604999957, -17.761852699999963, 0.0 ], [ -50.926407478999977, -17.761810318999949, 0.0 ] ] ] ] } },
{ "type": "Feature", "properties": { "OID_": 0, "Name": "Placemark", "FolderPath": "Document", "SymbolID": 0, "AltMode": 0, "Base": 0.0, "Clamped": -1, "Extruded": 0, "Snippet": null, "PopupInfo": "<html xmlns:fo=\"http://www.w3.org/1999/XSL/Format\" xmlns:msxsl=\"urn:schemas-microsoft-com:xslt\"><head><META http-equiv=\"Content-Type\" content=\"text/html\"><meta http-equiv=\"content-type\" content=\"text/html; charset=UTF-8\"></head><body style=\"margin:0px 0p", "Shape_Leng": 0.00620453916, "Shape_Area": 1.02308e-06 }, "geometry": { "type": "MultiPolygon", "coordinates": [ [ [ [ -50.935430688999986, -17.795493920999945, 0.0 ], [ -50.934947428999976, -17.795492085999967, 0.0 ], [ -50.934936185999959, -17.795894640999961, 0.0 ], [ -50.934986236999976, -17.795894910999948, 0.0 ], [ -50.935006109999961, -17.795893563999982, 0.0 ], [ -50.935197930999948, -17.795883486999969, 0.0 ], [ -50.935317980999969, -17.79587718099998, 0.0 ], [ -50.935509153999931, -17.795867137999949, 0.0 ], [ -50.935654587999977, -17.79585949899996, 0.0 ], [ -50.935795485999961, -17.795852096999965, 0.0 ], [ -50.935821222999948, -17.795850807999955, 0.0 ], [ -50.935895286999937, -17.795841605999954, 0.0 ], [ -50.936717770999962, -17.795794928999953, 0.0 ], [ -50.936779626999964, -17.795794788999956, 0.0 ], [ -50.937613046999957, -17.795743670999968, 0.0 ], [ -50.937651570999947, -17.795742079999968, 0.0 ], [ -50.937656114999982, -17.795372946999976, 0.0 ], [ -50.936732973999938, -17.795416219999936, 0.0 ], [ -50.936709448999977, -17.795422647999942, 0.0 ], [ -50.935911719999979, -17.79546763999997, 0.0 ], [ -50.935582987999965, -17.795489463999957, 0.0 ], [ -50.935430688999986, -17.795493920999945, 0.0 ] ] ] ] } },
{ "type": "Feature", "properties": { "OID_": 0, "Name": "Placemark", "FolderPath": "Document", "SymbolID": 0, "AltMode": 0, "Base": 0.0, "Clamped": -1, "Extruded": 0, "Snippet": null, "PopupInfo": "<html xmlns:fo=\"http://www.w3.org/1999/XSL/Format\" xmlns:msxsl=\"urn:schemas-microsoft-com:xslt\"><head><META http-equiv=\"Content-Type\" content=\"text/html\"><meta http-equiv=\"content-type\" content=\"text/html; charset=UTF-8\"></head><body style=\"margin:0px 0p", "Shape_Leng": 0.0363196911, "Shape_Area": 3.256505e-05 }, "geometry": { "type": "MultiPolygon", "coordinates": [ [ [ [ -50.925262356999951, -17.756516881999971, 0.0 ], [ -50.92564518599994, -17.757794303999958, 0.0 ], [ -50.925883986999963, -17.758591124999953, 0.0 ], [ -50.926310723999961, -17.759969513999977, 0.0 ], [ -50.926732468999944, -17.76136700099994, 0.0 ], [ -50.926653771999952, -17.76142269199994, 0.0 ], [ -50.926603027999931, -17.761404151999955, 0.0 ], [ -50.926568931999952, -17.761400007999953, 0.0 ], [ -50.926549202999979, -17.76139984699995, 0.0 ], [ -50.92649275499997, -17.761414154999954, 0.0 ], [ -50.926441817999944, -17.761451829999942, 0.0 ], [ -50.926402716999974, -17.761510784999928, 0.0 ], [ -50.926375340999982, -17.761564128999964, 0.0 ], [ -50.926358712999956, -17.761613731999944, 0.0 ], [ -50.926354781999976, -17.761670828999968, 0.0 ], [ -50.926355746999945, -17.761702655999954, 0.0 ], [ -50.926368422999985, -17.761757885999941, 0.0 ], [ -50.926407478999977, -17.761810318999949, 0.0 ], [ -50.926360604999957, -17.761852699999963, 0.0 ], [ -50.923002699999984, -17.76047798899998, 0.0 ], [ -50.922378485999957, -17.760224390999952, 0.0 ], [ -50.922259936999978, -17.760935580999956, 0.0 ], [ -50.922691465999947, -17.761146451999934, 0.0 ], [ -50.923025197999948, -17.761391715999935, 0.0 ], [ -50.923215419999963, -17.761615996999979, 0.0 ], [ -50.923558388999936, -17.76215422599995, 0.0 ], [ -50.922058586999981, -17.764490838999961, 0.0 ], [ -50.923551247999967, -17.766342542999951, 0.0 ], [ -50.923810759999981, -17.766607299999976, 0.0 ], [ -50.924484553999946, -17.767184907999933, 0.0 ], [ -50.925017932999936, -17.767600199999947, 0.0 ], [ -50.925125266999942, -17.767682385999933, 0.0 ], [ -50.925151017999951, -17.767586594999955, 0.0 ], [ -50.925194304999934, -17.767403867999974, 0.0 ], [ -50.925399399999947, -17.766538090999973, 0.0 ], [ -50.925447201999987, -17.766336772999978, 0.0 ], [ -50.925736551999933, -17.765126910999982, 0.0 ], [ -50.925737394999942, -17.764855291999936, 0.0 ], [ -50.925710813999956, -17.76483408799993, 0.0 ], [ -50.925688234999939, -17.764808984999945, 0.0 ], [ -50.925670270999944, -17.764780664999932, 0.0 ], [ -50.925657413999943, -17.764749900999959, 0.0 ], [ -50.925650011999949, -17.764717528999938, 0.0 ], [ -50.925648266999985, -17.764684431999967, 0.0 ], [ -50.925652226999944, -17.764651509999965, 0.0 ], [ -50.925661783999942, -17.764619660999927, 0.0 ], [ -50.925676677999945, -17.76458975099996, 0.0 ], [ -50.925696502999983, -17.764562594999973, 0.0 ], [ -50.92572071799998, -17.764538933999972, 0.0 ], [ -50.925748664999958, -17.764519409999934, 0.0 ], [ -50.92577958399994, -17.764504555999963, 0.0 ], [ -50.925812630999985, -17.764494775999935, 0.0 ], [ -50.925846905999947, -17.764490335999938, 0.0 ], [ -50.925933408999981, -17.764267632999974, 0.0 ], [ -50.926063962999933, -17.763995499999965, 0.0 ], [ -50.92628325499993, -17.763701422999929, 0.0 ], [ -50.926434302999951, -17.763526815999967, 0.0 ], [ -50.926542358999939, -17.763387700999942, 0.0 ], [ -50.928285793999976, -17.76214422299995, 0.0 ], [ -50.930190119999963, -17.760804719999953, 0.0 ], [ -50.930477965999955, -17.760599517999935, 0.0 ], [ -50.928064399999982, -17.758803555999975, 0.0 ], [ -50.927525594999963, -17.758405731999972, 0.0 ], [ -50.927406104999932, -17.758298542999967, 0.0 ], [ -50.92727173399993, -17.758070710999959, 0.0 ], [ -50.927001854999958, -17.757376873999931, 0.0 ], [ -50.925891243999956, -17.756753059999937, 0.0 ], [ -50.925672361999943, -17.756621184999972, 0.0 ], [ -50.925469011999951, -17.756459679999978, 0.0 ], [ -50.925262356999951, -17.756516881999971, 0.0 ] ] ] ] } },
{ "type": "Feature", "properties": { "OID_": 0, "Name": "Placemark", "FolderPath": "Document", "SymbolID": 0, "AltMode": 0, "Base": 0.0, "Clamped": -1, "Extruded": 0, "Snippet": null, "PopupInfo": "<html xmlns:fo=\"http://www.w3.org/1999/XSL/Format\" xmlns:msxsl=\"urn:schemas-microsoft-com:xslt\"><head><META http-equiv=\"Content-Type\" content=\"text/html\"><meta http-equiv=\"content-type\" content=\"text/html; charset=UTF-8\"></head><body style=\"margin:0px 0p", "Shape_Leng": 0.01849746439, "Shape_Area": 2.150076e-05 }, "geometry": { "type": "MultiPolygon", "coordinates": [ [ [ [ -50.945996523999952, -17.770895080999935, 0.0 ], [ -50.945856632999948, -17.771041604999937, 0.0 ], [ -50.945721755999955, -17.771192382999971, 0.0 ], [ -50.945592034999947, -17.771347255999956, 0.0 ], [ -50.945467603999987, -17.771506064999983, 0.0 ], [ -50.94534626899997, -17.771671933999983, 0.0 ], [ -50.945230704999972, -17.771841542999937, 0.0 ], [ -50.945121039999947, -17.77201471099994, 0.0 ], [ -50.945017389999975, -17.772191245999977, 0.0 ], [ -50.944919868999932, -17.772370957999954, 0.0 ], [ -50.944828582999946, -17.772553652999932, 0.0 ], [ -50.944743631999984, -17.77273913099998, 0.0 ], [ -50.944734780999966, -17.772759454999971, 0.0 ], [ -50.944661566999969, -17.772936107999953, 0.0 ], [ -50.944594090999942, -17.773114846999931, 0.0 ], [ -50.944532416999948, -17.773295498999971, 0.0 ], [ -50.944476603999931, -17.77347789199996, 0.0 ], [ -50.944426705999945, -17.773661851999975, 0.0 ], [ -50.944425870999964, -17.773665131999962, 0.0 ], [ -50.944390909999981, -17.773825071999966, 0.0 ], [ -50.944309983999972, -17.773986832999981, 0.0 ], [ -50.944169132999946, -17.774135309999963, 0.0 ], [ -50.944240942999954, -17.774172374999978, 0.0 ], [ -50.946106993999933, -17.775135529999943, 0.0 ], [ -50.946943831999931, -17.775567451999962, 0.0 ], [ -50.94842605499997, -17.776339615999973, 0.0 ], [ -50.948489385999949, -17.776182454999969, 0.0 ], [ -50.94850938999997, -17.77612488799997, 0.0 ], [ -50.948537628999986, -17.776043624999943, 0.0 ], [ -50.948561065999968, -17.775964014999943, 0.0 ], [ -50.948630810999987, -17.775428862999945, 0.0 ], [ -50.948715704999984, -17.775181694999958, 0.0 ], [ -50.948813216999952, -17.774751574999982, 0.0 ], [ -50.948825904999978, -17.774397153999928, 0.0 ], [ -50.948955477999959, -17.77402680199998, 0.0 ], [ -50.94910724999994, -17.773840599999971, 0.0 ], [ -50.949126686999932, -17.773690944999942, 0.0 ], [ -50.94920756199997, -17.773440229999949, 0.0 ], [ -50.949262153999939, -17.773209831999964, 0.0 ], [ -50.949517234999973, -17.772378810999953, 0.0 ], [ -50.949772312999983, -17.771547787999964, 0.0 ], [ -50.949783885999977, -17.771211815999948, 0.0 ], [ -50.947063066999931, -17.769813582999973, 0.0 ], [ -50.945996523999952, -17.770895080999935, 0.0 ] ] ] ] } },
{ "type": "Feature", "properties": { "OID_": 0, "Name": "Placemark", "FolderPath": "Document", "SymbolID": 0, "AltMode": 0, "Base": 0.0, "Clamped": -1, "Extruded": 0, "Snippet": null, "PopupInfo": "<html xmlns:fo=\"http://www.w3.org/1999/XSL/Format\" xmlns:msxsl=\"urn:schemas-microsoft-com:xslt\"><head><META http-equiv=\"Content-Type\" content=\"text/html\"><meta http-equiv=\"content-type\" content=\"text/html; charset=UTF-8\"></head><body style=\"margin:0px 0p", "Shape_Leng": 0.02009387115, "Shape_Area": 1.795081e-05 }, "geometry": { "type": "MultiPolygon", "coordinates": [ [ [ [ -50.943134403999977, -17.813363555999956, 0.0 ], [ -50.943037176999951, -17.81355025199997, 0.0 ], [ -50.943003972999975, -17.81361841599994, 0.0 ], [ -50.942771465999954, -17.814069877999941, 0.0 ], [ -50.942744880999953, -17.81413497099993, 0.0 ], [ -50.942502303999959, -17.814579901999934, 0.0 ], [ -50.942471639999951, -17.814648562999935, 0.0 ], [ -50.942234246999931, -17.815107315999967, 0.0 ], [ -50.942200918999959, -17.815173045999927, 0.0 ], [ -50.941969599999936, -17.815623353999968, 0.0 ], [ -50.941935060999981, -17.815690858999972, 0.0 ], [ -50.941703865999955, -17.816135385999928, 0.0 ], [ -50.941651373999946, -17.816193485999975, 0.0 ], [ -50.94141032899995, -17.816650600999935, 0.0 ], [ -50.941396130999976, -17.816729871999939, 0.0 ], [ -50.941160598999943, -17.817179247999945, 0.0 ], [ -50.94112794199998, -17.81724860099996, 0.0 ], [ -50.940892307999945, -17.817700040999966, 0.0 ], [ -50.940762620999976, -17.81796001999993, 0.0 ], [ -50.945312438999963, -17.820212071999947, 0.0 ], [ -50.945485667999947, -17.819881631999976, 0.0 ], [ -50.946402270999954, -17.818228717999943, 0.0 ], [ -50.944698144999961, -17.817266287999928, 0.0 ], [ -50.944645476999938, -17.817236543999968, 0.0 ], [ -50.943865718999973, -17.816785984999967, 0.0 ], [ -50.943936120999979, -17.816675153999938, 0.0 ], [ -50.943999115999986, -17.816578155999935, 0.0 ], [ -50.944058945999984, -17.816486032999933, 0.0 ], [ -50.944119113999932, -17.816393388999927, 0.0 ], [ -50.944178681999972, -17.816301667999937, 0.0 ], [ -50.944238910999957, -17.81620892899997, 0.0 ], [ -50.944298060999984, -17.816117851999934, 0.0 ], [ -50.944358579999971, -17.816024666999965, 0.0 ], [ -50.944418180999946, -17.815932895999936, 0.0 ], [ -50.944478376999939, -17.815840205999962, 0.0 ], [ -50.944538569999963, -17.81574752299997, 0.0 ], [ -50.944599252999978, -17.81565408299997, 0.0 ], [ -50.944659184999978, -17.815561800999944, 0.0 ], [ -50.944719198999962, -17.815469392999944, 0.0 ], [ -50.944862784999941, -17.815248301999929, 0.0 ], [ -50.944872587999953, -17.815233037999974, 0.0 ], [ -50.945021313999973, -17.814873142999943, 0.0 ], [ -50.944880187999956, -17.814754973999982, 0.0 ], [ -50.943562393999969, -17.813703754999949, 0.0 ], [ -50.943134403999977, -17.813363555999956, 0.0 ] ] ] ] } },
{ "type": "Feature", "properties": { "OID_": 0, "Name": "Placemark", "FolderPath": "Document", "SymbolID": 0, "AltMode": 0, "Base": 0.0, "Clamped": -1, "Extruded": 0, "Snippet": null, "PopupInfo": "<html xmlns:fo=\"http://www.w3.org/1999/XSL/Format\" xmlns:msxsl=\"urn:schemas-microsoft-com:xslt\"><head><META http-equiv=\"Content-Type\" content=\"text/html\"><meta http-equiv=\"content-type\" content=\"text/html; charset=UTF-8\"></head><body style=\"margin:0px 0p", "Shape_Leng": 0.0292201354, "Shape_Area": 3.888244e-05 }, "geometry": { "type": "MultiPolygon", "coordinates": [ [ [ [ -50.939575462999983, -17.757493230999955, 0.0 ], [ -50.937753092999969, -17.756274851999933, 0.0 ], [ -50.936943593999956, -17.756859561999931, 0.0 ], [ -50.938109262999944, -17.75869228199997, 0.0 ], [ -50.93617031499997, -17.760277903999963, 0.0 ], [ -50.936377832999938, -17.760464702999968, 0.0 ], [ -50.93686372999997, -17.760902080999927, 0.0 ], [ -50.937173262999977, -17.761182280999947, 0.0 ], [ -50.937565912999958, -17.761530912999945, 0.0 ], [ -50.937879712999973, -17.761811263999959, 0.0 ], [ -50.938195279999945, -17.762091163999969, 0.0 ], [ -50.938530612999955, -17.762373197999977, 0.0 ], [ -50.938650196999959, -17.762471963999928, 0.0 ], [ -50.938792328999966, -17.762591897999982, 0.0 ], [ -50.93895929599995, -17.762752146999958, 0.0 ], [ -50.939208729999962, -17.762998246999928, 0.0 ], [ -50.939440846999958, -17.763226546999931, 0.0 ], [ -50.939896795999971, -17.763635363999981, 0.0 ], [ -50.940620261999982, -17.764280830999951, 0.0 ], [ -50.941456418999962, -17.765027318999955, 0.0 ], [ -50.941483260999973, -17.764999630999966, 0.0 ], [ -50.94151775499995, -17.764963222999938, 0.0 ], [ -50.941552211999976, -17.764926041999956, 0.0 ], [ -50.941585373999942, -17.764889412999935, 0.0 ], [ -50.941615976999969, -17.764854661999948, 0.0 ], [ -50.941627718999939, -17.764840862999961, 0.0 ], [ -50.941655924999964, -17.764819279999926, 0.0 ], [ -50.941667666999933, -17.764805480999939, 0.0 ], [ -50.941683004999959, -17.764787455999965, 0.0 ], [ -50.941706795999949, -17.764758509999979, 0.0 ], [ -50.94172783099998, -17.764732116999937, 0.0 ], [ -50.941746645999956, -17.764707949999945, 0.0 ], [ -50.94176377399998, -17.764685684999961, 0.0 ], [ -50.941779747999931, -17.764664994999976, 0.0 ], [ -50.941795101999958, -17.764645556999938, 0.0 ], [ -50.941810368999938, -17.764627043999951, 0.0 ], [ -50.941825968999979, -17.764609159999964, 0.0 ], [ -50.941841859999954, -17.764591725999935, 0.0 ], [ -50.941857883999944, -17.764574590999928, 0.0 ], [ -50.941873885999939, -17.764557605999983, 0.0 ], [ -50.941889709999941, -17.76454062199997, 0.0 ], [ -50.941905197999972, -17.764523487999952, 0.0 ], [ -50.94192019299993, -17.764506052999934, 0.0 ], [ -50.941934538999931, -17.764488167999957, 0.0 ], [ -50.941948146999948, -17.764469725999959, 0.0 ], [ -50.941961185999958, -17.764450788999966, 0.0 ], [ -50.941973893999943, -17.764431463999927, 0.0 ], [ -50.941986507999957, -17.764411853999945, 0.0 ], [ -50.941999267999961, -17.764392063999935, 0.0 ], [ -50.942012407999982, -17.764372202999937, 0.0 ], [ -50.942026167999984, -17.764352371999962, 0.0 ], [ -50.942040783999971, -17.764332678999949, 0.0 ], [ -50.94205640499996, -17.764313227999935, 0.0 ], [ -50.942072825999958, -17.76429412899995, 0.0 ], [ -50.942089753999937, -17.764275489999932, 0.0 ], [ -50.94210689199997, -17.764257419999979, 0.0 ], [ -50.94212394799996, -17.764240026999971, 0.0 ], [ -50.942140628999937, -17.76422342099994, 0.0 ], [ -50.942156638999961, -17.764207709999937, 0.0 ], [ -50.942171684999948, -17.764193002999946, 0.0 ], [ -50.942185547999941, -17.764179361999936, 0.0 ], [ -50.94219831099997, -17.764166662999969, 0.0 ], [ -50.942210127999942, -17.764154731999952, 0.0 ], [ -50.942221160999964, -17.764143399999966, 0.0 ], [ -50.94223156399994, -17.764132492999977, 0.0 ], [ -50.942241495999951, -17.764121841999952, 0.0 ], [ -50.942251112999941, -17.764111272999969, 0.0 ], [ -50.942260572999942, -17.764100614999961, 0.0 ], [ -50.942269998999961, -17.764089727999931, 0.0 ], [ -50.942279378999956, -17.76407858999994, 0.0 ], [ -50.942288669999982, -17.764067214999955, 0.0 ], [ -50.942297823999979, -17.764055611999936, 0.0 ], [ -50.942306796999958, -17.76404378999996, 0.0 ], [ -50.942315543999939, -17.764031763999981, 0.0 ], [ -50.942324017999965, -17.764019541999971, 0.0 ], [ -50.942332175999979, -17.764007134999929, 0.0 ], [ -50.942339986999968, -17.763994541999978, 0.0 ], [ -50.942347491999953, -17.763981709999939, 0.0 ], [ -50.942354748999946, -17.763968573999932, 0.0 ], [ -50.942361811999945, -17.763955069999952, 0.0 ], [ -50.942368739999949, -17.763941131999957, 0.0 ], [ -50.942375588999937, -17.763926693999963, 0.0 ], [ -50.94238241499994, -17.763911692999955, 0.0 ], [ -50.942389274999982, -17.763896060999969, 0.0 ], [ -50.942396216999953, -17.763879777999932, 0.0 ], [ -50.942403248999938, -17.763862983999957, 0.0 ], [ -50.942410372999973, -17.76384586599994, 0.0 ], [ -50.942417586999966, -17.763828604999958, 0.0 ], [ -50.942424891999963, -17.763811388999954, 0.0 ], [ -50.942432286999974, -17.763794399999938, 0.0 ], [ -50.942439773999979, -17.763777823999931, 0.0 ], [ -50.942447348999963, -17.76376184399993, 0.0 ], [ -50.942455023999969, -17.763746585999968, 0.0 ], [ -50.942462833999969, -17.763731934999953, 0.0 ], [ -50.942470825999976, -17.763717718999942, 0.0 ], [ -50.942479042999935, -17.763703761999977, 0.0 ], [ -50.942487533999952, -17.763689892999935, 0.0 ], [ -50.94249634199997, -17.76367593699996, 0.0 ], [ -50.942505511999968, -17.763661719999959, 0.0 ], [ -50.942515089999972, -17.763647069999934, 0.0 ], [ -50.942525098999965, -17.763631872999952, 0.0 ], [ -50.942535470999985, -17.763616251999963, 0.0 ], [ -50.942546114999971, -17.763600392999933, 0.0 ], [ -50.942556940999964, -17.763584478999974, 0.0 ], [ -50.942567856999972, -17.763568694999947, 0.0 ], [ -50.942578773999969, -17.763553226999932, 0.0 ], [ -50.942589598999973, -17.763538256999936, 0.0 ], [ -50.942600241999969, -17.763523970999927, 0.0 ], [ -50.942610641999977, -17.763510495999981, 0.0 ], [ -50.942620848999979, -17.763497736999966, 0.0 ], [ -50.942630941999937, -17.763485542999945, 0.0 ], [ -50.94264100099997, -17.763473759999954, 0.0 ], [ -50.942651105999971, -17.763462238999978, 0.0 ], [ -50.942661334999968, -17.76345082499995, 0.0 ], [ -50.942671767999968, -17.763439367999979, 0.0 ], [ -50.942682484999978, -17.763427715999967, 0.0 ], [ -50.942693540999983, -17.76341575999993, 0.0 ], [ -50.942704903999982, -17.763403565999965, 0.0 ], [ -50.942716515999962, -17.763391241999955, 0.0 ], [ -50.942728321999937, -17.763378895999949, 0.0 ], [ -50.942740261999973, -17.763366636999933, 0.0 ], [ -50.942752281999958, -17.763354572999958, 0.0 ], [ -50.942764323999938, -17.763342812999952, 0.0 ], [ -50.942776332999983, -17.763331464999965, 0.0 ], [ -50.942788270999984, -17.763320606999969, 0.0 ], [ -50.942800187999978, -17.763310193999928, 0.0 ], [ -50.942812147999973, -17.763300149999964, 0.0 ], [ -50.942824221999956, -17.76329039899997, 0.0 ], [ -50.942836477999947, -17.763280864999956, 0.0 ], [ -50.942848981999987, -17.763271471999929, 0.0 ], [ -50.94286180499995, -17.763262143999953, 0.0 ], [ -50.942875011999945, -17.763252804999979, 0.0 ], [ -50.942888657999958, -17.763243397999929, 0.0 ], [ -50.942902733999972, -17.763233935999949, 0.0 ], [ -50.94291721899998, -17.763224452999964, 0.0 ], [ -50.942932088999953, -17.763214980999976, 0.0 ], [ -50.942947320999963, -17.763205552999977, 0.0 ], [ -50.942962893999947, -17.763196199999982, 0.0 ], [ -50.942978783999934, -17.76318695599997, 0.0 ], [ -50.942994967999937, -17.763177853999935, 0.0 ], [ -50.943011418999959, -17.763168918999952, 0.0 ], [ -50.94302808499998, -17.763160158999938, 0.0 ], [ -50.943044909999969, -17.76315157099998, 0.0 ], [ -50.943061836999959, -17.763143156999945, 0.0 ], [ -50.943078808999985, -17.763134916999945, 0.0 ], [ -50.943095768999967, -17.763126850999981, 0.0 ], [ -50.943112661999976, -17.76311895799995, 0.0 ], [ -50.943129429999942, -17.763111237999965, 0.0 ], [ -50.943146052999964, -17.763103691999959, 0.0 ], [ -50.943162662999953, -17.763096316999963, 0.0 ], [ -50.943179422999947, -17.763089107999974, 0.0 ], [ -50.943196503999957, -17.763082065999981, 0.0 ], [ -50.943214068999964, -17.763075184999934, 0.0 ], [ -50.943232286999944, -17.763068463999957, 0.0 ], [ -50.943251324999949, -17.763061898999979, 0.0 ], [ -50.943271347999939, -17.763055486999974, 0.0 ], [ -50.943292456999984, -17.763049235999972, 0.0 ], [ -50.943314474999966, -17.763043190999952, 0.0 ], [ -50.943337161999978, -17.763037407999946, 0.0 ], [ -50.943360275999964, -17.763031939999962, 0.0 ], [ -50.943383572999949, -17.763026845999946, 0.0 ], [ -50.943406813999957, -17.763022177999972, 0.0 ], [ -50.943429753999965, -17.763017993999938, 0.0 ], [ -50.943452151999963, -17.763014345999977, 0.0 ], [ -50.943473816999983, -17.763011280999933, 0.0 ], [ -50.943494763999979, -17.763008796999941, 0.0 ], [ -50.943515056999956, -17.763006881999956, 0.0 ], [ -50.943534762999946, -17.763005524999983, 0.0 ], [ -50.943553947999931, -17.763004710999951, 0.0 ], [ -50.943572676999963, -17.763004428999977, 0.0 ], [ -50.943591014999981, -17.76300466899994, 0.0 ], [ -50.943609027999969, -17.763005415999942, 0.0 ], [ -50.943626773999938, -17.763006631999929, 0.0 ], [ -50.943644280999933, -17.763008175999971, 0.0 ], [ -50.943661564999957, -17.763009876999945, 0.0 ], [ -50.943678646999956, -17.763011564999942, 0.0 ], [ -50.943695543999979, -17.763013073999957, 0.0 ], [ -50.943712276999975, -17.763014232999979, 0.0 ], [ -50.943728862999933, -17.763014873999964, 0.0 ], [ -50.943745320999938, -17.76301482599996, 0.0 ], [ -50.943761667999979, -17.763013969999975, 0.0 ], [ -50.943777908999948, -17.763012380999953, 0.0 ], [ -50.943794044999947, -17.763010183999938, 0.0 ], [ -50.943810077999956, -17.763007502999926, 0.0 ], [ -50.943826011999931, -17.763004461999969, 0.0 ], [ -50.943841846999931, -17.763001187999976, 0.0 ], [ -50.943857586999968, -17.762997800999926, 0.0 ], [ -50.943873232999977, -17.762994427999956, 0.0 ], [ -50.943888781999931, -17.762991151999927, 0.0 ], [ -50.943904204999967, -17.762987886999952, 0.0 ], [ -50.943919469999969, -17.762984508999978, 0.0 ], [ -50.943934539999987, -17.762980890999927, 0.0 ], [ -50.94394938399995, -17.762976908999974, 0.0 ], [ -50.943963967999935, -17.762972436999974, 0.0 ], [ -50.94397825599998, -17.762967345999982, 0.0 ], [ -50.943992216999959, -17.762961514999972, 0.0 ], [ -50.944005834999984, -17.762954837999928, 0.0 ], [ -50.944019181999977, -17.762947303999965, 0.0 ], [ -50.944032346999961, -17.762938922999979, 0.0 ], [ -50.944045422999977, -17.762929706999955, 0.0 ], [ -50.944058497999947, -17.762919666999949, 0.0 ], [ -50.944071663999978, -17.762908812999967, 0.0 ], [ -50.94408501199996, -17.762897156999941, 0.0 ], [ -50.944098631999964, -17.762884707999945, 0.0 ], [ -50.944112568999969, -17.76287148199998, 0.0 ], [ -50.944126685999947, -17.762857514999951, 0.0 ], [ -50.944140798999968, -17.762842844999966, 0.0 ], [ -50.944154724999976, -17.762827508999976, 0.0 ], [ -50.944168279999985, -17.762811545999966, 0.0 ], [ -50.944181280999942, -17.762794995999968, 0.0 ], [ -50.944193542999983, -17.762777897999968, 0.0 ], [ -50.944204885999966, -17.762760288999971, 0.0 ], [ -50.944215247999978, -17.762741966999954, 0.0 ], [ -50.944225063999966, -17.762721762999945, 0.0 ], [ -50.944234892999987, -17.762698267999951, 0.0 ], [ -50.944249786999933, -17.762657892999982, 0.0 ], [ -50.944046085999958, -17.762230581999972, 0.0 ], [ -50.943774736999956, -17.761770204999948, 0.0 ], [ -50.943674562999945, -17.761600246999933, 0.0 ], [ -50.943528245999971, -17.761196446999975, 0.0 ], [ -50.943456312999956, -17.760859497999945, 0.0 ], [ -50.943321195999943, -17.760479847999932, 0.0 ], [ -50.943193879999967, -17.760203063999938, 0.0 ], [ -50.942836479999983, -17.759464929999979, 0.0 ], [ -50.942548846999955, -17.758866013999977, 0.0 ], [ -50.942021111999964, -17.757825447999949, 0.0 ], [ -50.942006678999974, -17.757779280999955, 0.0 ], [ -50.942105478999963, -17.757038863999981, 0.0 ], [ -50.942172145999962, -17.756540296999958, 0.0 ], [ -50.942190779999976, -17.756271930999958, 0.0 ], [ -50.942165729999942, -17.756086447999962, 0.0 ], [ -50.942154753999944, -17.755967736999935, 0.0 ], [ -50.941946284999972, -17.755819058999975, 0.0 ], [ -50.939575462999983, -17.757493230999955, 0.0 ] ] ] ] } },
{ "type": "Feature", "properties": { "OID_": 0, "Name": "Placemark", "FolderPath": "Document", "SymbolID": 0, "AltMode": 0, "Base": 0.0, "Clamped": -1, "Extruded": 0, "Snippet": null, "PopupInfo": "<html xmlns:fo=\"http://www.w3.org/1999/XSL/Format\" xmlns:msxsl=\"urn:schemas-microsoft-com:xslt\"><head><META http-equiv=\"Content-Type\" content=\"text/html\"><meta http-equiv=\"content-type\" content=\"text/html; charset=UTF-8\"></head><body style=\"margin:0px 0p", "Shape_Leng": 0.02729936609, "Shape_Area": 3.128447e-05 }, "geometry": { "type": "MultiPolygon", "coordinates": [ [ [ [ -50.938162516999967, -17.769166019999943, 0.0 ], [ -50.93816176699994, -17.769215619999954, 0.0 ], [ -50.938155477999942, -17.769264857999929, 0.0 ], [ -50.93814372099996, -17.76931316699995, 0.0 ], [ -50.938126630999932, -17.769359990999931, 0.0 ], [ -50.938104404999933, -17.769404793999968, 0.0 ], [ -50.938075423999976, -17.769438384999944, 0.0 ], [ -50.938041573999953, -17.769467498999973, 0.0 ], [ -50.93800360299997, -17.769491493999965, 0.0 ], [ -50.937962341999935, -17.769509841999934, 0.0 ], [ -50.937918703999969, -17.769522139999935, 0.0 ], [ -50.937873645999957, -17.769528115999947, 0.0 ], [ -50.93782816099997, -17.769527640999968, 0.0 ], [ -50.93780561899996, -17.769523579999941, 0.0 ], [ -50.937783971999977, -17.769516309999972, 0.0 ], [ -50.93776371499996, -17.769505997999943, 0.0 ], [ -50.937745312999937, -17.769492878999927, 0.0 ], [ -50.937729182999931, -17.769477252999934, 0.0 ], [ -50.937715695999941, -17.769459476999941, 0.0 ], [ -50.937705157999972, -17.769439955999928, 0.0 ], [ -50.937699760999976, -17.769421837999971, 0.0 ], [ -50.937691343999973, -17.769404810999958, 0.0 ], [ -50.937680134999937, -17.769389330999957, 0.0 ], [ -50.937666435999972, -17.769375814999933, 0.0 ], [ -50.937650613999949, -17.769364626999959, 0.0 ], [ -50.937633096999946, -17.769356066999933, 0.0 ], [ -50.937614354999937, -17.769350365999969, 0.0 ], [ -50.937594891999936, -17.769347677999974, 0.0 ], [ -50.937583011999948, -17.769348428999933, 0.0 ], [ -50.937571438999953, -17.769351105999931, 0.0 ], [ -50.937560509999969, -17.769355630999939, 0.0 ], [ -50.937550544999965, -17.769361871999934, 0.0 ], [ -50.937541832999955, -17.769369646999962, 0.0 ], [ -50.93753462899997, -17.769378728999982, 0.0 ], [ -50.93752914199996, -17.769388852999953, 0.0 ], [ -50.937525534999963, -17.769399722999935, 0.0 ], [ -50.937523908999935, -17.769411022999975, 0.0 ], [ -50.937523662999979, -17.769421836999982, 0.0 ], [ -50.937521645999936, -17.769432479999978, 0.0 ], [ -50.937517908999951, -17.76944268699998, 0.0 ], [ -50.937512543999958, -17.769452203999947, 0.0 ], [ -50.937505684999962, -17.769460794999929, 0.0 ], [ -50.937497500999939, -17.769468247999953, 0.0 ], [ -50.937488197999983, -17.769474374999959, 0.0 ], [ -50.937478004999946, -17.769479025999942, 0.0 ], [ -50.937467174999938, -17.769482083999947, 0.0 ], [ -50.937448744999983, -17.769489097999951, 0.0 ], [ -50.937431710999931, -17.769498827999939, 0.0 ], [ -50.937416506999966, -17.769511026999965, 0.0 ], [ -50.93740351799994, -17.769525385999941, 0.0 ], [ -50.937393074999932, -17.769541538999931, 0.0 ], [ -50.937385441999936, -17.76955907599995, 0.0 ], [ -50.937380813999937, -17.769577552999976, 0.0 ], [ -50.937365123999939, -17.769604714999957, 0.0 ], [ -50.937345517999972, -17.769629432999977, 0.0 ], [ -50.937322403999985, -17.769651191999969, 0.0 ], [ -50.937296264999986, -17.76966953799996, 0.0 ], [ -50.937267641999938, -17.769684090999931, 0.0 ], [ -50.937241011999959, -17.769695346999981, 0.0 ], [ -50.937212871999975, -17.769702475999964, 0.0 ], [ -50.93718391699997, -17.769705304999945, 0.0 ], [ -50.93715485499996, -17.76970376099996, 0.0 ], [ -50.937126400999944, -17.76969788599996, 0.0 ], [ -50.937096863999955, -17.769697513999972, 0.0 ], [ -50.937067701999979, -17.76970203299993, 0.0 ], [ -50.93703979299994, -17.76971130499993, 0.0 ], [ -50.937013971999932, -17.769725053999935, 0.0 ], [ -50.936991013999943, -17.769742865999945, 0.0 ], [ -50.936969924999971, -17.769764251999959, 0.0 ], [ -50.936953003999974, -17.769788804999962, 0.0 ], [ -50.93694076099996, -17.769815788999949, 0.0 ], [ -50.936933562999968, -17.769844392999971, 0.0 ], [ -50.93691120699998, -17.769884223999952, 0.0 ], [ -50.93688319499995, -17.76992062599993, 0.0 ], [ -50.93685008999995, -17.769952865999983, 0.0 ], [ -50.93677846099996, -17.770020063999937, 0.0 ], [ -50.936711925999987, -17.770091909999962, 0.0 ], [ -50.936689077999972, -17.770124926999927, 0.0 ], [ -50.936670006999975, -17.770160075999968, 0.0 ], [ -50.93665492699995, -17.770196961999943, 0.0 ], [ -50.936644006999984, -17.770235170999968, 0.0 ], [ -50.936644457999932, -17.770239380999953, 0.0 ], [ -50.93664414999995, -17.770243601999937, 0.0 ], [ -50.93664309199994, -17.770247710999968, 0.0 ], [ -50.936641315999964, -17.770251585999972, 0.0 ], [ -50.936638874999971, -17.770255111999973, 0.0 ], [ -50.936635838999962, -17.770258184999932, 0.0 ], [ -50.93663229799995, -17.770260715999939, 0.0 ], [ -50.93662835799995, -17.770262627999955, 0.0 ], [ -50.936624134999931, -17.770263865999937, 0.0 ], [ -50.936619750999967, -17.770264392999934, 0.0 ], [ -50.936615339999946, -17.770264192999946, 0.0 ], [ -50.936611028999948, -17.770263272999955, 0.0 ], [ -50.936606945999984, -17.77026165999996, 0.0 ], [ -50.93660320999993, -17.770259399999929, 0.0 ], [ -50.936599934999947, -17.77025656099994, 0.0 ], [ -50.93659721399996, -17.770253227999945, 0.0 ], [ -50.936595129999944, -17.770249496999952, 0.0 ], [ -50.936581588999957, -17.770236989999944, 0.0 ], [ -50.936566081999956, -17.770226789999981, 0.0 ], [ -50.936549033999938, -17.770219174999966, 0.0 ], [ -50.936530910999977, -17.770214354999951, 0.0 ], [ -50.936512206999964, -17.770212457999946, 0.0 ], [ -50.936493431999963, -17.77021353799995, 0.0 ], [ -50.93647509799996, -17.770217564999939, 0.0 ], [ -50.936457706999931, -17.770224428999938, 0.0 ], [ -50.936441732999981, -17.770233943999926, 0.0 ], [ -50.936429877999956, -17.770240111999954, 0.0 ], [ -50.936419275999981, -17.77024810599994, 0.0 ], [ -50.936410232999947, -17.770257698999956, 0.0 ], [ -50.936403005999978, -17.770268613999974, 0.0 ], [ -50.936397801999931, -17.770280539999931, 0.0 ], [ -50.936394769999936, -17.770293134999974, 0.0 ], [ -50.936393996999982, -17.77030603999998, 0.0 ], [ -50.936395503999961, -17.770318885999927, 0.0 ], [ -50.936412600999972, -17.770363022999959, 0.0 ], [ -50.936412592999943, -17.770387095999979, 0.0 ], [ -50.936410903999956, -17.770398093999972, 0.0 ], [ -50.93638533799998, -17.770432964999941, 0.0 ], [ -50.936356279999984, -17.770465226999931, 0.0 ], [ -50.936324016999947, -17.770494560999964, 0.0 ], [ -50.936169758999938, -17.770661910999934, 0.0 ], [ -50.936042824999959, -17.77086759499997, 0.0 ], [ -50.93601487899997, -17.77092554099994, 0.0 ], [ -50.935980312999959, -17.770980111999961, 0.0 ], [ -50.935939562999977, -17.771030613999926, 0.0 ], [ -50.935893147999934, -17.771076408999932, 0.0 ], [ -50.935533523999936, -17.771397812999965, 0.0 ], [ -50.935147968999956, -17.771708796999974, 0.0 ], [ -50.935227328999986, -17.771779102999972, 0.0 ], [ -50.935267210999939, -17.771875661999957, 0.0 ], [ -50.935131222999985, -17.77214364799994, 0.0 ], [ -50.935131156999944, -17.772143774999961, 0.0 ], [ -50.935168553999972, -17.77231106499994, 0.0 ], [ -50.934999742999935, -17.772776847999978, 0.0 ], [ -50.934726686999966, -17.773108772999933, 0.0 ], [ -50.93458563799993, -17.773383534999937, 0.0 ], [ -50.933908157999952, -17.773446046999936, 0.0 ], [ -50.933869882999943, -17.774052774999973, 0.0 ], [ -50.933768590999932, -17.774287833999949, 0.0 ], [ -50.933824266999977, -17.774403541999959, 0.0 ], [ -50.933771518999947, -17.774529081999958, 0.0 ], [ -50.934687750999956, -17.775450066999952, 0.0 ], [ -50.934856122999975, -17.775882878999937, 0.0 ], [ -50.935158433999959, -17.775855801999967, 0.0 ], [ -50.935070708999945, -17.775371911999969, 0.0 ], [ -50.935042407999958, -17.77486522199996, 0.0 ], [ -50.936158291999959, -17.774824292999938, 0.0 ], [ -50.936374311999941, -17.775216922999959, 0.0 ], [ -50.936730766999972, -17.775750143999971, 0.0 ], [ -50.937252504999947, -17.775746120999941, 0.0 ], [ -50.937795353999945, -17.77432306299994, 0.0 ], [ -50.940212867999946, -17.774826859999962, 0.0 ], [ -50.940264268999954, -17.774739094999973, 0.0 ], [ -50.941474571999947, -17.772874294999951, 0.0 ], [ -50.940717424999946, -17.772412416999941, 0.0 ], [ -50.941585481999937, -17.771083005999969, 0.0 ], [ -50.940607827999941, -17.770328836999965, 0.0 ], [ -50.940178308999975, -17.769897438999976, 0.0 ], [ -50.940073466999934, -17.769640207999942, 0.0 ], [ -50.939619960999948, -17.769345468999973, 0.0 ], [ -50.939376367999955, -17.769368740999937, 0.0 ], [ -50.938980198999957, -17.769564380999952, 0.0 ], [ -50.938213599999983, -17.769021125999927, 0.0 ], [ -50.938193798999976, -17.76908211999995, 0.0 ], [ -50.938178587999971, -17.769108305999964, 0.0 ], [ -50.938168065999946, -17.769136526999944, 0.0 ], [ -50.938162516999967, -17.769166019999943, 0.0 ] ] ] ] } },
{ "type": "Feature", "properties": { "OID_": 0, "Name": "Placemark", "FolderPath": "Document", "SymbolID": 0, "AltMode": 0, "Base": 0.0, "Clamped": -1, "Extruded": 0, "Snippet": null, "PopupInfo": "<html xmlns:fo=\"http://www.w3.org/1999/XSL/Format\" xmlns:msxsl=\"urn:schemas-microsoft-com:xslt\"><head><META http-equiv=\"Content-Type\" content=\"text/html\"><meta http-equiv=\"content-type\" content=\"text/html; charset=UTF-8\"></head><body style=\"margin:0px 0p", "Shape_Leng": 0.03054737035, "Shape_Area": 3.694046e-05 }, "geometry": { "type": "MultiPolygon", "coordinates": [ [ [ [ -50.938213599999983, -17.769021125999927, 0.0 ], [ -50.938980145999949, -17.769564454999966, 0.0 ], [ -50.939376315999937, -17.76936881499995, 0.0 ], [ -50.939619907999941, -17.769345542999929, 0.0 ], [ -50.940073413999983, -17.769640281999955, 0.0 ], [ -50.940178255999967, -17.769897513999979, 0.0 ], [ -50.940607774999933, -17.770328910999979, 0.0 ], [ -50.941585428999986, -17.771083079999983, 0.0 ], [ -50.940717424999946, -17.772412416999941, 0.0 ], [ -50.941474518999939, -17.772874369999954, 0.0 ], [ -50.94176497199993, -17.772444776999976, 0.0 ], [ -50.942060579999975, -17.771999224999945, 0.0 ], [ -50.94226981099996, -17.771620251999934, 0.0 ], [ -50.944038509999984, -17.772422154999958, 0.0 ], [ -50.944326703999934, -17.772542878999957, 0.0 ], [ -50.944742796999947, -17.772742410999967, 0.0 ], [ -50.944827747999966, -17.772556932999976, 0.0 ], [ -50.944919033999952, -17.772374237999941, 0.0 ], [ -50.945016554999938, -17.772194525999964, 0.0 ], [ -50.945120204999967, -17.772017990999927, 0.0 ], [ -50.945229870999981, -17.771844822999981, 0.0 ], [ -50.945345433999933, -17.77167521399997, 0.0 ], [ -50.94546676899995, -17.77150934499997, 0.0 ], [ -50.945591199999967, -17.771350535999943, 0.0 ], [ -50.945720920999975, -17.771195662999958, 0.0 ], [ -50.945855797999968, -17.771044884999981, 0.0 ], [ -50.945995688999972, -17.770898360999979, 0.0 ], [ -50.947063066999931, -17.769813582999973, 0.0 ], [ -50.948308616999952, -17.76842146499996, 0.0 ], [ -50.943769177999968, -17.767438495999954, 0.0 ], [ -50.943756169999972, -17.767434603999959, 0.0 ], [ -50.943743978999976, -17.767428769999981, 0.0 ], [ -50.943732918999956, -17.767421140999943, 0.0 ], [ -50.943723274999968, -17.767411914999968, 0.0 ], [ -50.943715295999937, -17.767401328999938, 0.0 ], [ -50.942675295999948, -17.765758109999979, 0.0 ], [ -50.941627718999939, -17.764840862999961, 0.0 ], [ -50.941615976999969, -17.764854661999948, 0.0 ], [ -50.941585373999942, -17.764889412999935, 0.0 ], [ -50.941552211999976, -17.764926041999956, 0.0 ], [ -50.94151775499995, -17.764963222999938, 0.0 ], [ -50.941483260999973, -17.764999630999966, 0.0 ], [ -50.941449997999939, -17.765033941999945, 0.0 ], [ -50.94142106399994, -17.765066802999968, 0.0 ], [ -50.940763580999942, -17.765660708999974, 0.0 ], [ -50.940304952999952, -17.766163521999943, 0.0 ], [ -50.940116910999961, -17.767012465999983, 0.0 ], [ -50.939918914999964, -17.767442524999979, 0.0 ], [ -50.939683812999931, -17.767471738999973, 0.0 ], [ -50.939527508999959, -17.76747512299994, 0.0 ], [ -50.939373855999975, -17.767559228999971, 0.0 ], [ -50.939181477999966, -17.767977475999942, 0.0 ], [ -50.939131246999978, -17.768288360999975, 0.0 ], [ -50.939099317999933, -17.768436940999948, 0.0 ], [ -50.939153780999959, -17.768499338999959, 0.0 ], [ -50.939088731999959, -17.768533964999961, 0.0 ], [ -50.938825621999968, -17.76858679399993, 0.0 ], [ -50.938585635999971, -17.768669687999932, 0.0 ], [ -50.938213599999983, -17.769021125999927, 0.0 ] ] ] ] } },
{ "type": "Feature", "properties": { "OID_": 0, "Name": "Placemark", "FolderPath": "Document", "SymbolID": 0, "AltMode": 0, "Base": 0.0, "Clamped": -1, "Extruded": 0, "Snippet": null, "PopupInfo": "<html xmlns:fo=\"http://www.w3.org/1999/XSL/Format\" xmlns:msxsl=\"urn:schemas-microsoft-com:xslt\"><head><META http-equiv=\"Content-Type\" content=\"text/html\"><meta http-equiv=\"content-type\" content=\"text/html; charset=UTF-8\"></head><body style=\"margin:0px 0p", "Shape_Leng": 0.01944906216, "Shape_Area": 1.803881e-05 }, "geometry": { "type": "MultiPolygon", "coordinates": [ [ [ [ -50.93875473199995, -17.785768635999943, 0.0 ], [ -50.938411454999937, -17.786375757999963, 0.0 ], [ -50.938116620999949, -17.786893426999939, 0.0 ], [ -50.938048078999941, -17.786940382999944, 0.0 ], [ -50.938029632999985, -17.786942769999939, 0.0 ], [ -50.937228516999937, -17.787044651999963, 0.0 ], [ -50.937059820999934, -17.787060236999935, 0.0 ], [ -50.936344810999969, -17.787811369999929, 0.0 ], [ -50.936659187999965, -17.788178597999945, 0.0 ], [ -50.938280947999942, -17.790114647999928, 0.0 ], [ -50.93835390199996, -17.789910572999929, 0.0 ], [ -50.938802922999969, -17.789643134999949, 0.0 ], [ -50.938947695999957, -17.78961527499996, 0.0 ], [ -50.939013430999978, -17.78950126899997, 0.0 ], [ -50.939065706999941, -17.789482624999948, 0.0 ], [ -50.939139466999961, -17.789488757999948, 0.0 ], [ -50.939389539999979, -17.789399335999974, 0.0 ], [ -50.939525204999939, -17.789411654999981, 0.0 ], [ -50.939667969999959, -17.789424615999962, 0.0 ], [ -50.940002808999964, -17.789390785999956, 0.0 ], [ -50.940295470999956, -17.789243068999951, 0.0 ], [ -50.940442877999942, -17.789168666999956, 0.0 ], [ -50.940683493999984, -17.789019671999938, 0.0 ], [ -50.940997792999951, -17.78863666999996, 0.0 ], [ -50.941149463999977, -17.788528122999935, 0.0 ], [ -50.94125954499998, -17.788405409999939, 0.0 ], [ -50.941522848999966, -17.788206035999963, 0.0 ], [ -50.941648972999985, -17.788178474999938, 0.0 ], [ -50.941780938999955, -17.788180412999964, 0.0 ], [ -50.941807925999967, -17.788030075999927, 0.0 ], [ -50.941895654999939, -17.787916304999953, 0.0 ], [ -50.942344090999939, -17.787538548999976, 0.0 ], [ -50.942547121999951, -17.787276132999978, 0.0 ], [ -50.942731681999931, -17.787041891999934, 0.0 ], [ -50.942870612999968, -17.786844413999972, 0.0 ], [ -50.943011532999947, -17.786606455999959, 0.0 ], [ -50.943275975999939, -17.78636625799993, 0.0 ], [ -50.943145829999935, -17.78627189599996, 0.0 ], [ -50.942829758999949, -17.785874292999949, 0.0 ], [ -50.942681024999956, -17.785687190999965, 0.0 ], [ -50.942473339999935, -17.785865059999935, 0.0 ], [ -50.942423103999943, -17.785860770999932, 0.0 ], [ -50.942407769999932, -17.785869218999949, 0.0 ], [ -50.941801049999981, -17.786127919999956, 0.0 ], [ -50.941743929999973, -17.786126488999969, 0.0 ], [ -50.941547867999986, -17.786292087999982, 0.0 ], [ -50.941267632999939, -17.786100255999941, 0.0 ], [ -50.941239937999967, -17.786082895999982, 0.0 ], [ -50.941186623999954, -17.78605569299998, 0.0 ], [ -50.941029502999982, -17.785960405999958, 0.0 ], [ -50.940475482999943, -17.785472365999965, 0.0 ], [ -50.940409756999941, -17.785370014999955, 0.0 ], [ -50.940223749999973, -17.785197147999952, 0.0 ], [ -50.939921027999958, -17.78492560199993, 0.0 ], [ -50.939689742999974, -17.784736865999946, 0.0 ], [ -50.939653143999976, -17.784789194999973, 0.0 ], [ -50.93945430499997, -17.78457347799997, 0.0 ], [ -50.93875473199995, -17.785768635999943, 0.0 ] ] ] ] } },
{ "type": "Feature", "properties": { "OID_": 0, "Name": "Placemark", "FolderPath": "Document", "SymbolID": 0, "AltMode": 0, "Base": 0.0, "Clamped": -1, "Extruded": 0, "Snippet": null, "PopupInfo": "<html xmlns:fo=\"http://www.w3.org/1999/XSL/Format\" xmlns:msxsl=\"urn:schemas-microsoft-com:xslt\"><head><META http-equiv=\"Content-Type\" content=\"text/html\"><meta http-equiv=\"content-type\" content=\"text/html; charset=UTF-8\"></head><body style=\"margin:0px 0p", "Shape_Leng": 0.02761821463, "Shape_Area": 2.814504e-05 }, "geometry": { "type": "MultiPolygon", "coordinates": [ [ [ [ -50.950420803999975, -17.802454583999975, 0.0 ], [ -50.948608545999946, -17.803082612999958, 0.0 ], [ -50.947669651999945, -17.803093479999973, 0.0 ], [ -50.948127614999976, -17.80417456899994, 0.0 ], [ -50.948930474999941, -17.805565168999976, 0.0 ], [ -50.949238544999957, -17.80598793799993, 0.0 ], [ -50.949965763999955, -17.805369313999961, 0.0 ], [ -50.950597517999938, -17.804768359999969, 0.0 ], [ -50.950795012999947, -17.804574510999942, 0.0 ], [ -50.950881503999938, -17.804639227999928, 0.0 ], [ -50.952490809999972, -17.805941377999943, 0.0 ], [ -50.952855675999956, -17.806225379999944, 0.0 ], [ -50.952900094999961, -17.806321920999949, 0.0 ], [ -50.953079591999938, -17.806295106999983, 0.0 ], [ -50.953482227999984, -17.80631657999993, 0.0 ], [ -50.95405784899998, -17.806342452999957, 0.0 ], [ -50.954601326999978, -17.80637368999993, 0.0 ], [ -50.955308634999938, -17.806416970999976, 0.0 ], [ -50.95574411399997, -17.806440278999958, 0.0 ], [ -50.95655501799996, -17.806483379999975, 0.0 ], [ -50.956803597999965, -17.806457792999936, 0.0 ], [ -50.957568626999944, -17.806388970999933, 0.0 ], [ -50.957733884999982, -17.806364577999943, 0.0 ], [ -50.95823747999998, -17.806350734999967, 0.0 ], [ -50.957962506999934, -17.803406128999939, 0.0 ], [ -50.957586617999937, -17.80398349099994, 0.0 ], [ -50.956865380999943, -17.803721262999943, 0.0 ], [ -50.956300563999946, -17.803595581999957, 0.0 ], [ -50.955707749999931, -17.80352783799998, 0.0 ], [ -50.955138504999979, -17.803642501999946, 0.0 ], [ -50.95405253499996, -17.80350593299994, 0.0 ], [ -50.953109045999952, -17.802692589999936, 0.0 ], [ -50.952445030999968, -17.802438927999958, 0.0 ], [ -50.951721056999986, -17.802347872999974, 0.0 ], [ -50.950910599999986, -17.802377873999944, 0.0 ], [ -50.950420803999975, -17.802454583999975, 0.0 ] ] ] ] } },
{ "type": "Feature", "properties": { "OID_": 0, "Name": "Placemark", "FolderPath": "Document", "SymbolID": 0, "AltMode": 0, "Base": 0.0, "Clamped": -1, "Extruded": 0, "Snippet": null, "PopupInfo": "<html xmlns:fo=\"http://www.w3.org/1999/XSL/Format\" xmlns:msxsl=\"urn:schemas-microsoft-com:xslt\"><head><META http-equiv=\"Content-Type\" content=\"text/html\"><meta http-equiv=\"content-type\" content=\"text/html; charset=UTF-8\"></head><body style=\"margin:0px 0p", "Shape_Leng": 0.00805383644, "Shape_Area": 4.43774e-06 }, "geometry": { "type": "MultiPolygon", "coordinates": [ [ [ [ -50.941193421999969, -17.783783411999934, 0.0 ], [ -50.94117906799994, -17.783788189999939, 0.0 ], [ -50.94099373499995, -17.783736955999927, 0.0 ], [ -50.940960338999957, -17.783752155999935, 0.0 ], [ -50.940831487999958, -17.78400497399997, 0.0 ], [ -50.940789041999949, -17.784086189999982, 0.0 ], [ -50.940784186999963, -17.784110666999936, 0.0 ], [ -50.940775013999939, -17.78412474199996, 0.0 ], [ -50.940641318999951, -17.784378788999959, 0.0 ], [ -50.940507786999945, -17.784632527999975, 0.0 ], [ -50.94049159399998, -17.784657954999943, 0.0 ], [ -50.940460232999953, -17.784701776999952, 0.0 ], [ -50.940445909999937, -17.784732447999943, 0.0 ], [ -50.940308690999984, -17.785027851999928, 0.0 ], [ -50.940223749999973, -17.785197147999952, 0.0 ], [ -50.940409756999941, -17.785370014999955, 0.0 ], [ -50.940475482999943, -17.785472365999965, 0.0 ], [ -50.941029502999982, -17.785960405999958, 0.0 ], [ -50.941186623999954, -17.78605569299998, 0.0 ], [ -50.941239937999967, -17.786082895999982, 0.0 ], [ -50.941267632999939, -17.786100255999941, 0.0 ], [ -50.941547867999986, -17.786292087999982, 0.0 ], [ -50.941743929999973, -17.786126488999969, 0.0 ], [ -50.941801049999981, -17.786127919999956, 0.0 ], [ -50.942407769999932, -17.785869218999949, 0.0 ], [ -50.942423103999943, -17.785860770999932, 0.0 ], [ -50.942473339999935, -17.785865059999935, 0.0 ], [ -50.942681024999956, -17.785687190999965, 0.0 ], [ -50.942537324999932, -17.784581901999957, 0.0 ], [ -50.942484379999939, -17.784374029999981, 0.0 ], [ -50.942481013999952, -17.784363294999935, 0.0 ], [ -50.942454726999983, -17.784248537999929, 0.0 ], [ -50.942428205999931, -17.784126467999954, 0.0 ], [ -50.94242662399995, -17.784119608999958, 0.0 ], [ -50.942416440999978, -17.784074937999947, 0.0 ], [ -50.942372125999952, -17.783880539999927, 0.0 ], [ -50.942367816999933, -17.783861970999965, 0.0 ], [ -50.942366680999953, -17.783824649999929, 0.0 ], [ -50.942031948999954, -17.783775198999933, 0.0 ], [ -50.94176583199993, -17.783748775999982, 0.0 ], [ -50.941473776999942, -17.78371879499997, 0.0 ], [ -50.941366664999975, -17.783706227999971, 0.0 ], [ -50.941253365999955, -17.783684180999956, 0.0 ], [ -50.941237140999931, -17.783683578999955, 0.0 ], [ -50.941229023999938, -17.783694337999975, 0.0 ], [ -50.941218400999958, -17.783736185999942, 0.0 ], [ -50.941206532999956, -17.783767272999967, 0.0 ], [ -50.941193421999969, -17.783783411999934, 0.0 ] ] ] ] } },
{ "type": "Feature", "properties": { "OID_": 0, "Name": "Placemark", "FolderPath": "Document", "SymbolID": 0, "AltMode": 0, "Base": 0.0, "Clamped": -1, "Extruded": 0, "Snippet": null, "PopupInfo": "<html xmlns:fo=\"http://www.w3.org/1999/XSL/Format\" xmlns:msxsl=\"urn:schemas-microsoft-com:xslt\"><head><META http-equiv=\"Content-Type\" content=\"text/html\"><meta http-equiv=\"content-type\" content=\"text/html; charset=UTF-8\"></head><body style=\"margin:0px 0p", "Shape_Leng": 0.0118000453, "Shape_Area": 3.31835e-06 }, "geometry": { "type": "MultiPolygon", "coordinates": [ [ [ [ -50.942513496999936, -17.781924937999975, 0.0 ], [ -50.942410590999941, -17.781931955999937, 0.0 ], [ -50.942175621999979, -17.781893620999938, 0.0 ], [ -50.942111429999954, -17.781877572999974, 0.0 ], [ -50.941947044999949, -17.782901230999983, 0.0 ], [ -50.941894553999987, -17.78311645399998, 0.0 ], [ -50.941115786999944, -17.782897396999942, 0.0 ], [ -50.941013279999936, -17.783385237999937, 0.0 ], [ -50.940689693999957, -17.783274506999931, 0.0 ], [ -50.940560722999976, -17.783515567999927, 0.0 ], [ -50.940095849999977, -17.783270678999941, 0.0 ], [ -50.939790986999981, -17.783920995999949, 0.0 ], [ -50.93945430499997, -17.78457347799997, 0.0 ], [ -50.939653143999976, -17.784789194999973, 0.0 ], [ -50.939689742999974, -17.784736865999946, 0.0 ], [ -50.939921027999958, -17.78492560199993, 0.0 ], [ -50.940223749999973, -17.785197147999952, 0.0 ], [ -50.940308690999984, -17.785027851999928, 0.0 ], [ -50.940445909999937, -17.784732447999943, 0.0 ], [ -50.940460232999953, -17.784701776999952, 0.0 ], [ -50.94049159399998, -17.784657954999943, 0.0 ], [ -50.940507786999945, -17.784632527999975, 0.0 ], [ -50.940641318999951, -17.784378788999959, 0.0 ], [ -50.940775013999939, -17.78412474199996, 0.0 ], [ -50.940784186999963, -17.784110666999936, 0.0 ], [ -50.940789041999949, -17.784086189999982, 0.0 ], [ -50.940831487999958, -17.78400497399997, 0.0 ], [ -50.940960338999957, -17.783752155999935, 0.0 ], [ -50.94099373499995, -17.783736955999927, 0.0 ], [ -50.94117906799994, -17.783788189999939, 0.0 ], [ -50.941193421999969, -17.783783411999934, 0.0 ], [ -50.941206532999956, -17.783767272999967, 0.0 ], [ -50.941218400999958, -17.783736185999942, 0.0 ], [ -50.941229023999938, -17.783694337999975, 0.0 ], [ -50.941237140999931, -17.783683578999955, 0.0 ], [ -50.941253365999955, -17.783684180999956, 0.0 ], [ -50.941366664999975, -17.783706227999971, 0.0 ], [ -50.941473776999942, -17.78371879499997, 0.0 ], [ -50.94176583199993, -17.783748775999982, 0.0 ], [ -50.942031948999954, -17.783775198999933, 0.0 ], [ -50.942366680999953, -17.783824649999929, 0.0 ], [ -50.942407438999965, -17.783729975999961, 0.0 ], [ -50.942524761999948, -17.782944634999978, 0.0 ], [ -50.942524191999951, -17.782922330999952, 0.0 ], [ -50.942615899999964, -17.782307694999929, 0.0 ], [ -50.942641485999957, -17.782073727999943, 0.0 ], [ -50.942651391999959, -17.781935124999961, 0.0 ], [ -50.942513496999936, -17.781924937999975, 0.0 ] ] ] ] } },
{ "type": "Feature", "properties": { "OID_": 0, "Name": "Placemark", "FolderPath": "Document", "SymbolID": 0, "AltMode": 0, "Base": 0.0, "Clamped": -1, "Extruded": 0, "Snippet": null, "PopupInfo": "<html xmlns:fo=\"http://www.w3.org/1999/XSL/Format\" xmlns:msxsl=\"urn:schemas-microsoft-com:xslt\"><head><META http-equiv=\"Content-Type\" content=\"text/html\"><meta http-equiv=\"content-type\" content=\"text/html; charset=UTF-8\"></head><body style=\"margin:0px 0p", "Shape_Leng": 0.01447014927, "Shape_Area": 1.392558e-05 }, "geometry": { "type": "MultiPolygon", "coordinates": [ [ [ [ -50.942610270999978, -17.782110786999965, 0.0 ], [ -50.942584684999986, -17.782344753999951, 0.0 ], [ -50.942492975999983, -17.782959389999974, 0.0 ], [ -50.94237622299994, -17.783767035999972, 0.0 ], [ -50.942335465999975, -17.78386170899995, 0.0 ], [ -50.942336601999955, -17.78389902999993, 0.0 ], [ -50.942385224999953, -17.784111996999968, 0.0 ], [ -50.942396989999963, -17.784163526999976, 0.0 ], [ -50.942449797999984, -17.784400353999956, 0.0 ], [ -50.942506109999954, -17.784618960999978, 0.0 ], [ -50.942649809999978, -17.78572424999993, 0.0 ], [ -50.94279854399997, -17.785911351999971, 0.0 ], [ -50.943114614999956, -17.786308955999971, 0.0 ], [ -50.94324475999997, -17.786403316999952, 0.0 ], [ -50.94383219499997, -17.786138295999933, 0.0 ], [ -50.943836196999939, -17.786138132999952, 0.0 ], [ -50.943840201999933, -17.786137868999958, 0.0 ], [ -50.943844205999937, -17.786137510999936, 0.0 ], [ -50.943848210999931, -17.786137063999945, 0.0 ], [ -50.943852216999971, -17.786136532999933, 0.0 ], [ -50.94385622599998, -17.78613592499994, 0.0 ], [ -50.943860233999942, -17.786135244999969, 0.0 ], [ -50.94386424399994, -17.786134497999967, 0.0 ], [ -50.943868255999973, -17.786133690999975, 0.0 ], [ -50.943872268999939, -17.78613282799995, 0.0 ], [ -50.943876282999952, -17.786131915999931, 0.0 ], [ -50.943880298999943, -17.78613095999998, 0.0 ], [ -50.94388431699997, -17.78612996499993, 0.0 ], [ -50.943888336999976, -17.786128937999933, 0.0 ], [ -50.943892357999971, -17.786127884999928, 0.0 ], [ -50.943896380999945, -17.786126808999938, 0.0 ], [ -50.943900406999944, -17.786125717999937, 0.0 ], [ -50.943904433999933, -17.786124615999938, 0.0 ], [ -50.943908463999946, -17.786123509999982, 0.0 ], [ -50.943912495999939, -17.786122405999947, 0.0 ], [ -50.943916529999967, -17.786121307999963, 0.0 ], [ -50.943920566999964, -17.786120220999976, 0.0 ], [ -50.943924605999939, -17.786119153999948, 0.0 ], [ -50.943928648999986, -17.786118109999961, 0.0 ], [ -50.943932692999965, -17.786117094999952, 0.0 ], [ -50.943936740999959, -17.78611611499997, 0.0 ], [ -50.943940789999942, -17.786115174999964, 0.0 ], [ -50.943944843999986, -17.786114282999961, 0.0 ], [ -50.94394905799993, -17.786113407999949, 0.0 ], [ -50.943953274999956, -17.786112585999945, 0.0 ], [ -50.94395749399996, -17.786111812999934, 0.0 ], [ -50.943961715999933, -17.786111088999974, 0.0 ], [ -50.943965939999941, -17.786110406999967, 0.0 ], [ -50.943970165999986, -17.786109766999971, 0.0 ], [ -50.943974393999952, -17.786109163999981, 0.0 ], [ -50.943978622999964, -17.786108596999952, 0.0 ], [ -50.943982851999976, -17.786108060999936, 0.0 ], [ -50.943987082999968, -17.786107553999955, 0.0 ], [ -50.943991314999948, -17.786107073999972, 0.0 ], [ -50.94399554599994, -17.786106615999927, 0.0 ], [ -50.943999776999931, -17.786106177999955, 0.0 ], [ -50.944004008999968, -17.786105757999962, 0.0 ], [ -50.94400823999996, -17.786105350999946, 0.0 ], [ -50.944012469999961, -17.786104954999928, 0.0 ], [ -50.944016696999938, -17.786104566999938, 0.0 ], [ -50.944020924999961, -17.786104184999942, 0.0 ], [ -50.944025149999959, -17.786103802999946, 0.0 ], [ -50.944029373999967, -17.78610342199994, 0.0 ], [ -50.94403359599994, -17.786103036999975, 0.0 ], [ -50.944037814999945, -17.786102643999982, 0.0 ], [ -50.944042030999981, -17.78610224199997, 0.0 ], [ -50.944046244999981, -17.786101825999935, 0.0 ], [ -50.944050454999967, -17.786101394999946, 0.0 ], [ -50.944054660999939, -17.78610094499993, 0.0 ], [ -50.944058862999952, -17.786100472999976, 0.0 ], [ -50.944063060999952, -17.786099975999946, 0.0 ], [ -50.944067254999936, -17.786099450999927, 0.0 ], [ -50.944071443999974, -17.786098895999942, 0.0 ], [ -50.94407562899994, -17.786098306999975, 0.0 ], [ -50.944079807999969, -17.786097680999944, 0.0 ], [ -50.944083827999975, -17.786097040999948, 0.0 ], [ -50.944087844999956, -17.786096366999971, 0.0 ], [ -50.944091856999933, -17.78609566199998, 0.0 ], [ -50.944095864999952, -17.786094927999955, 0.0 ], [ -50.944099868999956, -17.786094168999966, 0.0 ], [ -50.944103871999971, -17.786093386999937, 0.0 ], [ -50.944107871999961, -17.786092584999949, 0.0 ], [ -50.944111869999972, -17.786091764999981, 0.0 ], [ -50.944115867999983, -17.786090930999933, 0.0 ], [ -50.944119863999958, -17.786090084999955, 0.0 ], [ -50.94412386099998, -17.786089230999949, 0.0 ], [ -50.944127856999955, -17.786088370999948, 0.0 ], [ -50.944135851999931, -17.786086643999965, 0.0 ], [ -50.944139852999967, -17.786085782999976, 0.0 ], [ -50.944143854999936, -17.786084926999933, 0.0 ], [ -50.94414785999993, -17.786084079999966, 0.0 ], [ -50.944151867999949, -17.78608324299995, 0.0 ], [ -50.944155878999936, -17.786082419999957, 0.0 ], [ -50.944159895999974, -17.786081613999954, 0.0 ], [ -50.94416391599998, -17.786080826999978, 0.0 ], [ -50.944167941999979, -17.78608006199994, 0.0 ], [ -50.944171971999936, -17.786079322999967, 0.0 ], [ -50.944176009999978, -17.786078610999937, 0.0 ], [ -50.944180052999968, -17.786077929999976, 0.0 ], [ -50.944184102999941, -17.786077282999941, 0.0 ], [ -50.944188161999932, -17.786076670999933, 0.0 ], [ -50.944192226999974, -17.786076098999956, 0.0 ], [ -50.944196301999966, -17.786075568999934, 0.0 ], [ -50.944200385999977, -17.786075083999947, 0.0 ], [ -50.944204477999961, -17.786074645999975, 0.0 ], [ -50.944208580999941, -17.786074257999928, 0.0 ], [ -50.944213021999985, -17.786073897999927, 0.0 ], [ -50.944217474999959, -17.786073594999948, 0.0 ], [ -50.944221935999963, -17.786073342999941, 0.0 ], [ -50.944226405999984, -17.78607313699996, 0.0 ], [ -50.944230882999932, -17.786072971999943, 0.0 ], [ -50.944235365999987, -17.786072842999943, 0.0 ], [ -50.944239852999942, -17.786072742999977, 0.0 ], [ -50.94424434299998, -17.786072667999974, 0.0 ], [ -50.944248834999939, -17.786072613999977, 0.0 ], [ -50.944253327999945, -17.786072571999966, 0.0 ], [ -50.944257819999962, -17.786072539999964, 0.0 ], [ -50.944262309999942, -17.786072510999929, 0.0 ], [ -50.944266796999955, -17.786072479999973, 0.0 ], [ -50.944271279999953, -17.786072442999966, 0.0 ], [ -50.944275755999968, -17.786072392999927, 0.0 ], [ -50.944280225999933, -17.786072323999974, 0.0 ], [ -50.944284686999936, -17.78607223299997, 0.0 ], [ -50.944289138999977, -17.786072113999978, 0.0 ], [ -50.944293578999975, -17.786071960999948, 0.0 ], [ -50.944298007999976, -17.786071768999932, 0.0 ], [ -50.944302423999943, -17.786071531999937, 0.0 ], [ -50.944306822999977, -17.78607124499996, 0.0 ], [ -50.944311207999931, -17.786070903999928, 0.0 ], [ -50.944315574999962, -17.786070501999973, 0.0 ], [ -50.944319923999956, -17.786070034999966, 0.0 ], [ -50.944324251999944, -17.786069496999971, 0.0 ], [ -50.944328559999974, -17.786068881999938, 0.0 ], [ -50.944332844999963, -17.786068185999966, 0.0 ], [ -50.944337106999967, -17.786067402999947, 0.0 ], [ -50.944341342999962, -17.786066526999946, 0.0 ], [ -50.944345552999948, -17.786065553999947, 0.0 ], [ -50.944349735999936, -17.786064477999957, 0.0 ], [ -50.944353199999966, -17.786063499999955, 0.0 ], [ -50.944356644999971, -17.786062449999974, 0.0 ], [ -50.944360071999938, -17.786061332999964, 0.0 ], [ -50.944363482999961, -17.786060153999927, 0.0 ], [ -50.944366877999983, -17.786058913999966, 0.0 ], [ -50.944370258999982, -17.786057617999973, 0.0 ], [ -50.944373627999937, -17.78605627099995, 0.0 ], [ -50.944376982999984, -17.78605487599998, 0.0 ], [ -50.944380326999976, -17.786053436999964, 0.0 ], [ -50.94438366299994, -17.786051957999973, 0.0 ], [ -50.944386988999952, -17.786050442999965, 0.0 ], [ -50.944390307999981, -17.786048894999965, 0.0 ], [ -50.944393619999971, -17.786047319999966, 0.0 ], [ -50.944396927999946, -17.786045719999947, 0.0 ], [ -50.944400229999985, -17.786044097999934, 0.0 ], [ -50.944403529999931, -17.786042461999955, 0.0 ], [ -50.944406827999956, -17.786040810999964, 0.0 ], [ -50.944410124999933, -17.786039152999933, 0.0 ], [ -50.944416721999971, -17.786035823999953, 0.0 ], [ -50.944420023999953, -17.786034160999975, 0.0 ], [ -50.94442332999995, -17.78603250499998, 0.0 ], [ -50.944426639999961, -17.786030860999972, 0.0 ], [ -50.944429956999954, -17.786029230999929, 0.0 ], [ -50.944433279999942, -17.786027618999981, 0.0 ], [ -50.944436611999947, -17.78602602899997, 0.0 ], [ -50.944439952999971, -17.786024466999947, 0.0 ], [ -50.944443304999936, -17.786022933999959, 0.0 ], [ -50.944446668999944, -17.786021434999952, 0.0 ], [ -50.94445004499994, -17.786019973999942, 0.0 ], [ -50.944453435999947, -17.786018553999952, 0.0 ], [ -50.944456840999976, -17.786017181999966, 0.0 ], [ -50.944460644999936, -17.786015711999937, 0.0 ], [ -50.944464466999932, -17.786014303999934, 0.0 ], [ -50.944468301999962, -17.786012954999933, 0.0 ], [ -50.944472151999946, -17.786011663999943, 0.0 ], [ -50.944476011999939, -17.786010430999966, 0.0 ], [ -50.94447988099995, -17.786009255999943, 0.0 ], [ -50.944483754999965, -17.786008134999975, 0.0 ], [ -50.944487633999984, -17.786007068999936, 0.0 ], [ -50.944491512999946, -17.786006056999952, 0.0 ], [ -50.944495391999965, -17.786005097999976, 0.0 ], [ -50.944499266999969, -17.78600419199995, 0.0 ], [ -50.944503137999959, -17.786003335999965, 0.0 ], [ -50.944507, -17.786002529999962, 0.0 ], [ -50.944510849999972, -17.786001773999942, 0.0 ], [ -50.944514689999949, -17.786001065999926, 0.0 ], [ -50.944518513999981, -17.786000405999971, 0.0 ], [ -50.944522319999976, -17.785999790999938, 0.0 ], [ -50.944526106999945, -17.785999222999976, 0.0 ], [ -50.944529871999976, -17.785998697999958, 0.0 ], [ -50.944533611999987, -17.785998217999975, 0.0 ], [ -50.944537326999978, -17.785997779999946, 0.0 ], [ -50.944541010999956, -17.785997383999927, 0.0 ], [ -50.944544665999956, -17.78599702799994, 0.0 ], [ -50.944548284999939, -17.785996712999975, 0.0 ], [ -50.944551868999952, -17.785996435999948, 0.0 ], [ -50.944555414999968, -17.785996197999964, 0.0 ], [ -50.944558919999963, -17.78599599699993, 0.0 ], [ -50.944562381999958, -17.785995831999969, 0.0 ], [ -50.944565798999975, -17.78599570199998, 0.0 ], [ -50.944569167999987, -17.785995605999972, 0.0 ], [ -50.944572486999959, -17.785995543999945, 0.0 ], [ -50.944575752999981, -17.785995513999978, 0.0 ], [ -50.944579218999934, -17.785995517999936, 0.0 ], [ -50.944582623999963, -17.785995555999932, 0.0 ], [ -50.944585965999977, -17.785995627999966, 0.0 ], [ -50.944589249999979, -17.785995731999947, 0.0 ], [ -50.944595640999978, -17.785996029999978, 0.0 ], [ -50.944601807999959, -17.785996439999963, 0.0 ], [ -50.944607760999986, -17.785996946999944, 0.0 ], [ -50.944613511999933, -17.785997541999961, 0.0 ], [ -50.944619068999941, -17.785998210999935, 0.0 ], [ -50.944624442999952, -17.785998940999946, 0.0 ], [ -50.944629643999974, -17.785999720999939, 0.0 ], [ -50.944634682999947, -17.786000539999975, 0.0 ], [ -50.944639569999936, -17.786001383999974, 0.0 ], [ -50.944644314999948, -17.786002241999938, 0.0 ], [ -50.944648929999971, -17.786003100999949, 0.0 ], [ -50.944653421999931, -17.786003948999962, 0.0 ], [ -50.944657803999974, -17.78600477599997, 0.0 ], [ -50.944662086999983, -17.786005566999961, 0.0 ], [ -50.944665765999957, -17.786006222999958, 0.0 ], [ -50.944669387999966, -17.786006843999928, 0.0 ], [ -50.94467296299996, -17.786007430999973, 0.0 ], [ -50.944676502999982, -17.786007981999944, 0.0 ], [ -50.944680017999985, -17.786008498999934, 0.0 ], [ -50.944683519999955, -17.786008980999952, 0.0 ], [ -50.944687020999936, -17.786009429999979, 0.0 ], [ -50.944690531999981, -17.786009845999956, 0.0 ], [ -50.944694062999986, -17.786010227999952, 0.0 ], [ -50.944697626999982, -17.786010578999935, 0.0 ], [ -50.944701234999968, -17.786010896999983, 0.0 ], [ -50.944704897999941, -17.78601118399996, 0.0 ], [ -50.944708625999965, -17.786011438999935, 0.0 ], [ -50.94471243199996, -17.786011663999943, 0.0 ], [ -50.944716326999981, -17.786011857999938, 0.0 ], [ -50.944720322999956, -17.786012022999955, 0.0 ], [ -50.944724428999962, -17.786012156999959, 0.0 ], [ -50.944728656999985, -17.786012261999929, 0.0 ], [ -50.944733020999934, -17.786012338999967, 0.0 ], [ -50.944737528999951, -17.786012386999971, 0.0 ], [ -50.944742193999957, -17.78601240699993, 0.0 ], [ -50.944747026999949, -17.786012399999947, 0.0 ], [ -50.94475203899998, -17.786012364999976, 0.0 ], [ -50.944757240999934, -17.78601230299995, 0.0 ], [ -50.944762644999969, -17.786012214999971, 0.0 ], [ -50.944768261999968, -17.786012100999926, 0.0 ], [ -50.944774102999986, -17.786011961999975, 0.0 ], [ -50.944780179999952, -17.786011796999958, 0.0 ], [ -50.944786504999968, -17.786011606999978, 0.0 ], [ -50.94478976299996, -17.786011502999941, 0.0 ], [ -50.944793085999947, -17.786011393999956, 0.0 ], [ -50.944796476999954, -17.786011277999933, 0.0 ], [ -50.94479993799996, -17.786011155999972, 0.0 ], [ -50.944803467999975, -17.786011027999962, 0.0 ], [ -50.944810772999972, -17.78601094499993, 0.0 ], [ -50.944811655999956, -17.786010934999979, 0.0 ], [ -50.944861332999949, -17.785937310999941, 0.0 ], [ -50.944936991999953, -17.785852433999935, 0.0 ], [ -50.945030025999984, -17.785759163999955, 0.0 ], [ -50.945136417999947, -17.785660403999941, 0.0 ], [ -50.945252142999948, -17.785559054999965, 0.0 ], [ -50.94536895899995, -17.785470154999928, 0.0 ], [ -50.945488125999987, -17.785381434999977, 0.0 ], [ -50.94560667899998, -17.785292763999962, 0.0 ], [ -50.945721651999975, -17.785204011999951, 0.0 ], [ -50.945830081999986, -17.78511504599993, 0.0 ], [ -50.945914469999934, -17.785034817999929, 0.0 ], [ -50.945990016999986, -17.784951840999952, 0.0 ], [ -50.946057396999947, -17.784863714999972, 0.0 ], [ -50.946117277999974, -17.784768034999956, 0.0 ], [ -50.946170326999948, -17.784662397999966, 0.0 ], [ -50.946214501999975, -17.784528378999937, 0.0 ], [ -50.946253863999971, -17.78438360399997, 0.0 ], [ -50.946289759999956, -17.784229677999974, 0.0 ], [ -50.946323538999934, -17.784068202999947, 0.0 ], [ -50.946356548999972, -17.783900782999979, 0.0 ], [ -50.946398273999932, -17.783727665999947, 0.0 ], [ -50.946439890999955, -17.783552148999945, 0.0 ], [ -50.94648071499995, -17.783376175999933, 0.0 ], [ -50.946520058999965, -17.783201686999973, 0.0 ], [ -50.946557234999943, -17.783030624999981, 0.0 ], [ -50.946583313999952, -17.782910532999949, 0.0 ], [ -50.946607914999959, -17.782786352999949, 0.0 ], [ -50.946626862999949, -17.782678372999953, 0.0 ], [ -50.946633178999946, -17.782642372999931, 0.0 ], [ -50.946635592999939, -17.782628618999979, 0.0 ], [ -50.946635391999962, -17.782628573999943, 0.0 ], [ -50.94582976199996, -17.782444661999932, 0.0 ], [ -50.945472240999948, -17.782346282999981, 0.0 ], [ -50.945252066999956, -17.782292714999983, 0.0 ], [ -50.944732342999941, -17.78222081499996, 0.0 ], [ -50.944581237999955, -17.782199910999964, 0.0 ], [ -50.944492786999945, -17.78214176299997, 0.0 ], [ -50.944466580999972, -17.782128840999974, 0.0 ], [ -50.944446735999975, -17.782127400999968, 0.0 ], [ -50.94436062099993, -17.782131962999927, 0.0 ], [ -50.943511328999932, -17.78202670099995, 0.0 ], [ -50.943116010999972, -17.782008809999979, 0.0 ], [ -50.942620176999981, -17.781972183999926, 0.0 ], [ -50.942610270999978, -17.782110786999965, 0.0 ] ] ] ] } },
{ "type": "Feature", "properties": { "OID_": 0, "Name": "Placemark", "FolderPath": "Document", "SymbolID": 0, "AltMode": 0, "Base": 0.0, "Clamped": -1, "Extruded": 0, "Snippet": null, "PopupInfo": "<html xmlns:fo=\"http://www.w3.org/1999/XSL/Format\" xmlns:msxsl=\"urn:schemas-microsoft-com:xslt\"><head><META http-equiv=\"Content-Type\" content=\"text/html\"><meta http-equiv=\"content-type\" content=\"text/html; charset=UTF-8\"></head><body style=\"margin:0px 0p", "Shape_Leng": 0.00896826241, "Shape_Area": 3.0975e-06 }, "geometry": { "type": "MultiPolygon", "coordinates": [ [ [ [ -50.934921480999947, -17.793172471999981, 0.0 ], [ -50.934960889999957, -17.793159741999943, 0.0 ], [ -50.935346534999951, -17.793189729999938, 0.0 ], [ -50.935484478999967, -17.793199940999955, 0.0 ], [ -50.935625407999964, -17.793205704999934, 0.0 ], [ -50.935897983999951, -17.793214371999966, 0.0 ], [ -50.935927495999977, -17.793217240999979, 0.0 ], [ -50.935995697999942, -17.793214529999943, 0.0 ], [ -50.936023536999983, -17.793214026999976, 0.0 ], [ -50.936288544999968, -17.793212060999963, 0.0 ], [ -50.936542311999972, -17.79320701499995, 0.0 ], [ -50.936672941999973, -17.793203466999955, 0.0 ], [ -50.936794468999949, -17.793209660999935, 0.0 ], [ -50.936830873999952, -17.793210184999964, 0.0 ], [ -50.936890755999968, -17.793202978999943, 0.0 ], [ -50.937727803999962, -17.793200035999973, 0.0 ], [ -50.938688340999931, -17.793193843999973, 0.0 ], [ -50.938545780999959, -17.792116342999975, 0.0 ], [ -50.937836578999963, -17.792135522999956, 0.0 ], [ -50.937737098999946, -17.792137656999955, 0.0 ], [ -50.937119829999972, -17.792265248999968, 0.0 ], [ -50.936934424999947, -17.792299843999956, 0.0 ], [ -50.936025474999951, -17.792494480999949, 0.0 ], [ -50.935647873999983, -17.792580993999934, 0.0 ], [ -50.934918972999981, -17.792757482999946, 0.0 ], [ -50.934920342999931, -17.792984888999968, 0.0 ], [ -50.934921480999947, -17.793172471999981, 0.0 ] ] ] ] } },
{ "type": "Feature", "properties": { "OID_": 0, "Name": "Placemark", "FolderPath": "Document", "SymbolID": 0, "AltMode": 0, "Base": 0.0, "Clamped": -1, "Extruded": 0, "Snippet": null, "PopupInfo": "<html xmlns:fo=\"http://www.w3.org/1999/XSL/Format\" xmlns:msxsl=\"urn:schemas-microsoft-com:xslt\"><head><META http-equiv=\"Content-Type\" content=\"text/html\"><meta http-equiv=\"content-type\" content=\"text/html; charset=UTF-8\"></head><body style=\"margin:0px 0p", "Shape_Leng": 0.01755139264, "Shape_Area": 1.36372e-05 }, "geometry": { "type": "MultiPolygon", "coordinates": [ [ [ [ -50.940710471999978, -17.781162120999966, 0.0 ], [ -50.940507060999948, -17.781909004999932, 0.0 ], [ -50.940457069999979, -17.782077863999973, 0.0 ], [ -50.941159899999946, -17.782171006999931, 0.0 ], [ -50.941553028999977, -17.781640839999966, 0.0 ], [ -50.942053004999934, -17.781862966999938, 0.0 ], [ -50.942111429999954, -17.781877572999974, 0.0 ], [ -50.942175621999979, -17.781893620999938, 0.0 ], [ -50.942410590999941, -17.781931955999937, 0.0 ], [ -50.942513496999936, -17.781924937999975, 0.0 ], [ -50.942651391999959, -17.781935124999961, 0.0 ], [ -50.943147225999951, -17.781971750999958, 0.0 ], [ -50.943542543999968, -17.781989641999928, 0.0 ], [ -50.944391834999976, -17.782094903999962, 0.0 ], [ -50.944477950999953, -17.782090341999947, 0.0 ], [ -50.944497794999961, -17.782091781999952, 0.0 ], [ -50.94452400199998, -17.782104703999948, 0.0 ], [ -50.944612452999934, -17.782162851999942, 0.0 ], [ -50.944763557999977, -17.782183755999938, 0.0 ], [ -50.945283281999934, -17.782255655999961, 0.0 ], [ -50.945503455999983, -17.78230922299997, 0.0 ], [ -50.945860976999938, -17.782407602999967, 0.0 ], [ -50.946666606999941, -17.782591513999932, 0.0 ], [ -50.946666807999975, -17.782591558999968, 0.0 ], [ -50.946674185999939, -17.782545542999969, 0.0 ], [ -50.946689373999959, -17.782450822999976, 0.0 ], [ -50.946717794999984, -17.782257630999936, 0.0 ], [ -50.946753530999956, -17.781928334999975, 0.0 ], [ -50.946757240999943, -17.781894171999966, 0.0 ], [ -50.946793008999975, -17.781564801999934, 0.0 ], [ -50.946834742999954, -17.781236105999938, 0.0 ], [ -50.946839283999964, -17.781200340999931, 0.0 ], [ -50.946874950999984, -17.780941842999937, 0.0 ], [ -50.946874780999963, -17.780941778999932, 0.0 ], [ -50.942494947999933, -17.779280578999931, 0.0 ], [ -50.941362839999954, -17.778831123999964, 0.0 ], [ -50.941290394999953, -17.778997397999944, 0.0 ], [ -50.941200912999932, -17.779297674999953, 0.0 ], [ -50.941153017999966, -17.779480143999933, 0.0 ], [ -50.94110773999995, -17.779652637999959, 0.0 ], [ -50.941009728999973, -17.780026021999959, 0.0 ], [ -50.94088076099996, -17.780517213999929, 0.0 ], [ -50.940710471999978, -17.781162120999966, 0.0 ] ] ] ] } },
{ "type": "Feature", "properties": { "OID_": 0, "Name": "Placemark", "FolderPath": "Document", "SymbolID": 0, "AltMode": 0, "Base": 0.0, "Clamped": -1, "Extruded": 0, "Snippet": null, "PopupInfo": "<html xmlns:fo=\"http://www.w3.org/1999/XSL/Format\" xmlns:msxsl=\"urn:schemas-microsoft-com:xslt\"><head><META http-equiv=\"Content-Type\" content=\"text/html\"><meta http-equiv=\"content-type\" content=\"text/html; charset=UTF-8\"></head><body style=\"margin:0px 0p", "Shape_Leng": 0.0169885039, "Shape_Area": 1.585065e-05 }, "geometry": { "type": "MultiPolygon", "coordinates": [ [ [ [ -50.946874780999963, -17.780941778999932, 0.0 ], [ -50.946874950999984, -17.780941842999937, 0.0 ], [ -50.946895889999951, -17.780795781999927, 0.0 ], [ -50.946947763999958, -17.780473735999976, 0.0 ], [ -50.947017565999943, -17.780255931999932, 0.0 ], [ -50.947093290999931, -17.780053302999931, 0.0 ], [ -50.947174077999932, -17.779852497999968, 0.0 ], [ -50.947259064999969, -17.779640167999958, 0.0 ], [ -50.947347386999979, -17.779402962999939, 0.0 ], [ -50.947431730999938, -17.779011887999957, 0.0 ], [ -50.947441437999942, -17.778964730999974, 0.0 ], [ -50.947479787999953, -17.778778406999947, 0.0 ], [ -50.947571332999985, -17.778357563999975, 0.0 ], [ -50.947571607999976, -17.778356387999963, 0.0 ], [ -50.947598187999972, -17.778242526999975, 0.0 ], [ -50.94759647099994, -17.778242090999981, 0.0 ], [ -50.947453067999959, -17.77820576199997, 0.0 ], [ -50.946376697999938, -17.777822792999928, 0.0 ], [ -50.945457223999938, -17.777496568999936, 0.0 ], [ -50.944410070999936, -17.777125036999962, 0.0 ], [ -50.943290034999961, -17.776727639999933, 0.0 ], [ -50.942281967999975, -17.776369961999933, 0.0 ], [ -50.942176870999958, -17.776524970999958, 0.0 ], [ -50.941957836999961, -17.776927051999962, 0.0 ], [ -50.941827658999955, -17.777215543999944, 0.0 ], [ -50.941755704999935, -17.777412106999975, 0.0 ], [ -50.94168373399998, -17.77765889099993, 0.0 ], [ -50.941557803999956, -17.778031932999966, 0.0 ], [ -50.941436340999985, -17.778485330999956, 0.0 ], [ -50.941362839999954, -17.778831123999964, 0.0 ], [ -50.942494947999933, -17.779280578999931, 0.0 ], [ -50.946874780999963, -17.780941778999932, 0.0 ] ] ] ] } },
{ "type": "Feature", "properties": { "OID_": 0, "Name": "Placemark", "FolderPath": "Document", "SymbolID": 0, "AltMode": 0, "Base": 0.0, "Clamped": -1, "Extruded": 0, "Snippet": null, "PopupInfo": "<html xmlns:fo=\"http://www.w3.org/1999/XSL/Format\" xmlns:msxsl=\"urn:schemas-microsoft-com:xslt\"><head><META http-equiv=\"Content-Type\" content=\"text/html\"><meta http-equiv=\"content-type\" content=\"text/html; charset=UTF-8\"></head><body style=\"margin:0px 0p", "Shape_Leng": 0.03815800307, "Shape_Area": 7.359189e-05 }, "geometry": { "type": "MultiPolygon", "coordinates": [ [ [ [ -50.946148466999944, -17.784729662999951, 0.0 ], [ -50.946088585999973, -17.784825342999966, 0.0 ], [ -50.946021205999955, -17.784913468999946, 0.0 ], [ -50.945945657999971, -17.78499644599998, 0.0 ], [ -50.945861270999956, -17.785076673999981, 0.0 ], [ -50.945752840999944, -17.785165639999946, 0.0 ], [ -50.945637867999949, -17.785254391999956, 0.0 ], [ -50.945519314999956, -17.785343062999971, 0.0 ], [ -50.945400147999976, -17.785431782999979, 0.0 ], [ -50.945283331999974, -17.785520682999959, 0.0 ], [ -50.945167606999973, -17.785622031999935, 0.0 ], [ -50.945061215999942, -17.78572079199995, 0.0 ], [ -50.944968180999979, -17.785814061999929, 0.0 ], [ -50.944892521999975, -17.785898938999935, 0.0 ], [ -50.94484198899994, -17.785973885999965, 0.0 ], [ -50.944793903999937, -17.786045200999979, 0.0 ], [ -50.944801824999956, -17.786078836999934, 0.0 ], [ -50.944829992999985, -17.786101813999949, 0.0 ], [ -50.944873235999978, -17.786117665999939, 0.0 ], [ -50.944926381999949, -17.78612992799998, 0.0 ], [ -50.944984259999956, -17.786142135999967, 0.0 ], [ -50.945023830999958, -17.786179793999963, 0.0 ], [ -50.945062259999986, -17.786218977999965, 0.0 ], [ -50.945098839999957, -17.786257730999978, 0.0 ], [ -50.945132868999963, -17.786294095999949, 0.0 ], [ -50.945161192999933, -17.786323568999933, 0.0 ], [ -50.945163642999944, -17.786326117999977, 0.0 ], [ -50.945174453999982, -17.786332862999927, 0.0 ], [ -50.945184000999973, -17.78633881899998, 0.0 ], [ -50.945216476999974, -17.78635051699996, 0.0 ], [ -50.945244025999955, -17.78635259999993, 0.0 ], [ -50.945473376999985, -17.786432194999975, 0.0 ], [ -50.945522147999952, -17.786444227999937, 0.0 ], [ -50.945552388999943, -17.78643164999994, 0.0 ], [ -50.945573434999972, -17.786418280999953, 0.0 ], [ -50.94564827499994, -17.786326438999936, 0.0 ], [ -50.945708529999933, -17.786293828999931, 0.0 ], [ -50.94577848299997, -17.786255710999967, 0.0 ], [ -50.945856019999951, -17.786213091999969, 0.0 ], [ -50.945939025999962, -17.786166983999976, 0.0 ], [ -50.946025386999963, -17.786118393999971, 0.0 ], [ -50.946097067999972, -17.786071535999952, 0.0 ], [ -50.946171852999953, -17.786023411999963, 0.0 ], [ -50.946251607999955, -17.785974230999955, 0.0 ], [ -50.946338195999942, -17.785924199999954, 0.0 ], [ -50.946433484999943, -17.785873528999957, 0.0 ], [ -50.946575591999931, -17.785815166999953, 0.0 ], [ -50.946721065999952, -17.785758392999981, 0.0 ], [ -50.946862707999969, -17.785705226999937, 0.0 ], [ -50.946993320999979, -17.785657689999937, 0.0 ], [ -50.947142275999965, -17.785603891999926, 0.0 ], [ -50.947341472999938, -17.785583680999935, 0.0 ], [ -50.947575332999975, -17.785556632999942, 0.0 ], [ -50.947831299999962, -17.785522311999955, 0.0 ], [ -50.948096815999975, -17.785480276999976, 0.0 ], [ -50.948359324999956, -17.785430086999952, 0.0 ], [ -50.948555496999973, -17.78535768699993, 0.0 ], [ -50.948736242999985, -17.785279658999968, 0.0 ], [ -50.948901699999965, -17.785198969999954, 0.0 ], [ -50.949052004999942, -17.785118584999964, 0.0 ], [ -50.949187295999934, -17.785041469999953, 0.0 ], [ -50.94925896899997, -17.784976929999971, 0.0 ], [ -50.949328086999969, -17.784920004999947, 0.0 ], [ -50.949406970999974, -17.784872076999932, 0.0 ], [ -50.949507942999958, -17.784834525999941, 0.0 ], [ -50.949643324999954, -17.784808732999977, 0.0 ], [ -50.949935338999978, -17.784819073999927, 0.0 ], [ -50.95025893199994, -17.784838184999956, 0.0 ], [ -50.95059895199995, -17.784861697999929, 0.0 ], [ -50.950940245999959, -17.784885246999977, 0.0 ], [ -50.951267659999985, -17.784904462999975, 0.0 ], [ -50.95149835899997, -17.784887947999948, 0.0 ], [ -50.951701793999973, -17.784865123999964, 0.0 ], [ -50.951879732999942, -17.784838377999961, 0.0 ], [ -50.952033942999947, -17.784810103999973, 0.0 ], [ -50.952166192999982, -17.78478268899994, 0.0 ], [ -50.952267058999951, -17.784766073999947, 0.0 ], [ -50.952352298999983, -17.784753210999952, 0.0 ], [ -50.95242647699996, -17.784744604999958, 0.0 ], [ -50.952494158999968, -17.784740757999941, 0.0 ], [ -50.95255991199997, -17.784742171999937, 0.0 ], [ -50.952643868999985, -17.784766633999936, 0.0 ], [ -50.952731134999965, -17.784793041999933, 0.0 ], [ -50.952822383999944, -17.784817578999935, 0.0 ], [ -50.952918288999967, -17.784836423999934, 0.0 ], [ -50.953019522999966, -17.784845761999975, 0.0 ], [ -50.953151529999957, -17.784811131999959, 0.0 ], [ -50.953284021999934, -17.784767016999979, 0.0 ], [ -50.953411475999985, -17.784717259999979, 0.0 ], [ -50.95352837799993, -17.784665703999963, 0.0 ], [ -50.95362920499997, -17.78461619199993, 0.0 ], [ -50.95366217399993, -17.784599427999979, 0.0 ], [ -50.953679597999951, -17.784585676999939, 0.0 ], [ -50.953687523999974, -17.784572063999974, 0.0 ], [ -50.953692000999979, -17.784555717999979, 0.0 ], [ -50.953699074999975, -17.784533763999946, 0.0 ], [ -50.95374615299994, -17.784484506999945, 0.0 ], [ -50.953800083999965, -17.784428601999934, 0.0 ], [ -50.953859075999958, -17.78436788099998, 0.0 ], [ -50.95392133699994, -17.784304176999967, 0.0 ], [ -50.95398507699997, -17.784239322999952, 0.0 ], [ -50.954037719999974, -17.784176001999981, 0.0 ], [ -50.954090951999945, -17.784114982999938, 0.0 ], [ -50.954145677999975, -17.784057882999946, 0.0 ], [ -50.954202799999962, -17.784006322999971, 0.0 ], [ -50.954263222999941, -17.783961920999957, 0.0 ], [ -50.954337031999955, -17.783944863999977, 0.0 ], [ -50.954413652999961, -17.783933560999969, 0.0 ], [ -50.954491693999955, -17.783924991999982, 0.0 ], [ -50.954569763999984, -17.783916130999955, 0.0 ], [ -50.954646471999979, -17.783903955999961, 0.0 ], [ -50.954712087999951, -17.783868540999947, 0.0 ], [ -50.954775641999959, -17.783827993999978, 0.0 ], [ -50.954837825999959, -17.78378351799995, 0.0 ], [ -50.954899330999979, -17.783736317999967, 0.0 ], [ -50.954960851999942, -17.783687597999972, 0.0 ], [ -50.955034909999938, -17.783638211999971, 0.0 ], [ -50.955107408999936, -17.783589799999959, 0.0 ], [ -50.955176085999938, -17.783543652999981, 0.0 ], [ -50.955238675999965, -17.783501058999946, 0.0 ], [ -50.955292911999948, -17.783463310999934, 0.0 ], [ -50.95530079699995, -17.783461114999966, 0.0 ], [ -50.955304733999981, -17.783458991999964, 0.0 ], [ -50.955311388999974, -17.78345087699995, 0.0 ], [ -50.955327433999969, -17.783430705999933, 0.0 ], [ -50.955359533999967, -17.78339241499998, 0.0 ], [ -50.955443187999947, -17.783327633999932, 0.0 ], [ -50.95554902799995, -17.783233181999947, 0.0 ], [ -50.955676516999972, -17.783103573999938, 0.0 ], [ -50.955825115999971, -17.782933322999952, 0.0 ], [ -50.955994285999964, -17.782716939999943, 0.0 ], [ -50.956233458999975, -17.782326043999944, 0.0 ], [ -50.956479632999958, -17.781908766999948, 0.0 ], [ -50.956719776999932, -17.781490346999931, 0.0 ], [ -50.956940860999964, -17.78109601999995, 0.0 ], [ -50.957166150999967, -17.780680033999943, 0.0 ], [ -50.955447748999973, -17.780302079999956, 0.0 ], [ -50.956091169999979, -17.777687323999942, 0.0 ], [ -50.948561065999968, -17.775962715999981, 0.0 ], [ -50.948537628999986, -17.776042324999935, 0.0 ], [ -50.948509390999959, -17.776123587999962, 0.0 ], [ -50.948489385999949, -17.776181154999961, 0.0 ], [ -50.94842605599996, -17.776338315999965, 0.0 ], [ -50.94831828599996, -17.776492859999962, 0.0 ], [ -50.948197993999941, -17.776669439999978, 0.0 ], [ -50.948069868999937, -17.776872441999956, 0.0 ], [ -50.947938596999961, -17.777106250999964, 0.0 ], [ -50.947808865999946, -17.777375253999935, 0.0 ], [ -50.947707116999936, -17.777763621999952, 0.0 ], [ -50.947637700999962, -17.778060969999956, 0.0 ], [ -50.947610844999986, -17.778176006999956, 0.0 ], [ -50.94759647099994, -17.778242090999981, 0.0 ], [ -50.947571607999976, -17.778356387999963, 0.0 ], [ -50.947519300999943, -17.778596849999929, 0.0 ], [ -50.947441437999942, -17.778964730999974, 0.0 ], [ -50.947431730999938, -17.779010587999949, 0.0 ], [ -50.947347386999979, -17.779401662999931, 0.0 ], [ -50.947259064999969, -17.77963886799995, 0.0 ], [ -50.947174077999932, -17.77985119799996, 0.0 ], [ -50.947093291999977, -17.78005200299998, 0.0 ], [ -50.947017565999943, -17.78025463299997, 0.0 ], [ -50.946947764999948, -17.780472435999968, 0.0 ], [ -50.946895889999951, -17.780794481999976, 0.0 ], [ -50.946890407999945, -17.780828520999933, 0.0 ], [ -50.946874780999963, -17.780941778999932, 0.0 ], [ -50.946839284999953, -17.781199040999979, 0.0 ], [ -50.946834742999954, -17.781236105999938, 0.0 ], [ -50.946793843999956, -17.781569908999927, 0.0 ], [ -50.946757240999943, -17.781894171999966, 0.0 ], [ -50.946753530999956, -17.781927034999967, 0.0 ], [ -50.946717794999984, -17.782256330999928, 0.0 ], [ -50.946689373999959, -17.782449522999968, 0.0 ], [ -50.946686694999983, -17.782466230999944, 0.0 ], [ -50.946666606999941, -17.782591513999932, 0.0 ], [ -50.946664393999981, -17.782605312999976, 0.0 ], [ -50.946663601999944, -17.782610252999973, 0.0 ], [ -50.946658076999938, -17.782641312999942, 0.0 ], [ -50.946639102999939, -17.782747979999954, 0.0 ], [ -50.946614501999932, -17.782872160999943, 0.0 ], [ -50.94658842399997, -17.782992252999975, 0.0 ], [ -50.946551246999945, -17.783163313999978, 0.0 ], [ -50.94651190299993, -17.783337803999927, 0.0 ], [ -50.946471079999981, -17.783513776999939, 0.0 ], [ -50.946429462999959, -17.783689293999942, 0.0 ], [ -50.946387737999942, -17.783862410999973, 0.0 ], [ -50.946354726999971, -17.784029830999941, 0.0 ], [ -50.946320948999983, -17.784191305999968, 0.0 ], [ -50.946285051999951, -17.784345231999964, 0.0 ], [ -50.946245689999955, -17.784490005999942, 0.0 ], [ -50.946201515999974, -17.78462402599996, 0.0 ], [ -50.946148466999944, -17.784729662999951, 0.0 ] ] ] ] } },
{ "type": "Feature", "properties": { "OID_": 0, "Name": "Placemark", "FolderPath": "Document", "SymbolID": 0, "AltMode": 0, "Base": 0.0, "Clamped": -1, "Extruded": 0, "Snippet": null, "PopupInfo": "<html xmlns:fo=\"http://www.w3.org/1999/XSL/Format\" xmlns:msxsl=\"urn:schemas-microsoft-com:xslt\"><head><META http-equiv=\"Content-Type\" content=\"text/html\"><meta http-equiv=\"content-type\" content=\"text/html; charset=UTF-8\"></head><body style=\"margin:0px 0p", "Shape_Leng": 0.04147676604, "Shape_Area": 8.239778e-05 }, "geometry": { "type": "MultiPolygon", "coordinates": [ [ [ [ -50.969331100999966, -17.807692336999935, 0.0 ], [ -50.976442913999961, -17.810935943999937, 0.0 ], [ -50.978693888999942, -17.805490698999961, 0.0 ], [ -50.972379666999984, -17.798051129999976, 0.0 ], [ -50.969751818999953, -17.796236258999954, 0.0 ], [ -50.967577378999977, -17.80150840999994, 0.0 ], [ -50.970640358999958, -17.802680133999957, 0.0 ], [ -50.970077900999968, -17.804024048999963, 0.0 ], [ -50.970716053999979, -17.804267624999966, 0.0 ], [ -50.970212387999936, -17.805512582999938, 0.0 ], [ -50.969331100999966, -17.807692336999935, 0.0 ] ] ] ] } },
{ "type": "Feature", "properties": { "OID_": 0, "Name": "Placemark", "FolderPath": "Document", "SymbolID": 0, "AltMode": 0, "Base": 0.0, "Clamped": -1, "Extruded": 0, "Snippet": null, "PopupInfo": "<html xmlns:fo=\"http://www.w3.org/1999/XSL/Format\" xmlns:msxsl=\"urn:schemas-microsoft-com:xslt\"><head><META http-equiv=\"Content-Type\" content=\"text/html\"><meta http-equiv=\"content-type\" content=\"text/html; charset=UTF-8\"></head><body style=\"margin:0px 0p", "Shape_Leng": 0.01354020253, "Shape_Area": 1.011215e-05 }, "geometry": { "type": "MultiPolygon", "coordinates": [ [ [ [ -50.966504143999941, -17.80410827399993, 0.0 ], [ -50.970212387999936, -17.805512582999938, 0.0 ], [ -50.970716053999979, -17.804267624999966, 0.0 ], [ -50.970077900999968, -17.804024048999963, 0.0 ], [ -50.970640309999965, -17.802680144999954, 0.0 ], [ -50.967577378999977, -17.80150840999994, 0.0 ], [ -50.966504143999941, -17.80410827399993, 0.0 ] ] ] ] } },
{ "type": "Feature", "properties": { "OID_": 0, "Name": "Placemark", "FolderPath": "Document", "SymbolID": 0, "AltMode": 0, "Base": 0.0, "Clamped": -1, "Extruded": 0, "Snippet": null, "PopupInfo": "<html xmlns:fo=\"http://www.w3.org/1999/XSL/Format\" xmlns:msxsl=\"urn:schemas-microsoft-com:xslt\"><head><META http-equiv=\"Content-Type\" content=\"text/html\"><meta http-equiv=\"content-type\" content=\"text/html; charset=UTF-8\"></head><body style=\"margin:0px 0p", "Shape_Leng": 0.01277488022, "Shape_Area": 9.69056e-06 }, "geometry": { "type": "MultiPolygon", "coordinates": [ [ [ [ -50.966031898999972, -17.805233238999961, 0.0 ], [ -50.965673685999946, -17.80660593999994, 0.0 ], [ -50.968945970999982, -17.807517391999966, 0.0 ], [ -50.96916022299996, -17.807614396999952, 0.0 ], [ -50.969331100999966, -17.807692336999935, 0.0 ], [ -50.970212387999936, -17.805512582999938, 0.0 ], [ -50.966504118999978, -17.804108379999946, 0.0 ], [ -50.966031898999972, -17.805233238999961, 0.0 ] ] ] ] } },
{ "type": "Feature", "properties": { "OID_": 0, "Name": "Placemark", "FolderPath": "Document", "SymbolID": 0, "AltMode": 0, "Base": 0.0, "Clamped": -1, "Extruded": 0, "Snippet": null, "PopupInfo": "<html xmlns:fo=\"http://www.w3.org/1999/XSL/Format\" xmlns:msxsl=\"urn:schemas-microsoft-com:xslt\"><head><META http-equiv=\"Content-Type\" content=\"text/html\"><meta http-equiv=\"content-type\" content=\"text/html; charset=UTF-8\"></head><body style=\"margin:0px 0p", "Shape_Leng": 0.02891461914, "Shape_Area": 3.62461e-05 }, "geometry": { "type": "MultiPolygon", "coordinates": [ [ [ [ -50.89772559499994, -17.747699055999931, 0.0 ], [ -50.897621759999936, -17.747578586999964, 0.0 ], [ -50.896888930999978, -17.746728357999928, 0.0 ], [ -50.891996718999962, -17.741108788999952, 0.0 ], [ -50.888782583999955, -17.742538153999931, 0.0 ], [ -50.888401429999931, -17.742707652999968, 0.0 ], [ -50.888358927999946, -17.742719492999981, 0.0 ], [ -50.888366247999954, -17.742775259999974, 0.0 ], [ -50.886533821999933, -17.743136454999956, 0.0 ], [ -50.886360024999931, -17.743285585999956, 0.0 ], [ -50.886334830999942, -17.743395631999931, 0.0 ], [ -50.886317980999934, -17.743469231999939, 0.0 ], [ -50.886327918999939, -17.743543389999957, 0.0 ], [ -50.886345084999959, -17.74359734199993, 0.0 ], [ -50.88639716199998, -17.743761012999983, 0.0 ], [ -50.886492693999969, -17.74424320199995, 0.0 ], [ -50.886663804999955, -17.744965240999932, 0.0 ], [ -50.888947454999936, -17.74548975099998, 0.0 ], [ -50.890649130999975, -17.745880573999955, 0.0 ], [ -50.892384293999953, -17.746355827999935, 0.0 ], [ -50.893539549999957, -17.747025572999974, 0.0 ], [ -50.894940692999967, -17.747699521999948, 0.0 ], [ -50.894963923999967, -17.747735900999942, 0.0 ], [ -50.895773737999946, -17.748254387999964, 0.0 ], [ -50.896081156999969, -17.748679621999941, 0.0 ], [ -50.896117362999973, -17.74872970399997, 0.0 ], [ -50.896179930999949, -17.748700486999951, 0.0 ], [ -50.89651986399997, -17.748495697999942, 0.0 ], [ -50.896982893999962, -17.748261807999938, 0.0 ], [ -50.897041931999979, -17.748172613999941, 0.0 ], [ -50.897188054999958, -17.74795185499994, 0.0 ], [ -50.897360016999983, -17.747901325999976, 0.0 ], [ -50.897515681999948, -17.747789731999944, 0.0 ], [ -50.89772559499994, -17.747699055999931, 0.0 ] ] ] ] } },
{ "type": "Feature", "properties": { "OID_": 0, "Name": "Placemark", "FolderPath": "Document", "SymbolID": 0, "AltMode": 0, "Base": 0.0, "Clamped": -1, "Extruded": 0, "Snippet": null, "PopupInfo": "<html xmlns:fo=\"http://www.w3.org/1999/XSL/Format\" xmlns:msxsl=\"urn:schemas-microsoft-com:xslt\"><head><META http-equiv=\"Content-Type\" content=\"text/html\"><meta http-equiv=\"content-type\" content=\"text/html; charset=UTF-8\"></head><body style=\"margin:0px 0p", "Shape_Leng": 0.06113499361, "Shape_Area": 7.114162e-05 }, "geometry": { "type": "MultiPolygon", "coordinates": [ [ [ [ -50.873777212999983, -17.771644268999978, 0.0 ], [ -50.87378322099994, -17.771650829999942, 0.0 ], [ -50.873788051999952, -17.771658230999947, 0.0 ], [ -50.873791581999967, -17.77166627899993, 0.0 ], [ -50.873793717999945, -17.771674763999954, 0.0 ], [ -50.873794405999945, -17.771683467999935, 0.0 ], [ -50.87379362799993, -17.771692164999934, 0.0 ], [ -50.873791402999984, -17.771700629999941, 0.0 ], [ -50.873211030999983, -17.773338707999926, 0.0 ], [ -50.873150323999937, -17.773499655999956, 0.0 ], [ -50.873083106999957, -17.773658212999976, 0.0 ], [ -50.87300948099994, -17.773814134999952, 0.0 ], [ -50.872929559999932, -17.773967182999968, 0.0 ], [ -50.87284346399997, -17.774117127999943, 0.0 ], [ -50.872751325999957, -17.774263737999945, 0.0 ], [ -50.872653283999966, -17.774406791999979, 0.0 ], [ -50.872549489999983, -17.774546069999928, 0.0 ], [ -50.872440100999938, -17.774681359999931, 0.0 ], [ -50.872325282999952, -17.774812456999939, 0.0 ], [ -50.872205212999972, -17.774939159999974, 0.0 ], [ -50.872080070999971, -17.775061275999974, 0.0 ], [ -50.871950050999942, -17.775178619999963, 0.0 ], [ -50.871815348999974, -17.775291012999958, 0.0 ], [ -50.871676169999944, -17.775398281999969, 0.0 ], [ -50.871668359999944, -17.775403124999968, 0.0 ], [ -50.871659826999974, -17.775406675999932, 0.0 ], [ -50.871650801999976, -17.775408839999955, 0.0 ], [ -50.87164152899993, -17.775409557999978, 0.0 ], [ -50.871632256999931, -17.775408811999966, 0.0 ], [ -50.871623239999963, -17.775406620999945, 0.0 ], [ -50.871614717999933, -17.775403043999972, 0.0 ], [ -50.871565600999986, -17.775381102999972, 0.0 ], [ -50.871513869999944, -17.775365630999943, 0.0 ], [ -50.871460447999937, -17.775356901999942, 0.0 ], [ -50.871406286999957, -17.775355072999957, 0.0 ], [ -50.871352356999978, -17.775360176999982, 0.0 ], [ -50.871299617999966, -17.775372122999954, 0.0 ], [ -50.871249009999985, -17.775390696999978, 0.0 ], [ -50.871201437999957, -17.775415568999961, 0.0 ], [ -50.871157750999942, -17.775446292999959, 0.0 ], [ -50.871118727999942, -17.77548232099997, 0.0 ], [ -50.871085065999978, -17.775523011999951, 0.0 ], [ -50.871057365999945, -17.775567638999973, 0.0 ], [ -50.871036119999985, -17.77561540399995, 0.0 ], [ -50.871021708999933, -17.775665456999945, 0.0 ], [ -50.87101439099996, -17.775716902999932, 0.0 ], [ -50.871014294999952, -17.775768824999943, 0.0 ], [ -50.871021423999935, -17.775820295999949, 0.0 ], [ -50.871035648999964, -17.775870395999959, 0.0 ], [ -50.871056718999967, -17.77591823399996, 0.0 ], [ -50.871084254999971, -17.775962952999976, 0.0 ], [ -50.871117767999976, -17.776003757999945, 0.0 ], [ -50.871156656999972, -17.77603991899997, 0.0 ], [ -50.871200230999932, -17.776070790999938, 0.0 ], [ -50.871247710999967, -17.776095821999945, 0.0 ], [ -50.871298248999949, -17.776114567999969, 0.0 ], [ -50.871350944999961, -17.776126690999945, 0.0 ], [ -50.871404856999959, -17.776131977999967, 0.0 ], [ -50.871459023999932, -17.77613033199998, 0.0 ], [ -50.871468743999969, -17.77613023899994, 0.0 ], [ -50.871478338999964, -17.776131739999983, 0.0 ], [ -50.871487522999985, -17.776134792999926, 0.0 ], [ -50.871496026999978, -17.776139305999948, 0.0 ], [ -50.871503598999936, -17.77614514499993, 0.0 ], [ -50.871510016999935, -17.776152140999955, 0.0 ], [ -50.871515090999935, -17.776160084999958, 0.0 ], [ -50.871572105999974, -17.776276668999969, 0.0 ], [ -50.871622969999976, -17.776395836999939, 0.0 ], [ -50.871667556999967, -17.776517290999948, 0.0 ], [ -50.871705754999937, -17.776640726999972, 0.0 ], [ -50.871737466999946, -17.77676583799996, 0.0 ], [ -50.871762615999955, -17.776892309999937, 0.0 ], [ -50.871944540999948, -17.777950385999929, 0.0 ], [ -50.871977837999964, -17.778123552999944, 0.0 ], [ -50.872017946999961, -17.778295389999982, 0.0 ], [ -50.872064810999973, -17.778465650999976, 0.0 ], [ -50.87211836299997, -17.778634090999958, 0.0 ], [ -50.872178524999981, -17.778800469999965, 0.0 ], [ -50.872245211999939, -17.778964550999945, 0.0 ], [ -50.872276193999937, -17.779044581999926, 0.0 ], [ -50.872301260999961, -17.779126490999943, 0.0 ], [ -50.872320289999948, -17.779209877999961, 0.0 ], [ -50.872333186999981, -17.779294334999975, 0.0 ], [ -50.872339889999978, -17.779379450999954, 0.0 ], [ -50.872340365999946, -17.779464806999954, 0.0 ], [ -50.872334612999964, -17.77954998599995, 0.0 ], [ -50.872322657999973, -17.779634570999974, 0.0 ], [ -50.872304560999964, -17.779718147999972, 0.0 ], [ -50.872280412999942, -17.779800296999952, 0.0 ], [ -50.872250330999975, -17.779880627999944, 0.0 ], [ -50.872214460999942, -17.779958747999956, 0.0 ], [ -50.872172979999959, -17.780034274999934, 0.0 ], [ -50.872126088999948, -17.780106838999927, 0.0 ], [ -50.872074019999957, -17.780176084999937, 0.0 ], [ -50.872017024999934, -17.780241675999946, 0.0 ], [ -50.871955384999978, -17.780303289999949, 0.0 ], [ -50.871889399999986, -17.780360623999968, 0.0 ], [ -50.871408988999974, -17.780750349999948, 0.0 ], [ -50.870090780999931, -17.781818098999963, 0.0 ], [ -50.870090760999972, -17.781818116999943, 0.0 ], [ -50.872415777999947, -17.783787970999981, 0.0 ], [ -50.872362319999979, -17.783886713999948, 0.0 ], [ -50.872313267999971, -17.783987533999948, 0.0 ], [ -50.872268708999968, -17.784090250999952, 0.0 ], [ -50.872228723999967, -17.784194679999928, 0.0 ], [ -50.872193381999978, -17.784300635999955, 0.0 ], [ -50.874964673999955, -17.785025160999965, 0.0 ], [ -50.874908298999969, -17.784573003999981, 0.0 ], [ -50.874916079999934, -17.784521733999952, 0.0 ], [ -50.87492939599997, -17.784024045999956, 0.0 ], [ -50.874958960999948, -17.783811451999952, 0.0 ], [ -50.874995775999935, -17.783675681999966, 0.0 ], [ -50.874986727999953, -17.783543649999956, 0.0 ], [ -50.874931214999947, -17.783050369999955, 0.0 ], [ -50.874864779999939, -17.782530985999927, 0.0 ], [ -50.874915724999937, -17.782082954999964, 0.0 ], [ -50.874790544999939, -17.781672260999926, 0.0 ], [ -50.87481314799993, -17.781219039999939, 0.0 ], [ -50.874921096999969, -17.780357923999929, 0.0 ], [ -50.875099729999931, -17.779772871999967, 0.0 ], [ -50.875587735999943, -17.779017867999983, 0.0 ], [ -50.875684917999934, -17.778761139999972, 0.0 ], [ -50.875742241999944, -17.778377208999927, 0.0 ], [ -50.875922129999935, -17.777588615999946, 0.0 ], [ -50.876031914999942, -17.777161808999949, 0.0 ], [ -50.876092318999952, -17.776690383999949, 0.0 ], [ -50.876266612999984, -17.776266550999935, 0.0 ], [ -50.876617762999956, -17.775636177999957, 0.0 ], [ -50.876826366999978, -17.77461526999997, 0.0 ], [ -50.876649690999955, -17.774406166999938, 0.0 ], [ -50.876589729999978, -17.774283595999975, 0.0 ], [ -50.876661166999952, -17.773436774999936, 0.0 ], [ -50.876742763999971, -17.772972567999943, 0.0 ], [ -50.882843484999967, -17.775629095999932, 0.0 ], [ -50.883761918999937, -17.775872382999978, 0.0 ], [ -50.885240901999964, -17.775873254999965, 0.0 ], [ -50.885659113999964, -17.775712071999976, 0.0 ], [ -50.887701718999949, -17.774684477999926, 0.0 ], [ -50.886283695999964, -17.77318018099993, 0.0 ], [ -50.885641388999943, -17.772509403999948, 0.0 ], [ -50.885666294999965, -17.772596111999974, 0.0 ], [ -50.885675598999967, -17.772685799999977, 0.0 ], [ -50.885663070999954, -17.772760527999935, 0.0 ], [ -50.885650528999975, -17.772856181999941, 0.0 ], [ -50.885635573999934, -17.772953786999949, 0.0 ], [ -50.88561169299993, -17.773086742999965, 0.0 ], [ -50.88559417099998, -17.773163260999979, 0.0 ], [ -50.885580690999973, -17.773236932999964, 0.0 ], [ -50.885569128999975, -17.773289997999939, 0.0 ], [ -50.885554119999938, -17.773340209999958, 0.0 ], [ -50.885536598999977, -17.773416728999962, 0.0 ], [ -50.885501400999942, -17.773483272999954, 0.0 ], [ -50.885391689999949, -17.773553899999968, 0.0 ], [ -50.88446072499994, -17.773943817999964, 0.0 ], [ -50.884387585999946, -17.773971038999946, 0.0 ], [ -50.884312338999962, -17.773992342999975, 0.0 ], [ -50.884235503999946, -17.774007582999957, 0.0 ], [ -50.884157613999946, -17.774016651999943, 0.0 ], [ -50.884079205999967, -17.774019488999954, 0.0 ], [ -50.884000822999951, -17.774016072999927, 0.0 ], [ -50.883923007999954, -17.774006429999929, 0.0 ], [ -50.88384629799998, -17.773990623999964, 0.0 ], [ -50.883771224999975, -17.773968765999939, 0.0 ], [ -50.883698306999975, -17.773941005999973, 0.0 ], [ -50.878526851999936, -17.771686854999928, 0.0 ], [ -50.878367643999979, -17.771619819999955, 0.0 ], [ -50.878206642999942, -17.771556836999935, 0.0 ], [ -50.878043963999971, -17.771497948999979, 0.0 ], [ -50.877879716999985, -17.77144319599995, 0.0 ], [ -50.877372640999965, -17.771232570999928, 0.0 ], [ -50.876824260999967, -17.771134425999946, 0.0 ], [ -50.876634739999986, -17.771552828999972, 0.0 ], [ -50.874492202999932, -17.771283007999955, 0.0 ], [ -50.874483294999948, -17.771281177999981, 0.0 ], [ -50.874474808999935, -17.771278001999974, 0.0 ], [ -50.874466964999954, -17.771273562999966, 0.0 ], [ -50.874459965999961, -17.771267974999944, 0.0 ], [ -50.874453991999985, -17.771261384999946, 0.0 ], [ -50.874449199999958, -17.771253960999957, 0.0 ], [ -50.874445712999943, -17.771245896999972, 0.0 ], [ -50.874425526999971, -17.771197394999945, 0.0 ], [ -50.874398737999968, -17.771151922999934, 0.0 ], [ -50.874365828999942, -17.771110302999944, 0.0 ], [ -50.874327393999977, -17.771073283999954, 0.0 ], [ -50.874284126999953, -17.771041534999938, 0.0 ], [ -50.874236807999978, -17.771015629999965, 0.0 ], [ -50.87418629299998, -17.77099603399995, 0.0 ], [ -50.874133491999942, -17.770983102999935, 0.0 ], [ -50.87407935799996, -17.770977069999958, 0.0 ], [ -50.874024868999982, -17.770978043999946, 0.0 ], [ -50.873971006999966, -17.77098600599993, 0.0 ], [ -50.873918745999958, -17.771000813999933, 0.0 ], [ -50.873869026999955, -17.771022198999958, 0.0 ], [ -50.873822749999931, -17.771049776999973, 0.0 ], [ -50.873780747999945, -17.771083048999969, 0.0 ], [ -50.873743779999984, -17.771121414999982, 0.0 ], [ -50.873712512999987, -17.77116418199995, 0.0 ], [ -50.873687510999957, -17.771210577999966, 0.0 ], [ -50.873669225999947, -17.771259767999936, 0.0 ], [ -50.873657987999934, -17.771310860999961, 0.0 ], [ -50.873653998999941, -17.771362935999946, 0.0 ], [ -50.873657330999947, -17.771415052999942, 0.0 ], [ -50.873667925999939, -17.77146627299993, 0.0 ], [ -50.873685588999933, -17.771515669999928, 0.0 ], [ -50.873710004999964, -17.771562352999979, 0.0 ], [ -50.873740730999941, -17.771605478999959, 0.0 ], [ -50.873777212999983, -17.771644268999978, 0.0 ] ] ] ] } },
{ "type": "Feature", "properties": { "OID_": 0, "Name": "Placemark", "FolderPath": "Document", "SymbolID": 0, "AltMode": 0, "Base": 0.0, "Clamped": -1, "Extruded": 0, "Snippet": null, "PopupInfo": "<html xmlns:fo=\"http://www.w3.org/1999/XSL/Format\" xmlns:msxsl=\"urn:schemas-microsoft-com:xslt\"><head><META http-equiv=\"Content-Type\" content=\"text/html\"><meta http-equiv=\"content-type\" content=\"text/html; charset=UTF-8\"></head><body style=\"margin:0px 0p", "Shape_Leng": 0.04266589876, "Shape_Area": 8.519646e-05 }, "geometry": { "type": "MultiPolygon", "coordinates": [ [ [ [ -50.869731555999977, -17.782116893999955, 0.0 ], [ -50.869622388999971, -17.782200749999959, 0.0 ], [ -50.86950881599995, -17.782279052999968, 0.0 ], [ -50.869391145999941, -17.782351589999962, 0.0 ], [ -50.869269695999947, -17.782418162999932, 0.0 ], [ -50.869144794999954, -17.782478592999951, 0.0 ], [ -50.86901678199996, -17.782532715999935, 0.0 ], [ -50.868886003999933, -17.782580386999939, 0.0 ], [ -50.868752813999947, -17.782621473999939, 0.0 ], [ -50.868617573999984, -17.782655868999939, 0.0 ], [ -50.868480646999956, -17.782683475999931, 0.0 ], [ -50.868342408999979, -17.78270422199995, 0.0 ], [ -50.868203230999939, -17.782718049999971, 0.0 ], [ -50.868194647999985, -17.782718318999969, 0.0 ], [ -50.86818612899998, -17.782717278999939, 0.0 ], [ -50.868177890999959, -17.78271495599995, 0.0 ], [ -50.868170142999986, -17.782711407999955, 0.0 ], [ -50.868163080999977, -17.782706726999947, 0.0 ], [ -50.868156885999952, -17.782701029999942, 0.0 ], [ -50.868151713999964, -17.782694461999938, 0.0 ], [ -50.868147695999937, -17.78268719099998, 0.0 ], [ -50.868121240999983, -17.782641696999974, 0.0 ], [ -50.868088675999957, -17.782599997999966, 0.0 ], [ -50.868050586999971, -17.782562842999937, 0.0 ], [ -50.868007657999954, -17.782530898999937, 0.0 ], [ -50.86796065599998, -17.782504737999943, 0.0 ], [ -50.86791042599998, -17.782484828999941, 0.0 ], [ -50.867857869999966, -17.782471529999953, 0.0 ], [ -50.867803930999969, -17.782465079999952, 0.0 ], [ -50.867749574999948, -17.782465594999962, 0.0 ], [ -50.867695778999973, -17.782473062999941, 0.0 ], [ -50.867643506999968, -17.782487353999954, 0.0 ], [ -50.867593697999951, -17.782508208999957, 0.0 ], [ -50.867547244999969, -17.782535253999981, 0.0 ], [ -50.867504980999968, -17.782568003999927, 0.0 ], [ -50.867467664999936, -17.782605871999976, 0.0 ], [ -50.86743596599996, -17.782648177999931, 0.0 ], [ -50.86741045399998, -17.782694162999974, 0.0 ], [ -50.86739158499995, -17.78274300399994, 0.0 ], [ -50.867379698999969, -17.782793819999938, 0.0 ], [ -50.867375007999954, -17.782845702999964, 0.0 ], [ -50.867377596999972, -17.782897721999973, 0.0 ], [ -50.867387419999943, -17.782948941999962, 0.0 ], [ -50.867404298999986, -17.782998444999976, 0.0 ], [ -50.867427933999977, -17.78304534199998, 0.0 ], [ -50.867457896999952, -17.783088792999934, 0.0 ], [ -50.867493653999986, -17.783128017999957, 0.0 ], [ -50.867534562999936, -17.783162312999934, 0.0 ], [ -50.867579886999977, -17.783191060999968, 0.0 ], [ -50.867587410999931, -17.783195985999953, 0.0 ], [ -50.867594011999984, -17.783202001999939, 0.0 ], [ -50.867599519999942, -17.783208954999964, 0.0 ], [ -50.867603791999954, -17.783216664999941, 0.0 ], [ -50.867606717999934, -17.78322493099995, 0.0 ], [ -50.867608222999934, -17.783233540999959, 0.0 ], [ -50.867608264999944, -17.78324226899997, 0.0 ], [ -50.867503966999948, -17.784556875999954, 0.0 ], [ -50.868322533999958, -17.784768480999958, 0.0 ], [ -50.869140095999967, -17.784979821999968, 0.0 ], [ -50.867737879999936, -17.789958333999948, 0.0 ], [ -50.866101785999945, -17.795766852999975, 0.0 ], [ -50.869214235999948, -17.796571763999964, 0.0 ], [ -50.870551312999964, -17.79675726399995, 0.0 ], [ -50.873267615999964, -17.793313366999939, 0.0 ], [ -50.875111550999975, -17.790976490999981, 0.0 ], [ -50.875040998999964, -17.790920203999974, 0.0 ], [ -50.874967764999951, -17.790867153999955, 0.0 ], [ -50.874941962999969, -17.790850147999947, 0.0 ], [ -50.874907735999955, -17.790828750999935, 0.0 ], [ -50.874893644999986, -17.790819854999938, 0.0 ], [ -50.874865618999934, -17.79080083599996, 0.0 ], [ -50.874809092999953, -17.790759274999971, 0.0 ], [ -50.87477469199996, -17.790732099999957, 0.0 ], [ -50.874741598999947, -17.790703471999961, 0.0 ], [ -50.874720251999975, -17.790682831999959, 0.0 ], [ -50.874700374999975, -17.790660885999955, 0.0 ], [ -50.874690467999983, -17.790648850999958, 0.0 ], [ -50.874688486999958, -17.790646023999955, 0.0 ], [ -50.874685135999982, -17.790640128999939, 0.0 ], [ -50.874682934999953, -17.790635512999927, 0.0 ], [ -50.874678920999941, -17.790625511999963, 0.0 ], [ -50.874676324999939, -17.790617917999953, 0.0 ], [ -50.874675466999975, -17.790615112999944, 0.0 ], [ -50.874675377999949, -17.790614796999932, 0.0 ], [ -50.874674511999956, -17.790611272999968, 0.0 ], [ -50.87466749999993, -17.790581590999977, 0.0 ], [ -50.874658732999933, -17.790544222999927, 0.0 ], [ -50.874654993999968, -17.790528334999976, 0.0 ], [ -50.874647813999957, -17.79049847899995, 0.0 ], [ -50.874635772999966, -17.790448717999936, 0.0 ], [ -50.874630812999953, -17.790427919999956, 0.0 ], [ -50.874628510999969, -17.790418115999955, 0.0 ], [ -50.874626972999977, -17.790411215999939, 0.0 ], [ -50.874624009999934, -17.790397017999965, 0.0 ], [ -50.87461828499994, -17.790368060999981, 0.0 ], [ -50.874609394999936, -17.790320616999963, 0.0 ], [ -50.874605895999935, -17.790301466999949, 0.0 ], [ -50.874603757999978, -17.790289649999977, 0.0 ], [ -50.874601974999962, -17.790279525999949, 0.0 ], [ -50.874599106999938, -17.79026268399997, 0.0 ], [ -50.874597100999949, -17.790249578999976, 0.0 ], [ -50.874595045999968, -17.790233286999978, 0.0 ], [ -50.874593642999969, -17.790218738999954, 0.0 ], [ -50.874592826999958, -17.790205130999937, 0.0 ], [ -50.874592577999977, -17.790197794999926, 0.0 ], [ -50.874592539999981, -17.790194293999946, 0.0 ], [ -50.874592607999944, -17.790190709999933, 0.0 ], [ -50.874592752999945, -17.790187914999933, 0.0 ], [ -50.874593015999949, -17.790185111999961, 0.0 ], [ -50.874593619999985, -17.790180540999927, 0.0 ], [ -50.874594757999944, -17.790173631999949, 0.0 ], [ -50.874596989999986, -17.790162145999943, 0.0 ], [ -50.874599725999985, -17.790149480999958, 0.0 ], [ -50.874603418999982, -17.790133795999964, 0.0 ], [ -50.874607639999965, -17.79011732999993, 0.0 ], [ -50.874614767999958, -17.790091535999977, 0.0 ], [ -50.874624368999946, -17.790059240999938, 0.0 ], [ -50.874636897999949, -17.79002025799997, 0.0 ], [ -50.874654474999943, -17.789968950999935, 0.0 ], [ -50.874674221999953, -17.789914488999955, 0.0 ], [ -50.87468953299998, -17.789873781999972, 0.0 ], [ -50.874702737999939, -17.789839423999979, 0.0 ], [ -50.87471667799997, -17.789804231999938, 0.0 ], [ -50.874724248999939, -17.789786104999962, 0.0 ], [ -50.874736417999941, -17.789759655999944, 0.0 ], [ -50.874757632999945, -17.789714696999965, 0.0 ], [ -50.874777629999983, -17.78967030299998, 0.0 ], [ -50.874780056999953, -17.789664381999955, 0.0 ], [ -50.874783725999976, -17.789654601999928, 0.0 ], [ -50.87479032799996, -17.789636998999981, 0.0 ], [ -50.874801094999953, -17.789608288999943, 0.0 ], [ -50.87480348899993, -17.789601920999928, 0.0 ], [ -50.874805882999965, -17.78959555199998, 0.0 ], [ -50.874807387999965, -17.78959154699993, 0.0 ], [ -50.874808496999947, -17.789588591999973, 0.0 ], [ -50.874808882999957, -17.789587371999971, 0.0 ], [ -50.874809707999987, -17.789583928999946, 0.0 ], [ -50.874811077999937, -17.789576176999958, 0.0 ], [ -50.874813770999936, -17.789553620999982, 0.0 ], [ -50.874815292999983, -17.789538553999932, 0.0 ], [ -50.874816291999934, -17.789527670999973, 0.0 ], [ -50.874817075999943, -17.789516932999959, 0.0 ], [ -50.874818085999948, -17.789497557999937, 0.0 ], [ -50.874818318999985, -17.789477900999941, 0.0 ], [ -50.874817140999937, -17.789452228999949, 0.0 ], [ -50.874814331999971, -17.789424408999935, 0.0 ], [ -50.87480912999996, -17.789391074999969, 0.0 ], [ -50.874802508999949, -17.789356595999948, 0.0 ], [ -50.874797716999979, -17.789334793999956, 0.0 ], [ -50.874790154999971, -17.78930403499993, 0.0 ], [ -50.874784834999957, -17.789284234999968, 0.0 ], [ -50.874780137999949, -17.789268044999972, 0.0 ], [ -50.874775580999938, -17.789253129999963, 0.0 ], [ -50.874771499999952, -17.789240703999951, 0.0 ], [ -50.874770357999978, -17.789237919999948, 0.0 ], [ -50.874768587999938, -17.789234417999978, 0.0 ], [ -50.874764400999936, -17.789226371999973, 0.0 ], [ -50.874761165999985, -17.789219955999954, 0.0 ], [ -50.874759162999965, -17.789215888999934, 0.0 ], [ -50.874757885999941, -17.789212865999957, 0.0 ], [ -50.874756935999983, -17.78920973399994, 0.0 ], [ -50.87475337799998, -17.789192451999952, 0.0 ], [ -50.874747167999942, -17.789150677999942, 0.0 ], [ -50.874738944999933, -17.789082940999947, 0.0 ], [ -50.874734062999948, -17.789038948999973, 0.0 ], [ -50.874732346999963, -17.789023499999928, 0.0 ], [ -50.874729947999981, -17.789001953999957, 0.0 ], [ -50.874728240999957, -17.788986632999979, 0.0 ], [ -50.874723754999934, -17.788948546999961, 0.0 ], [ -50.874716450999983, -17.788887766999949, 0.0 ], [ -50.874713421999957, -17.788860804999956, 0.0 ], [ -50.874712263999982, -17.788849159999927, 0.0 ], [ -50.874711708999939, -17.788841653999953, 0.0 ], [ -50.874711254999966, -17.78883155699998, 0.0 ], [ -50.874710749999963, -17.788809805999961, 0.0 ], [ -50.874710486999959, -17.788775366999971, 0.0 ], [ -50.874710465999954, -17.788760736999961, 0.0 ], [ -50.874710464999964, -17.788757431999954, 0.0 ], [ -50.874710476999951, -17.788747291999982, 0.0 ], [ -50.874710513999958, -17.788736000999961, 0.0 ], [ -50.874710557999947, -17.788732219999929, 0.0 ], [ -50.874710826999944, -17.788719138999966, 0.0 ], [ -50.874711058999935, -17.788712858999929, 0.0 ], [ -50.874711509999941, -17.788705872999969, 0.0 ], [ -50.874712126999952, -17.788701383999978, 0.0 ], [ -50.874714049999966, -17.788693089999981, 0.0 ], [ -50.874718774999963, -17.788678058999949, 0.0 ], [ -50.874734006999972, -17.788638391999939, 0.0 ], [ -50.874749977999954, -17.788599513999941, 0.0 ], [ -50.874757867999961, -17.788581337999972, 0.0 ], [ -50.874767209999959, -17.788561321999964, 0.0 ], [ -50.874771470999974, -17.788553200999957, 0.0 ], [ -50.874776045999965, -17.788545385999953, 0.0 ], [ -50.874789904999943, -17.788522664999959, 0.0 ], [ -50.874802717999955, -17.788502297999969, 0.0 ], [ -50.87481889999998, -17.788476684999978, 0.0 ], [ -50.874840375999952, -17.788439635999964, 0.0 ], [ -50.874855866999951, -17.788408126999968, 0.0 ], [ -50.874862703999952, -17.788391584999943, 0.0 ], [ -50.874864569999943, -17.78838533499993, 0.0 ], [ -50.874866482999948, -17.788376383999946, 0.0 ], [ -50.874869546999946, -17.788361537999947, 0.0 ], [ -50.874874020999982, -17.788338737999936, 0.0 ], [ -50.874875052999982, -17.788334157999941, 0.0 ], [ -50.87487591699994, -17.788330899999949, 0.0 ], [ -50.874878084999978, -17.78832276299994, 0.0 ], [ -50.874878838999962, -17.788319920999982, 0.0 ], [ -50.874880814999983, -17.788312456999961, 0.0 ], [ -50.87488424999998, -17.788297540999963, 0.0 ], [ -50.874888715999987, -17.788272208999956, 0.0 ], [ -50.874892118999981, -17.788245986999982, 0.0 ], [ -50.87489495899996, -17.788211802999967, 0.0 ], [ -50.874896485999955, -17.788183090999951, 0.0 ], [ -50.874896913999976, -17.78816695699993, 0.0 ], [ -50.874896853999985, -17.788146236999978, 0.0 ], [ -50.874896482999986, -17.788138472999947, 0.0 ], [ -50.87489554299998, -17.788126930999965, 0.0 ], [ -50.874893095999937, -17.788097348999941, 0.0 ], [ -50.874890612999934, -17.788067706999982, 0.0 ], [ -50.874889535999955, -17.788054703999933, 0.0 ], [ -50.874888877999979, -17.788044299999967, 0.0 ], [ -50.874887472999944, -17.788009001999967, 0.0 ], [ -50.874886808999975, -17.787987578999946, 0.0 ], [ -50.874886366999931, -17.787968967999973, 0.0 ], [ -50.874886188999938, -17.787950592999948, 0.0 ], [ -50.874886380999953, -17.787931513999979, 0.0 ], [ -50.874886816999947, -17.787918668999964, 0.0 ], [ -50.87488753599996, -17.787907588999929, 0.0 ], [ -50.874888399999975, -17.787898681999934, 0.0 ], [ -50.874889644999939, -17.78788891499994, 0.0 ], [ -50.874891623999986, -17.78787631199998, 0.0 ], [ -50.874894534999953, -17.787860505999959, 0.0 ], [ -50.874898050999946, -17.787843491999979, 0.0 ], [ -50.874905794999961, -17.78780864099997, 0.0 ], [ -50.874923280999951, -17.787734642999965, 0.0 ], [ -50.874946724999973, -17.787641812999937, 0.0 ], [ -50.874972603999936, -17.787546010999961, 0.0 ], [ -50.875000201999967, -17.787444083999958, 0.0 ], [ -50.875020727999981, -17.787364189999948, 0.0 ], [ -50.875025820999952, -17.787342739999929, 0.0 ], [ -50.875031775999958, -17.787315208999928, 0.0 ], [ -50.875040099999978, -17.787274828999955, 0.0 ], [ -50.875058675999981, -17.787182392999966, 0.0 ], [ -50.875066982999954, -17.787140330999932, 0.0 ], [ -50.875072338999985, -17.787112829999955, 0.0 ], [ -50.875080921999938, -17.787068593999948, 0.0 ], [ -50.875085704999947, -17.78704371799995, 0.0 ], [ -50.87510182099993, -17.786959066999941, 0.0 ], [ -50.875112046999959, -17.786902312999928, 0.0 ], [ -50.875116179999964, -17.786874820999969, 0.0 ], [ -50.875117423999939, -17.786862390999943, 0.0 ], [ -50.875117540999952, -17.786855351999975, 0.0 ], [ -50.875117330999956, -17.786851112999955, 0.0 ], [ -50.875117023999962, -17.786847087999945, 0.0 ], [ -50.875115003999952, -17.78682785999996, 0.0 ], [ -50.875108077999982, -17.786772680999945, 0.0 ], [ -50.875101940999969, -17.786726744999953, 0.0 ], [ -50.875096624999969, -17.786688724999976, 0.0 ], [ -50.875090934999946, -17.78665574799993, 0.0 ], [ -50.875088232999985, -17.786637558999928, 0.0 ], [ -50.875087428999962, -17.78662858399997, 0.0 ], [ -50.875078985999949, -17.786527097999965, 0.0 ], [ -50.875073808999957, -17.786463691999927, 0.0 ], [ -50.875066790999938, -17.786377447999939, 0.0 ], [ -50.875066543999935, -17.786374538999951, 0.0 ], [ -50.875057851999941, -17.786303275999956, 0.0 ], [ -50.875043981999966, -17.78623276899998, 0.0 ], [ -50.875033705999954, -17.786177099999975, 0.0 ], [ -50.875028844999974, -17.78612076099995, 0.0 ], [ -50.875027268999986, -17.786061190999931, 0.0 ], [ -50.875025463999975, -17.785897233999947, 0.0 ], [ -50.875025854999933, -17.785722997999926, 0.0 ], [ -50.875025670999946, -17.785599201999958, 0.0 ], [ -50.875021941999933, -17.785527811999941, 0.0 ], [ -50.874994080999954, -17.785249338999961, 0.0 ], [ -50.874980558999937, -17.785137107999958, 0.0 ], [ -50.874964673999955, -17.785025160999965, 0.0 ], [ -50.872193381999978, -17.784300635999955, 0.0 ], [ -50.872228723999967, -17.784194679999928, 0.0 ], [ -50.872268708999968, -17.784090250999952, 0.0 ], [ -50.872313267999971, -17.783987533999948, 0.0 ], [ -50.872362319999979, -17.783886713999948, 0.0 ], [ -50.872415777999947, -17.783787970999981, 0.0 ], [ -50.870090760999972, -17.781818116999943, 0.0 ], [ -50.869731555999977, -17.782116893999955, 0.0 ] ] ] ] } },
{ "type": "Feature", "properties": { "OID_": 0, "Name": "Placemark", "FolderPath": "Document", "SymbolID": 0, "AltMode": 0, "Base": 0.0, "Clamped": -1, "Extruded": 0, "Snippet": null, "PopupInfo": "<html xmlns:fo=\"http://www.w3.org/1999/XSL/Format\" xmlns:msxsl=\"urn:schemas-microsoft-com:xslt\"><head><META http-equiv=\"Content-Type\" content=\"text/html\"><meta http-equiv=\"content-type\" content=\"text/html; charset=UTF-8\"></head><body style=\"margin:0px 0p", "Shape_Leng": 0.03768186902, "Shape_Area": 5.049803e-05 }, "geometry": { "type": "MultiPolygon", "coordinates": [ [ [ [ -50.967648463999979, -17.872075175999953, 0.0 ], [ -50.96740220099997, -17.872071628999947, 0.0 ], [ -50.966714466999974, -17.871992959999943, 0.0 ], [ -50.965797266999971, -17.871974517999945, 0.0 ], [ -50.963824496999962, -17.871952170999975, 0.0 ], [ -50.963900115999934, -17.872165361999976, 0.0 ], [ -50.963968608999949, -17.872380748999944, 0.0 ], [ -50.964029902999982, -17.872598115999949, 0.0 ], [ -50.964083938999977, -17.872817242999929, 0.0 ], [ -50.964130659999967, -17.873037904999933, 0.0 ], [ -50.964170018999937, -17.873259879999978, 0.0 ], [ -50.964437782999937, -17.87493931299997, 0.0 ], [ -50.964622708999968, -17.876099158999978, 0.0 ], [ -50.965103530999954, -17.879114776999927, 0.0 ], [ -50.965135578999934, -17.879298236999944, 0.0 ], [ -50.965173806999985, -17.879480609999973, 0.0 ], [ -50.965218172999982, -17.879661702999954, 0.0 ], [ -50.965268631999948, -17.879841326999951, 0.0 ], [ -50.96532512999994, -17.880019295999944, 0.0 ], [ -50.965387608999947, -17.880195421999929, 0.0 ], [ -50.965456003999975, -17.880369521999967, 0.0 ], [ -50.965530241999943, -17.880541412999946, 0.0 ], [ -50.965610246999972, -17.880710914999952, 0.0 ], [ -50.965695932999949, -17.880877851999969, 0.0 ], [ -50.972404764999965, -17.881873932999952, 0.0 ], [ -50.972334062999948, -17.881728080999949, 0.0 ], [ -50.972295866999957, -17.881430619999946, 0.0 ], [ -50.972245386999987, -17.881228559999954, 0.0 ], [ -50.972289994999983, -17.880995546999941, 0.0 ], [ -50.97218879899998, -17.880514716999983, 0.0 ], [ -50.972249029999944, -17.880243709999945, 0.0 ], [ -50.972158014999934, -17.880028608999964, 0.0 ], [ -50.972079428999962, -17.879839644999947, 0.0 ], [ -50.972153661999982, -17.879659371999935, 0.0 ], [ -50.972199930999977, -17.879424184999948, 0.0 ], [ -50.972141118999957, -17.879328357999952, 0.0 ], [ -50.972128023999971, -17.87925811599996, 0.0 ], [ -50.97208046999998, -17.879201947999945, 0.0 ], [ -50.972025286999951, -17.879121598999973, 0.0 ], [ -50.972022430999971, -17.879083247999972, 0.0 ], [ -50.971973662999972, -17.879009953999969, 0.0 ], [ -50.971925760999966, -17.878980998999964, 0.0 ], [ -50.971897746999957, -17.878957491999927, 0.0 ], [ -50.971868358999984, -17.87896163399995, 0.0 ], [ -50.971752977999984, -17.879016754999952, 0.0 ], [ -50.971677384999964, -17.879041159999929, 0.0 ], [ -50.97164487699996, -17.879056333999927, 0.0 ], [ -50.971571857999947, -17.879057407999937, 0.0 ], [ -50.971064068999965, -17.87909192799998, 0.0 ], [ -50.970466097999974, -17.878931825999928, 0.0 ], [ -50.967254865999962, -17.875470420999932, 0.0 ], [ -50.967377889999966, -17.875391130999958, 0.0 ], [ -50.970453577999933, -17.87471962799998, 0.0 ], [ -50.970192915999974, -17.872072335999974, 0.0 ], [ -50.970056133999947, -17.87207112599998, 0.0 ], [ -50.969690037999953, -17.871968537999976, 0.0 ], [ -50.969591124999965, -17.871948603999954, 0.0 ], [ -50.969445314999973, -17.872035184999959, 0.0 ], [ -50.969196283999963, -17.872040724999977, 0.0 ], [ -50.968602822999969, -17.871841470999982, 0.0 ], [ -50.967648463999979, -17.872075175999953, 0.0 ] ] ] ] } },
{ "type": "Feature", "properties": { "OID_": 0, "Name": "Placemark", "FolderPath": "Document", "SymbolID": 0, "AltMode": 0, "Base": 0.0, "Clamped": -1, "Extruded": 0, "Snippet": null, "PopupInfo": "<html xmlns:fo=\"http://www.w3.org/1999/XSL/Format\" xmlns:msxsl=\"urn:schemas-microsoft-com:xslt\"><head><META http-equiv=\"Content-Type\" content=\"text/html\"><meta http-equiv=\"content-type\" content=\"text/html; charset=UTF-8\"></head><body style=\"margin:0px 0p", "Shape_Leng": 0.01472686151, "Shape_Area": 1.35854e-05 }, "geometry": { "type": "MultiPolygon", "coordinates": [ [ [ [ -50.923337115999971, -17.829147815999931, 0.0 ], [ -50.923405779999939, -17.829386330999967, 0.0 ], [ -50.923410779999983, -17.829400679999935, 0.0 ], [ -50.923416201999942, -17.829415697999934, 0.0 ], [ -50.923421789999963, -17.829430627999955, 0.0 ], [ -50.923427538999931, -17.829445469999939, 0.0 ], [ -50.923433447999969, -17.829460224999934, 0.0 ], [ -50.923439513999938, -17.82947489299994, 0.0 ], [ -50.923445734999973, -17.829489475999935, 0.0 ], [ -50.923452108999982, -17.829503974999966, 0.0 ], [ -50.923458631999949, -17.829518390999965, 0.0 ], [ -50.923465304999979, -17.829532725999968, 0.0 ], [ -50.923472122999954, -17.829546978999929, 0.0 ], [ -50.92347908499994, -17.82956115199994, 0.0 ], [ -50.92348618799997, -17.829575244999944, 0.0 ], [ -50.923493429999951, -17.829589260999967, 0.0 ], [ -50.923500808999961, -17.829603199999951, 0.0 ], [ -50.923508321999975, -17.829617062999944, 0.0 ], [ -50.923515966999958, -17.829630849999944, 0.0 ], [ -50.923523741999986, -17.829644563999977, 0.0 ], [ -50.923531645999958, -17.829658203999941, 0.0 ], [ -50.923539673999983, -17.829671771999926, 0.0 ], [ -50.923547824999957, -17.82968526999997, 0.0 ], [ -50.92355609699996, -17.82969869599998, 0.0 ], [ -50.923564486999965, -17.82971205399997, 0.0 ], [ -50.923572992999937, -17.829725344999929, 0.0 ], [ -50.923581613999943, -17.829738567999982, 0.0 ], [ -50.923590346999958, -17.829751724999937, 0.0 ], [ -50.923599186999979, -17.829764816999955, 0.0 ], [ -50.923608136999974, -17.829777843999977, 0.0 ], [ -50.923617189999959, -17.829790808999974, 0.0 ], [ -50.923626344999946, -17.829803711999944, 0.0 ], [ -50.923635600999944, -17.829816552999944, 0.0 ], [ -50.923644955999976, -17.829829334999943, 0.0 ], [ -50.923654404999979, -17.829842056999951, 0.0 ], [ -50.923663948999945, -17.829854721999936, 0.0 ], [ -50.923673581999935, -17.829867328999967, 0.0 ], [ -50.92368330499994, -17.829879880999954, 0.0 ], [ -50.923693114999935, -17.829892376999965, 0.0 ], [ -50.923703008999951, -17.829904818999978, 0.0 ], [ -50.923712983999962, -17.829917207999927, 0.0 ], [ -50.923723038999981, -17.82992954499997, 0.0 ], [ -50.92373317199997, -17.829941830999928, 0.0 ], [ -50.923743379999962, -17.82995406699996, 0.0 ], [ -50.923753659999932, -17.829966253999942, 0.0 ], [ -50.923764010999946, -17.829978392999976, 0.0 ], [ -50.923774431999959, -17.829990484999939, 0.0 ], [ -50.923784916999978, -17.830002530999934, 0.0 ], [ -50.923795465999945, -17.83001453199995, 0.0 ], [ -50.923806075999948, -17.83002648799993, 0.0 ], [ -50.923816745999943, -17.830038401999957, 0.0 ], [ -50.923827471999971, -17.830050273999973, 0.0 ], [ -50.923838253999975, -17.830062103999978, 0.0 ], [ -50.923849086999951, -17.830073894999941, 0.0 ], [ -50.923859969999967, -17.83008564599993, 0.0 ], [ -50.923870901999976, -17.830097358999978, 0.0 ], [ -50.923881877999975, -17.830109035999953, 0.0 ], [ -50.923892897999963, -17.830120675999979, 0.0 ], [ -50.923903958999972, -17.830132281999965, 0.0 ], [ -50.923915057999977, -17.830143852999981, 0.0 ], [ -50.923926193999932, -17.830155391999938, 0.0 ], [ -50.923937362999936, -17.830166897999959, 0.0 ], [ -50.923948564999932, -17.830178372999967, 0.0 ], [ -50.923959794999973, -17.830189817999951, 0.0 ], [ -50.923971053999935, -17.830201233999958, 0.0 ], [ -50.923982336999984, -17.830212621999976, 0.0 ], [ -50.92399364299996, -17.830223983999929, 0.0 ], [ -50.924004968999952, -17.83023531799995, 0.0 ], [ -50.92401631499996, -17.830246627999941, 0.0 ], [ -50.924027680999984, -17.830257911999979, 0.0 ], [ -50.924039066999967, -17.830269170999941, 0.0 ], [ -50.924050471999976, -17.830280405999929, 0.0 ], [ -50.924061896999945, -17.830291615999954, 0.0 ], [ -50.92407333899996, -17.830302801999949, 0.0 ], [ -50.924084799999946, -17.83031396399997, 0.0 ], [ -50.924096278999968, -17.83032510299995, 0.0 ], [ -50.924107775999971, -17.830336219999936, 0.0 ], [ -50.924119290999954, -17.830347313999937, 0.0 ], [ -50.924130821999938, -17.830358384999954, 0.0 ], [ -50.924142371999949, -17.830369433999977, 0.0 ], [ -50.924153936999971, -17.830380461999937, 0.0 ], [ -50.924165518999985, -17.830391468999949, 0.0 ], [ -50.924177116999942, -17.830402454999955, 0.0 ], [ -50.924188729999969, -17.830413418999967, 0.0 ], [ -50.924200359999986, -17.830424364999942, 0.0 ], [ -50.924212005999948, -17.830435288999979, 0.0 ], [ -50.924223664999943, -17.830446193999933, 0.0 ], [ -50.924235338999949, -17.830457079999974, 0.0 ], [ -50.924247028999957, -17.830467947999978, 0.0 ], [ -50.924258732999931, -17.830478796999955, 0.0 ], [ -50.924270449999938, -17.830489626999963, 0.0 ], [ -50.924282180999967, -17.83050043999998, 0.0 ], [ -50.924293924999972, -17.83051123599995, 0.0 ], [ -50.924305682999943, -17.83052201299995, 0.0 ], [ -50.924317451999968, -17.830532774999938, 0.0 ], [ -50.924329234999959, -17.830543519999935, 0.0 ], [ -50.924341029999937, -17.830554248999931, 0.0 ], [ -50.924352835999969, -17.830564960999936, 0.0 ], [ -50.924364654999977, -17.830575658999976, 0.0 ], [ -50.924376485999971, -17.830586340999957, 0.0 ], [ -50.924388326999974, -17.830597008999973, 0.0 ], [ -50.924400177999985, -17.830607661999977, 0.0 ], [ -50.924412040999982, -17.830618300999959, 0.0 ], [ -50.924423912999941, -17.830628925999974, 0.0 ], [ -50.924435795999955, -17.830639536999968, 0.0 ], [ -50.924447688999976, -17.830650135999974, 0.0 ], [ -50.924459589999969, -17.830660722999937, 0.0 ], [ -50.924471500999971, -17.830671295999935, 0.0 ], [ -50.92448342199998, -17.830681857999934, 0.0 ], [ -50.924495349999972, -17.830692406999958, 0.0 ], [ -50.924507286999983, -17.830702945999974, 0.0 ], [ -50.924519231999966, -17.830713472999946, 0.0 ], [ -50.924531184999978, -17.830723990999957, 0.0 ], [ -50.924543144999973, -17.83073449699998, 0.0 ], [ -50.92455511299994, -17.830744993999929, 0.0 ], [ -50.924567086999957, -17.830755480999926, 0.0 ], [ -50.924579067999957, -17.830765958999962, 0.0 ], [ -50.924591054999951, -17.830776426999932, 0.0 ], [ -50.924603047999938, -17.830786885999942, 0.0 ], [ -50.924615047999964, -17.830797337999968, 0.0 ], [ -50.924627052999938, -17.830807781999965, 0.0 ], [ -50.924639062999972, -17.830818217999933, 0.0 ], [ -50.924651077999954, -17.830828646999976, 0.0 ], [ -50.92466309699995, -17.830839068999978, 0.0 ], [ -50.92467512199994, -17.830849483999941, 0.0 ], [ -50.924687149999954, -17.830859892999968, 0.0 ], [ -50.924699182999973, -17.830870295999944, 0.0 ], [ -50.92471121799997, -17.830880693999973, 0.0 ], [ -50.924723256999982, -17.830891086999941, 0.0 ], [ -50.924735298999963, -17.830901473999972, 0.0 ], [ -50.924747343999968, -17.830911856999933, 0.0 ], [ -50.924759390999952, -17.830922235999935, 0.0 ], [ -50.924771440999962, -17.830932609999934, 0.0 ], [ -50.92478349199996, -17.830942981999954, 0.0 ], [ -50.924795544999938, -17.830953349999959, 0.0 ], [ -50.924819654999965, -17.83097407799994, 0.0 ], [ -50.92484376699997, -17.830994797999949, 0.0 ], [ -50.924940204999984, -17.831077645999926, 0.0 ], [ -50.924964299999942, -17.831098362999967, 0.0 ], [ -50.924976343999958, -17.831108724999979, 0.0 ], [ -50.924988384999949, -17.83111908799998, 0.0 ], [ -50.925000421999982, -17.831129454999939, 0.0 ], [ -50.92501245699998, -17.831139823999933, 0.0 ], [ -50.925024487999963, -17.831150196999943, 0.0 ], [ -50.925036513999942, -17.831160572999977, 0.0 ], [ -50.925048536999952, -17.831170953999958, 0.0 ], [ -50.925060554999959, -17.831181338999954, 0.0 ], [ -50.925072567999962, -17.831191727999965, 0.0 ], [ -50.925084575999961, -17.831202121999979, 0.0 ], [ -50.925096578999955, -17.83121252199993, 0.0 ], [ -50.925108575999957, -17.831222927999931, 0.0 ], [ -50.925120566999965, -17.831233338999937, 0.0 ], [ -50.92513255199998, -17.831243756999982, 0.0 ], [ -50.925144529999955, -17.831254180999963, 0.0 ], [ -50.925156501999936, -17.831264612999973, 0.0 ], [ -50.925168465999946, -17.831275051999967, 0.0 ], [ -50.925180423999961, -17.831285497999943, 0.0 ], [ -50.925192373999948, -17.831295952999938, 0.0 ], [ -50.925204314999974, -17.831306416999951, 0.0 ], [ -50.925216248999959, -17.831316888999936, 0.0 ], [ -50.925228173999983, -17.83132736999994, 0.0 ], [ -50.925240090999978, -17.831337859999962, 0.0 ], [ -50.925251997999965, -17.831348360999982, 0.0 ], [ -50.925263895999933, -17.831358870999964, 0.0 ], [ -50.92527578499994, -17.831369391999942, 0.0 ], [ -50.925287662999949, -17.831379923999975, 0.0 ], [ -50.925299532999986, -17.831390466999949, 0.0 ], [ -50.92531139099998, -17.831401021999966, 0.0 ], [ -50.925323237999976, -17.83141158799998, 0.0 ], [ -50.925335075999953, -17.831422165999982, 0.0 ], [ -50.925346900999955, -17.831432756999959, 0.0 ], [ -50.925358714999959, -17.83144336099997, 0.0 ], [ -50.925370515999987, -17.831453977999956, 0.0 ], [ -50.92538230699995, -17.831464608999966, 0.0 ], [ -50.925394084999937, -17.831475252999951, 0.0 ], [ -50.925405848999958, -17.831485910999959, 0.0 ], [ -50.925417601999982, -17.831496584999968, 0.0 ], [ -50.925429340999983, -17.831507271999953, 0.0 ], [ -50.925441065999962, -17.83151797599993, 0.0 ], [ -50.925452777999965, -17.831528694999975, 0.0 ], [ -50.925464475999945, -17.831539429999964, 0.0 ], [ -50.92547615999996, -17.831550180999955, 0.0 ], [ -50.925487827999973, -17.831560948999936, 0.0 ], [ -50.925499482999953, -17.831571733999965, 0.0 ], [ -50.925511120999943, -17.831582534999939, 0.0 ], [ -50.925522591999936, -17.831593212999962, 0.0 ], [ -50.925534046999985, -17.831603905999941, 0.0 ], [ -50.925545488999944, -17.831614614999978, 0.0 ], [ -50.925556916999938, -17.831625340999949, 0.0 ], [ -50.925568332999944, -17.831636079999953, 0.0 ], [ -50.925579734999985, -17.831646834999958, 0.0 ], [ -50.925591124999983, -17.831657603999929, 0.0 ], [ -50.925602502999936, -17.831668384999944, 0.0 ], [ -50.925613870999939, -17.831679179999981, 0.0 ], [ -50.925625226999955, -17.831689987999937, 0.0 ], [ -50.925636572999963, -17.831700806999947, 0.0 ], [ -50.925647909999952, -17.831711636999955, 0.0 ], [ -50.925659235999944, -17.831722477999961, 0.0 ], [ -50.925670553999964, -17.831733328999974, 0.0 ], [ -50.925681862999966, -17.831744188999949, 0.0 ], [ -50.925693164999984, -17.831755058999931, 0.0 ], [ -50.925704458999974, -17.831765937999933, 0.0 ], [ -50.925715744999934, -17.831776823999974, 0.0 ], [ -50.925727025999947, -17.83178771799993, 0.0 ], [ -50.925738299999978, -17.831798619999972, 0.0 ], [ -50.925749568999947, -17.831809527999951, 0.0 ], [ -50.92576083199998, -17.831820440999934, 0.0 ], [ -50.925772090999942, -17.831831358999978, 0.0 ], [ -50.925783345999946, -17.831842282999958, 0.0 ], [ -50.925794595999946, -17.831853210999952, 0.0 ], [ -50.925805843999967, -17.831864141999972, 0.0 ], [ -50.925817087999974, -17.83187507699995, 0.0 ], [ -50.925828329999945, -17.831886014999952, 0.0 ], [ -50.925873285999955, -17.831929781999975, 0.0 ], [ -50.926077985999939, -17.83217098199998, 0.0 ], [ -50.926710103999937, -17.831515268999965, 0.0 ], [ -50.926827174999971, -17.831393826999943, 0.0 ], [ -50.927136215999951, -17.831067669999982, 0.0 ], [ -50.927390678999984, -17.830799111999966, 0.0 ], [ -50.927639796999983, -17.830536191999954, 0.0 ], [ -50.928070327999933, -17.830081808999978, 0.0 ], [ -50.928184218999945, -17.829979763999972, 0.0 ], [ -50.928668459999983, -17.829545886999938, 0.0 ], [ -50.926561779999986, -17.827220026999953, 0.0 ], [ -50.923806743999933, -17.828948828999955, 0.0 ], [ -50.923421704999953, -17.829116777999957, 0.0 ], [ -50.923337115999971, -17.829147815999931, 0.0 ] ] ] ] } },
{ "type": "Feature", "properties": { "OID_": 0, "Name": "Placemark", "FolderPath": "Document", "SymbolID": 0, "AltMode": 0, "Base": 0.0, "Clamped": -1, "Extruded": 0, "Snippet": null, "PopupInfo": "<html xmlns:fo=\"http://www.w3.org/1999/XSL/Format\" xmlns:msxsl=\"urn:schemas-microsoft-com:xslt\"><head><META http-equiv=\"Content-Type\" content=\"text/html\"><meta http-equiv=\"content-type\" content=\"text/html; charset=UTF-8\"></head><body style=\"margin:0px 0p", "Shape_Leng": 0.03204853025, "Shape_Area": 4.301734e-05 }, "geometry": { "type": "MultiPolygon", "coordinates": [ [ [ [ -50.926894279999942, -17.820432861999961, 0.0 ], [ -50.923611349999931, -17.823035757999946, 0.0 ], [ -50.923619303999942, -17.823045046999937, 0.0 ], [ -50.924199027999975, -17.823663668999927, 0.0 ], [ -50.924503455999968, -17.823987351999961, 0.0 ], [ -50.925039165999976, -17.824572948999958, 0.0 ], [ -50.924371143999963, -17.825141581999958, 0.0 ], [ -50.923197358999971, -17.826140900999974, 0.0 ], [ -50.921945997999956, -17.827206486999955, 0.0 ], [ -50.922027293999975, -17.827313235999952, 0.0 ], [ -50.922028765999983, -17.827317015999938, 0.0 ], [ -50.922030251999956, -17.827320786999962, 0.0 ], [ -50.922031751999953, -17.827324547999979, 0.0 ], [ -50.922033264999982, -17.827328300999966, 0.0 ], [ -50.922034789999941, -17.827332044999935, 0.0 ], [ -50.922036326999944, -17.827335780999931, 0.0 ], [ -50.922037875999933, -17.827339509999945, 0.0 ], [ -50.922039434999931, -17.827343230999929, 0.0 ], [ -50.922041003999936, -17.827346945999977, 0.0 ], [ -50.92204258299995, -17.827350653999929, 0.0 ], [ -50.922044170999982, -17.827354355999944, 0.0 ], [ -50.922045766999986, -17.827358052999955, 0.0 ], [ -50.922047369999973, -17.827361743999973, 0.0 ], [ -50.922048982999968, -17.827365429999929, 0.0 ], [ -50.922050599999977, -17.827369110999939, 0.0 ], [ -50.922052224999959, -17.82737278899998, 0.0 ], [ -50.922053854999945, -17.827376461999961, 0.0 ], [ -50.922055489999934, -17.827380131999973, 0.0 ], [ -50.922057128999938, -17.827383798999961, 0.0 ], [ -50.922058772999947, -17.827387463999969, 0.0 ], [ -50.922060418999934, -17.827391125999952, 0.0 ], [ -50.922062068999935, -17.827394785999957, 0.0 ], [ -50.922063720999972, -17.827398444999972, 0.0 ], [ -50.922065374999931, -17.827402101999951, 0.0 ], [ -50.922067029999937, -17.82740575899993, 0.0 ], [ -50.922068684999942, -17.827409414999977, 0.0 ], [ -50.922072962999948, -17.827423818999932, 0.0 ], [ -50.922077193999939, -17.827438207999933, 0.0 ], [ -50.922081418999937, -17.827452562999952, 0.0 ], [ -50.922085677999974, -17.827466864999963, 0.0 ], [ -50.92209000899993, -17.827481095999929, 0.0 ], [ -50.922094451999953, -17.827495236999937, 0.0 ], [ -50.92209904799995, -17.827509267999972, 0.0 ], [ -50.922103835999962, -17.827523170999939, 0.0 ], [ -50.92210885399993, -17.827536927999972, 0.0 ], [ -50.922114143999977, -17.827550518999942, 0.0 ], [ -50.922119743999986, -17.827563925999982, 0.0 ], [ -50.922125694999977, -17.827577127999973, 0.0 ], [ -50.922132034999947, -17.82759010999996, 0.0 ], [ -50.922138804999975, -17.827602849999948, 0.0 ], [ -50.92214604399993, -17.827615329999958, 0.0 ], [ -50.922153791999961, -17.827627531999951, 0.0 ], [ -50.922161205999942, -17.827638246999982, 0.0 ], [ -50.922169013999962, -17.827648751999959, 0.0 ], [ -50.922177167999962, -17.827659070999971, 0.0 ], [ -50.922185617999958, -17.827669233999927, 0.0 ], [ -50.922194316999935, -17.82767926899993, 0.0 ], [ -50.922203214999968, -17.827689201999931, 0.0 ], [ -50.922212264999985, -17.827699062999955, 0.0 ], [ -50.922221416999946, -17.827708878999942, 0.0 ], [ -50.922230622999962, -17.82771867799994, 0.0 ], [ -50.922239834999971, -17.827728487999934, 0.0 ], [ -50.922249002999934, -17.827738335999982, 0.0 ], [ -50.92225807899996, -17.827748250999946, 0.0 ], [ -50.922267015999978, -17.827758259999939, 0.0 ], [ -50.922275762999959, -17.827768391999939, 0.0 ], [ -50.922284272999946, -17.827778672999955, 0.0 ], [ -50.922292496999944, -17.827789133999943, 0.0 ], [ -50.922301216999983, -17.827800926999942, 0.0 ], [ -50.922309575999975, -17.827812942999969, 0.0 ], [ -50.922317622999969, -17.827825150999956, 0.0 ], [ -50.922325407999949, -17.827837521999982, 0.0 ], [ -50.922332977999986, -17.827850026999954, 0.0 ], [ -50.922340381999959, -17.827862633999928, 0.0 ], [ -50.922347668999976, -17.827875314999972, 0.0 ], [ -50.922354887999973, -17.827888040999937, 0.0 ], [ -50.922362085999964, -17.827900780999983, 0.0 ], [ -50.92236931399998, -17.82791350499997, 0.0 ], [ -50.922376619999966, -17.827926185999956, 0.0 ], [ -50.922384050999938, -17.827938790999951, 0.0 ], [ -50.922391656999935, -17.827951292999956, 0.0 ], [ -50.92239948699995, -17.827963659999966, 0.0 ], [ -50.922407588999931, -17.827975863999939, 0.0 ], [ -50.922416010999939, -17.827987874999963, 0.0 ], [ -50.922426422999933, -17.828001833999963, 0.0 ], [ -50.922437171999945, -17.828015586999982, 0.0 ], [ -50.922448074999977, -17.828029239999978, 0.0 ], [ -50.922458949999964, -17.828042898999968, 0.0 ], [ -50.922469616999933, -17.828056667999931, 0.0 ], [ -50.922479892999945, -17.828070654999976, 0.0 ], [ -50.922489594999945, -17.828084966999938, 0.0 ], [ -50.92249854399995, -17.828099706999978, 0.0 ], [ -50.922504721999985, -17.828111169999943, 0.0 ], [ -50.922510477999936, -17.828122869999959, 0.0 ], [ -50.922515921999945, -17.82813473899995, 0.0 ], [ -50.922521165999967, -17.828146708999952, 0.0 ], [ -50.922526319999974, -17.828158711999947, 0.0 ], [ -50.922531496999966, -17.828170679999971, 0.0 ], [ -50.922536805999982, -17.828182543999958, 0.0 ], [ -50.922542360999955, -17.828194236999934, 0.0 ], [ -50.92254752599996, -17.828204340999946, 0.0 ], [ -50.922552959999962, -17.828214263999939, 0.0 ], [ -50.922558655999978, -17.828224010999975, 0.0 ], [ -50.92256460599998, -17.828233587999932, 0.0 ], [ -50.922570801999939, -17.828242996999961, 0.0 ], [ -50.922577237999974, -17.828252242999952, 0.0 ], [ -50.922583905999943, -17.828261333999933, 0.0 ], [ -50.922590798999977, -17.828270270999951, 0.0 ], [ -50.922597910999968, -17.828279060999932, 0.0 ], [ -50.922605231999967, -17.828287706999959, 0.0 ], [ -50.922612757999957, -17.828296216999945, 0.0 ], [ -50.922620479999978, -17.828304591999938, 0.0 ], [ -50.922628389999943, -17.828312838999977, 0.0 ], [ -50.922636483999952, -17.828320961999964, 0.0 ], [ -50.92264475099995, -17.828328965999958, 0.0 ], [ -50.922653185999934, -17.828336855999964, 0.0 ], [ -50.922661781999977, -17.82834463599994, 0.0 ], [ -50.922670530999937, -17.828352311999936, 0.0 ], [ -50.922679424999956, -17.828359887999966, 0.0 ], [ -50.922688457999982, -17.828367367999931, 0.0 ], [ -50.92269762199993, -17.828374758999928, 0.0 ], [ -50.922706911999967, -17.828382062999935, 0.0 ], [ -50.922716317999971, -17.828389286999936, 0.0 ], [ -50.922725833999948, -17.828396433999956, 0.0 ], [ -50.922735451999984, -17.828403510999976, 0.0 ], [ -50.92274516599997, -17.828410519999977, 0.0 ], [ -50.922754967999936, -17.828417467999941, 0.0 ], [ -50.922764851999943, -17.82842435799995, 0.0 ], [ -50.922774808999975, -17.828431196999929, 0.0 ], [ -50.92278483299998, -17.828437988999951, 0.0 ], [ -50.922794915999987, -17.828444735999938, 0.0 ], [ -50.922805051999944, -17.828451446999964, 0.0 ], [ -50.922815231999948, -17.828458124999941, 0.0 ], [ -50.922825449999948, -17.82846477399994, 0.0 ], [ -50.922835698999961, -17.828471398999966, 0.0 ], [ -50.922845971999948, -17.828478004999965, 0.0 ], [ -50.922856259999946, -17.828484596999942, 0.0 ], [ -50.922866556999963, -17.828491180999947, 0.0 ], [ -50.922876856999949, -17.828497758999958, 0.0 ], [ -50.922887150999941, -17.828504337999959, 0.0 ], [ -50.922897430999967, -17.828510921999964, 0.0 ], [ -50.922907692999956, -17.82851751499993, 0.0 ], [ -50.922917927999947, -17.828524122999966, 0.0 ], [ -50.922928127999967, -17.82853075099996, 0.0 ], [ -50.922938286999965, -17.828537401999938, 0.0 ], [ -50.922948395999981, -17.828544081999951, 0.0 ], [ -50.922958450999943, -17.828550795999945, 0.0 ], [ -50.922968441999956, -17.828557548999981, 0.0 ], [ -50.92297836299997, -17.828564342999982, 0.0 ], [ -50.922988205999957, -17.828571186999966, 0.0 ], [ -50.922997964999979, -17.828578082999968, 0.0 ], [ -50.923007631999951, -17.828585035999936, 0.0 ], [ -50.923017198999958, -17.828592051999976, 0.0 ], [ -50.923026659999948, -17.828599134999934, 0.0 ], [ -50.923036008999986, -17.828606289999982, 0.0 ], [ -50.92304523599995, -17.828613519999976, 0.0 ], [ -50.923054334999961, -17.828620831999956, 0.0 ], [ -50.923063299999967, -17.828628230999982, 0.0 ], [ -50.923072120999961, -17.828635720999955, 0.0 ], [ -50.92308079299994, -17.828643304999957, 0.0 ], [ -50.923089308999977, -17.828650989999971, 0.0 ], [ -50.923097659999939, -17.828658780999945, 0.0 ], [ -50.923105841999984, -17.828666681999948, 0.0 ], [ -50.923113843999943, -17.82867469599995, 0.0 ], [ -50.923123951999969, -17.828685271999973, 0.0 ], [ -50.923133754999981, -17.828696043999969, 0.0 ], [ -50.92314326099995, -17.828707007999981, 0.0 ], [ -50.923152474999938, -17.828718159999937, 0.0 ], [ -50.923161405999963, -17.828729494999948, 0.0 ], [ -50.923170060999951, -17.828741009999931, 0.0 ], [ -50.923178446999941, -17.828752698999949, 0.0 ], [ -50.923186570999974, -17.828764558999978, 0.0 ], [ -50.923194440999964, -17.828776582999978, 0.0 ], [ -50.923202062999962, -17.82878877099995, 0.0 ], [ -50.92320944599993, -17.82880111399993, 0.0 ], [ -50.923216594999985, -17.828813609999941, 0.0 ], [ -50.923223519999965, -17.828826254999967, 0.0 ], [ -50.923230224999941, -17.828839042999959, 0.0 ], [ -50.923236718999931, -17.82885196999996, 0.0 ], [ -50.923243009999965, -17.828865031999953, 0.0 ], [ -50.923249102999932, -17.828878224999983, 0.0 ], [ -50.923255006999966, -17.828891542999941, 0.0 ], [ -50.923260728999935, -17.828904984999951, 0.0 ], [ -50.923266275999936, -17.82891854199994, 0.0 ], [ -50.923271654999951, -17.828932212999973, 0.0 ], [ -50.923276872999963, -17.828945991999944, 0.0 ], [ -50.923281937999946, -17.828959875999942, 0.0 ], [ -50.923286856999937, -17.828973857999927, 0.0 ], [ -50.923291636999977, -17.828987936999965, 0.0 ], [ -50.923296284999935, -17.829002104999972, 0.0 ], [ -50.923300809999944, -17.829016359999969, 0.0 ], [ -50.92330521599996, -17.829030696999951, 0.0 ], [ -50.923309511999946, -17.82904511199996, 0.0 ], [ -50.923313706999977, -17.829059599999937, 0.0 ], [ -50.923317804999954, -17.82907415699998, 0.0 ], [ -50.923321814999952, -17.829088777999971, 0.0 ], [ -50.923325742999964, -17.829103458999953, 0.0 ], [ -50.923329597999953, -17.829118194999978, 0.0 ], [ -50.923333386999957, -17.829132981999976, 0.0 ], [ -50.923337115999971, -17.829147815999931, 0.0 ], [ -50.923421704999953, -17.829116777999957, 0.0 ], [ -50.923806743999933, -17.828948828999955, 0.0 ], [ -50.926561779999986, -17.827220026999953, 0.0 ], [ -50.928772819999949, -17.825747927999942, 0.0 ], [ -50.930403567999974, -17.824613758999931, 0.0 ], [ -50.930309421999937, -17.824208340999974, 0.0 ], [ -50.930033738999953, -17.823027107999962, 0.0 ], [ -50.929953618999946, -17.822870123999962, 0.0 ], [ -50.929862152999931, -17.822644295999964, 0.0 ], [ -50.929825816999937, -17.822457539999959, 0.0 ], [ -50.929773108999939, -17.821566679999933, 0.0 ], [ -50.929795849999948, -17.821408448999932, 0.0 ], [ -50.929857101999971, -17.821248589999982, 0.0 ], [ -50.930073487999948, -17.820736890999967, 0.0 ], [ -50.930262446999961, -17.820279561999939, 0.0 ], [ -50.930440776999944, -17.81989568299997, 0.0 ], [ -50.930702097999983, -17.81927832599996, 0.0 ], [ -50.930907745999946, -17.818689398999936, 0.0 ], [ -50.93064596499994, -17.818470310999942, 0.0 ], [ -50.930628017999936, -17.818520707999937, 0.0 ], [ -50.930596131999948, -17.818554284999948, 0.0 ], [ -50.929812597999955, -17.818775679999931, 0.0 ], [ -50.929571016999944, -17.818879395999943, 0.0 ], [ -50.928744531999939, -17.819337072999929, 0.0 ], [ -50.928627751999954, -17.819402737999951, 0.0 ], [ -50.927774740999951, -17.819882378999978, 0.0 ], [ -50.927451518999931, -17.820076246999975, 0.0 ], [ -50.927191390999951, -17.820235515999968, 0.0 ], [ -50.926894279999942, -17.820432861999961, 0.0 ] ] ] ] } },
{ "type": "Feature", "properties": { "OID_": 0, "Name": "Placemark", "FolderPath": "Document", "SymbolID": 0, "AltMode": 0, "Base": 0.0, "Clamped": -1, "Extruded": 0, "Snippet": null, "PopupInfo": "<html xmlns:fo=\"http://www.w3.org/1999/XSL/Format\" xmlns:msxsl=\"urn:schemas-microsoft-com:xslt\"><head><META http-equiv=\"Content-Type\" content=\"text/html\"><meta http-equiv=\"content-type\" content=\"text/html; charset=UTF-8\"></head><body style=\"margin:0px 0p", "Shape_Leng": 0.01199634587, "Shape_Area": 8.80187e-06 }, "geometry": { "type": "MultiPolygon", "coordinates": [ [ [ [ -50.929795849999948, -17.821408448999932, 0.0 ], [ -50.929773108999939, -17.821566679999933, 0.0 ], [ -50.929825816999937, -17.822457539999959, 0.0 ], [ -50.929862152999931, -17.822644295999964, 0.0 ], [ -50.929953618999946, -17.822870123999962, 0.0 ], [ -50.930032681999933, -17.823028352999927, 0.0 ], [ -50.930229684999972, -17.823868354999945, 0.0 ], [ -50.930371581999964, -17.824473381999951, 0.0 ], [ -50.930371794999985, -17.824474289999955, 0.0 ], [ -50.930436639999982, -17.824758931999952, 0.0 ], [ -50.931104945999948, -17.824641468999971, 0.0 ], [ -50.93340604399998, -17.824248089999969, 0.0 ], [ -50.933285195999986, -17.823759246999941, 0.0 ], [ -50.933164214999977, -17.823270178999962, 0.0 ], [ -50.93303812299996, -17.822773598999959, 0.0 ], [ -50.932896890999984, -17.822089829999982, 0.0 ], [ -50.929857101999971, -17.821248589999982, 0.0 ], [ -50.929795849999948, -17.821408448999932, 0.0 ] ] ] ] } },
{ "type": "Feature", "properties": { "OID_": 0, "Name": "Placemark", "FolderPath": "Document", "SymbolID": 0, "AltMode": 0, "Base": 0.0, "Clamped": -1, "Extruded": 0, "Snippet": null, "PopupInfo": "<html xmlns:fo=\"http://www.w3.org/1999/XSL/Format\" xmlns:msxsl=\"urn:schemas-microsoft-com:xslt\"><head><META http-equiv=\"Content-Type\" content=\"text/html\"><meta http-equiv=\"content-type\" content=\"text/html; charset=UTF-8\"></head><body style=\"margin:0px 0p", "Shape_Leng": 0.01416335537, "Shape_Area": 1.10089e-05 }, "geometry": { "type": "MultiPolygon", "coordinates": [ [ [ [ -50.931324792999931, -17.817453814999965, 0.0 ], [ -50.931160229999932, -17.817464073999929, 0.0 ], [ -50.930935912999985, -17.817462017999958, 0.0 ], [ -50.930900480999981, -17.817464964999942, 0.0 ], [ -50.930872778999969, -17.817462575999969, 0.0 ], [ -50.930811056999971, -17.817454832999942, 0.0 ], [ -50.930787211999984, -17.817654582999978, 0.0 ], [ -50.93064596499994, -17.818470310999942, 0.0 ], [ -50.930907745999946, -17.818689398999936, 0.0 ], [ -50.930702097999983, -17.81927832599996, 0.0 ], [ -50.930440776999944, -17.81989568299997, 0.0 ], [ -50.930262446999961, -17.820279561999939, 0.0 ], [ -50.930073487999948, -17.820736890999967, 0.0 ], [ -50.929857101999971, -17.821248589999982, 0.0 ], [ -50.932896890999984, -17.822089829999982, 0.0 ], [ -50.933056485999941, -17.821534388999964, 0.0 ], [ -50.93319717299994, -17.821032973999934, 0.0 ], [ -50.93334099599997, -17.820540581999978, 0.0 ], [ -50.933484480999937, -17.820037090999961, 0.0 ], [ -50.933639300999971, -17.819489554999961, 0.0 ], [ -50.933796644999973, -17.818911807999939, 0.0 ], [ -50.933770076999963, -17.818892934999951, 0.0 ], [ -50.933671957999934, -17.81887325799994, 0.0 ], [ -50.933600862999981, -17.818854415999965, 0.0 ], [ -50.933497363999948, -17.81879450699995, 0.0 ], [ -50.933419916999981, -17.818746467999972, 0.0 ], [ -50.93335108399998, -17.818718512999965, 0.0 ], [ -50.933321873999944, -17.818696787999954, 0.0 ], [ -50.933215432999987, -17.818650218999949, 0.0 ], [ -50.933110100999954, -17.818616987999974, 0.0 ], [ -50.93300652299996, -17.818586782999944, 0.0 ], [ -50.932946442999935, -17.81856725199998, 0.0 ], [ -50.932889428999943, -17.818544767999981, 0.0 ], [ -50.932836634999944, -17.818523282999934, 0.0 ], [ -50.932745135999937, -17.818494016999978, 0.0 ], [ -50.932655967999949, -17.818459314999927, 0.0 ], [ -50.932568771999968, -17.818415081999945, 0.0 ], [ -50.932495290999952, -17.818374632999962, 0.0 ], [ -50.932431575999942, -17.818339869999932, 0.0 ], [ -50.932360151999944, -17.818305201999976, 0.0 ], [ -50.932294724999963, -17.81826293499995, 0.0 ], [ -50.932237179999959, -17.818230224999979, 0.0 ], [ -50.932148065999968, -17.818166922999978, 0.0 ], [ -50.932076623999933, -17.818113108999967, 0.0 ], [ -50.932018980999942, -17.818070754999951, 0.0 ], [ -50.931939560999979, -17.81801497899994, 0.0 ], [ -50.931852438999954, -17.817949777999956, 0.0 ], [ -50.931783086999985, -17.817843657999958, 0.0 ], [ -50.931749099999934, -17.817763248999938, 0.0 ], [ -50.931567276999942, -17.817404339999939, 0.0 ], [ -50.931450392999977, -17.81743294599994, 0.0 ], [ -50.931324792999931, -17.817453814999965, 0.0 ] ] ] ] } },
{ "type": "Feature", "properties": { "OID_": 0, "Name": "Placemark", "FolderPath": "Document", "SymbolID": 0, "AltMode": 0, "Base": 0.0, "Clamped": -1, "Extruded": 0, "Snippet": null, "PopupInfo": "<html xmlns:fo=\"http://www.w3.org/1999/XSL/Format\" xmlns:msxsl=\"urn:schemas-microsoft-com:xslt\"><head><META http-equiv=\"Content-Type\" content=\"text/html\"><meta http-equiv=\"content-type\" content=\"text/html; charset=UTF-8\"></head><body style=\"margin:0px 0p", "Shape_Leng": 0.0227900639, "Shape_Area": 1.411967e-05 }, "geometry": { "type": "MultiPolygon", "coordinates": [ [ [ [ -50.932906267999954, -17.822053701999948, 0.0 ], [ -50.932896890999984, -17.822089829999982, 0.0 ], [ -50.932933297999966, -17.822278299999937, 0.0 ], [ -50.93303812299996, -17.822773598999959, 0.0 ], [ -50.933164214999977, -17.823270178999962, 0.0 ], [ -50.933285195999986, -17.823759246999941, 0.0 ], [ -50.93340604399998, -17.824248089999969, 0.0 ], [ -50.931943504999936, -17.824503460999949, 0.0 ], [ -50.931104945999948, -17.824641468999971, 0.0 ], [ -50.931395357999975, -17.825898884999958, 0.0 ], [ -50.930720016999942, -17.826002827999957, 0.0 ], [ -50.93089962199997, -17.826734385999941, 0.0 ], [ -50.93232117499997, -17.826513883999951, 0.0 ], [ -50.933904416999951, -17.82626922999998, 0.0 ], [ -50.935085282999978, -17.826081559999977, 0.0 ], [ -50.934912863999955, -17.825334705999978, 0.0 ], [ -50.934590520999961, -17.824040356999944, 0.0 ], [ -50.934465331999945, -17.823533610999959, 0.0 ], [ -50.934344589999967, -17.823047862999942, 0.0 ], [ -50.934226529999933, -17.822575720999964, 0.0 ], [ -50.93417248399993, -17.822358770999926, 0.0 ], [ -50.934164709999948, -17.82232154899998, 0.0 ], [ -50.934293397999966, -17.821860345999937, 0.0 ], [ -50.934438008999962, -17.821355171999983, 0.0 ], [ -50.934575551999956, -17.820853003999957, 0.0 ], [ -50.934720352999932, -17.820362709999927, 0.0 ], [ -50.93491460599995, -17.819688980999956, 0.0 ], [ -50.93488178299998, -17.81966407699997, 0.0 ], [ -50.934811855999953, -17.819602723999935, 0.0 ], [ -50.934783040999946, -17.81958180099997, 0.0 ], [ -50.934353058999932, -17.819269592999945, 0.0 ], [ -50.934074851999981, -17.819090699999947, 0.0 ], [ -50.933796644999973, -17.818911807999939, 0.0 ], [ -50.933639300999971, -17.819489554999961, 0.0 ], [ -50.933484480999937, -17.820037090999961, 0.0 ], [ -50.93334099599997, -17.820540581999978, 0.0 ], [ -50.93319717299994, -17.821032973999934, 0.0 ], [ -50.933056485999941, -17.821534388999964, 0.0 ], [ -50.932906267999954, -17.822053701999948, 0.0 ] ] ] ] } },
{ "type": "Feature", "properties": { "OID_": 0, "Name": "Placemark", "FolderPath": "Document", "SymbolID": 0, "AltMode": 0, "Base": 0.0, "Clamped": -1, "Extruded": 0, "Snippet": null, "PopupInfo": "<html xmlns:fo=\"http://www.w3.org/1999/XSL/Format\" xmlns:msxsl=\"urn:schemas-microsoft-com:xslt\"><head><META http-equiv=\"Content-Type\" content=\"text/html\"><meta http-equiv=\"content-type\" content=\"text/html; charset=UTF-8\"></head><body style=\"margin:0px 0p", "Shape_Leng": 0.02627361548, "Shape_Area": 3.415291e-05 }, "geometry": { "type": "MultiPolygon", "coordinates": [ [ [ [ -50.933751603999951, -17.835562477999929, 0.0 ], [ -50.933771044999958, -17.835562730999982, 0.0 ], [ -50.933785388999979, -17.835562608999965, 0.0 ], [ -50.93379973499998, -17.835562216999961, 0.0 ], [ -50.933814068999936, -17.835561546999941, 0.0 ], [ -50.933828385999959, -17.835560592999968, 0.0 ], [ -50.933842673999948, -17.835559349999983, 0.0 ], [ -50.933856925999976, -17.835557809999955, 0.0 ], [ -50.933871129999943, -17.835555967999937, 0.0 ], [ -50.933885277999934, -17.835553818999927, 0.0 ], [ -50.933895785999937, -17.835552012999926, 0.0 ], [ -50.933906258999968, -17.835550043999945, 0.0 ], [ -50.933916699999941, -17.835547921999932, 0.0 ], [ -50.933927108999967, -17.835545656999955, 0.0 ], [ -50.933937489999948, -17.835543260999941, 0.0 ], [ -50.933947844999977, -17.835540743999957, 0.0 ], [ -50.93395817399994, -17.835538118999978, 0.0 ], [ -50.933968480999965, -17.83553539299993, 0.0 ], [ -50.933978765999939, -17.835532579999949, 0.0 ], [ -50.933989031999943, -17.83552968999993, 0.0 ], [ -50.933999281999945, -17.835526734999974, 0.0 ], [ -50.934009515999946, -17.835523722999937, 0.0 ], [ -50.934019736999971, -17.835520666999969, 0.0 ], [ -50.934029945999953, -17.835517577999951, 0.0 ], [ -50.934040145999973, -17.83551446599995, 0.0 ], [ -50.934050338999953, -17.835511341999961, 0.0 ], [ -50.934076467999944, -17.835503320999976, 0.0 ], [ -50.934089524999933, -17.83549931899995, 0.0 ], [ -50.934102579999944, -17.835495324999954, 0.0 ], [ -50.934115634999955, -17.835491343999934, 0.0 ], [ -50.934128691999945, -17.83548738199994, 0.0 ], [ -50.934141753999938, -17.835483439999962, 0.0 ], [ -50.934154821999982, -17.835479520999968, 0.0 ], [ -50.934167899999977, -17.835475631999941, 0.0 ], [ -50.934180989999959, -17.835471774999974, 0.0 ], [ -50.934194091999984, -17.835467952999977, 0.0 ], [ -50.934207210999944, -17.835464170999956, 0.0 ], [ -50.93422034799994, -17.835460431999934, 0.0 ], [ -50.934233504999952, -17.835456739999927, 0.0 ], [ -50.934246685999938, -17.835453098999949, 0.0 ], [ -50.934259890999954, -17.835449511999968, 0.0 ], [ -50.934271449999983, -17.835446426999965, 0.0 ], [ -50.934283027999982, -17.83544339499997, 0.0 ], [ -50.934294626999986, -17.835440423999955, 0.0 ], [ -50.934306246999938, -17.835437522999939, 0.0 ], [ -50.934317886999963, -17.835434699999951, 0.0 ], [ -50.934329546999948, -17.835431962999962, 0.0 ], [ -50.934341226999948, -17.835429319999946, 0.0 ], [ -50.934352927999953, -17.835426781999956, 0.0 ], [ -50.934364646999938, -17.83542435499993, 0.0 ], [ -50.93437638599994, -17.835422047999941, 0.0 ], [ -50.934388143999968, -17.835419869999953, 0.0 ], [ -50.934399921999955, -17.835417826999958, 0.0 ], [ -50.934411718999968, -17.835415930999943, 0.0 ], [ -50.934423533999961, -17.835414188999948, 0.0 ], [ -50.934435367999981, -17.835412608999945, 0.0 ], [ -50.93444722199996, -17.835411198999964, 0.0 ], [ -50.934463124999979, -17.835409583999933, 0.0 ], [ -50.93447906199998, -17.835408256999926, 0.0 ], [ -50.934495029999937, -17.835407191999934, 0.0 ], [ -50.934511027999974, -17.835406352999939, 0.0 ], [ -50.934527057999958, -17.835405710999964, 0.0 ], [ -50.934543115999986, -17.835405234999939, 0.0 ], [ -50.934559202999935, -17.835404893999964, 0.0 ], [ -50.934575318999975, -17.835404654999934, 0.0 ], [ -50.934592145999943, -17.835404469999958, 0.0 ], [ -50.934608978999961, -17.835404242999971, 0.0 ], [ -50.934625790999974, -17.835403854999981, 0.0 ], [ -50.934642560999976, -17.835403184999961, 0.0 ], [ -50.934659260999979, -17.83540211199994, 0.0 ], [ -50.934675867999943, -17.835400516999982, 0.0 ], [ -50.93469235799995, -17.835398278999946, 0.0 ], [ -50.93481208299994, -17.835394882999935, 0.0 ], [ -50.935026194999978, -17.835434837999969, 0.0 ], [ -50.935069693999935, -17.835291361999964, 0.0 ], [ -50.935029719999932, -17.83503677799996, 0.0 ], [ -50.934926338999958, -17.834494942999982, 0.0 ], [ -50.934803802999966, -17.83421913799998, 0.0 ], [ -50.93465877999995, -17.833992603999945, 0.0 ], [ -50.934541949999982, -17.833863036999958, 0.0 ], [ -50.934430994999957, -17.833800438999958, 0.0 ], [ -50.933676564999985, -17.832569905999947, 0.0 ], [ -50.933285955999963, -17.831922751999969, 0.0 ], [ -50.932838988999947, -17.831180926999934, 0.0 ], [ -50.932873541999982, -17.831169917999944, 0.0 ], [ -50.932905132999963, -17.831152571999951, 0.0 ], [ -50.932932507999965, -17.831129572999942, 0.0 ], [ -50.932954583999958, -17.83110183499997, 0.0 ], [ -50.932970481999973, -17.831070457999942, 0.0 ], [ -50.932979574999933, -17.831036685999948, 0.0 ], [ -50.932981499999983, -17.831001856999933, 0.0 ], [ -50.932970860999944, -17.830950653999935, 0.0 ], [ -50.932944936999945, -17.830904729999929, 0.0 ], [ -50.932890747999977, -17.830858645999967, 0.0 ], [ -50.932840067999962, -17.830839425999955, 0.0 ], [ -50.932785724999974, -17.830835366999963, 0.0 ], [ -50.932745896999961, -17.830762833999927, 0.0 ], [ -50.93221205499998, -17.829888770999958, 0.0 ], [ -50.931776766999974, -17.829179950999958, 0.0 ], [ -50.931627580999987, -17.828921286999957, 0.0 ], [ -50.931426116999944, -17.828649684999959, 0.0 ], [ -50.931394897999951, -17.828611129999956, 0.0 ], [ -50.931245851999961, -17.828140194999946, 0.0 ], [ -50.931157901999939, -17.827870842999971, 0.0 ], [ -50.931043940999984, -17.827320123999982, 0.0 ], [ -50.930901569999946, -17.827452391999941, 0.0 ], [ -50.930519643999958, -17.827814439999941, 0.0 ], [ -50.93009438699994, -17.828227587999947, 0.0 ], [ -50.929962617999934, -17.828365593999933, 0.0 ], [ -50.929402288999938, -17.828910257999951, 0.0 ], [ -50.929118935999952, -17.82914225899998, 0.0 ], [ -50.928070327999933, -17.830081808999978, 0.0 ], [ -50.926827174999971, -17.831393826999943, 0.0 ], [ -50.926077985999939, -17.83217098199998, 0.0 ], [ -50.926083597999934, -17.832173759999932, 0.0 ], [ -50.926092426999958, -17.832178088999967, 0.0 ], [ -50.926101268999957, -17.832182393999972, 0.0 ], [ -50.926110113999982, -17.832186686999933, 0.0 ], [ -50.926118954999936, -17.832190983999965, 0.0 ], [ -50.926127784999949, -17.832195294999963, 0.0 ], [ -50.926136592999967, -17.832199634999938, 0.0 ], [ -50.92614537299994, -17.832204016999981, 0.0 ], [ -50.926154114999974, -17.832208453999954, 0.0 ], [ -50.926162811999973, -17.832212959999936, 0.0 ], [ -50.926171455999963, -17.83221754799996, 0.0 ], [ -50.926180035999948, -17.832222227999978, 0.0 ], [ -50.926188546999981, -17.832227017999969, 0.0 ], [ -50.92619697899994, -17.832231927999942, 0.0 ], [ -50.926205325999945, -17.832236972999965, 0.0 ], [ -50.92621332799996, -17.83224200199993, 0.0 ], [ -50.926221243999976, -17.832247161999931, 0.0 ], [ -50.92622907599997, -17.832252447999963, 0.0 ], [ -50.926236825999979, -17.832257853999977, 0.0 ], [ -50.926244498999949, -17.832263371999943, 0.0 ], [ -50.926252093999949, -17.832268995999982, 0.0 ], [ -50.926259615999982, -17.832274720999976, 0.0 ], [ -50.926267066999969, -17.832280538999953, 0.0 ], [ -50.926274449999937, -17.832286444999966, 0.0 ], [ -50.926281766999978, -17.832292429999939, 0.0 ], [ -50.926289021999935, -17.83229849099996, 0.0 ], [ -50.926296214999979, -17.832304618999956, 0.0 ], [ -50.926303351999934, -17.832310808999978, 0.0 ], [ -50.926310432999969, -17.83231705399993, 0.0 ], [ -50.92631746099994, -17.832323346999942, 0.0 ], [ -50.926324439999973, -17.832329682999955, 0.0 ], [ -50.92633219399994, -17.832336814999962, 0.0 ], [ -50.926339895999945, -17.832343986999945, 0.0 ], [ -50.92634755499995, -17.832351192999965, 0.0 ], [ -50.926355174999969, -17.832358427999964, 0.0 ], [ -50.926362765999954, -17.832365685999946, 0.0 ], [ -50.926370333999955, -17.832372961999965, 0.0 ], [ -50.926377886999944, -17.832380249999972, 0.0 ], [ -50.926385431999961, -17.832387546999939, 0.0 ], [ -50.926392975999931, -17.832394844999953, 0.0 ], [ -50.926400525999952, -17.832402138999953, 0.0 ], [ -50.926408090999985, -17.83240942599997, 0.0 ], [ -50.926415676999966, -17.832416696999928, 0.0 ], [ -50.926423290999935, -17.832423948999974, 0.0 ], [ -50.926430940999978, -17.832431175999943, 0.0 ], [ -50.926438633999965, -17.832438373999935, 0.0 ], [ -50.92644637799998, -17.832445534999977, 0.0 ], [ -50.926453402999982, -17.832451951999928, 0.0 ], [ -50.926460478999957, -17.832458326999927, 0.0 ], [ -50.926467609999975, -17.832464650999952, 0.0 ], [ -50.926474800999983, -17.832470914999931, 0.0 ], [ -50.926482052999972, -17.832477111999935, 0.0 ], [ -50.926489371999935, -17.832483231999959, 0.0 ], [ -50.926496761999942, -17.832489264999936, 0.0 ], [ -50.926504225999963, -17.83249520499993, 0.0 ], [ -50.926511768999944, -17.832501040999944, 0.0 ], [ -50.926519393999968, -17.832506764999948, 0.0 ], [ -50.926527104999934, -17.832512368999971, 0.0 ], [ -50.926534907999951, -17.832517842999948, 0.0 ], [ -50.926542803999951, -17.832523178999963, 0.0 ], [ -50.926550798999983, -17.832528366999952, 0.0 ], [ -50.926558894999971, -17.832533400999978, 0.0 ], [ -50.926567097999964, -17.83253826999993, 0.0 ], [ -50.926574797999933, -17.832542630999967, 0.0 ], [ -50.926582586999984, -17.832546847999936, 0.0 ], [ -50.926590459999943, -17.832550928999979, 0.0 ], [ -50.926598412999965, -17.832554877999939, 0.0 ], [ -50.926606438999954, -17.832558702999961, 0.0 ], [ -50.926614533999953, -17.832562407999944, 0.0 ], [ -50.926622691999967, -17.832566, 0.0 ], [ -50.926630907999936, -17.832569484999965, 0.0 ], [ -50.92663917699997, -17.832572867999943, 0.0 ], [ -50.926647493999951, -17.832576155999959, 0.0 ], [ -50.926655851999953, -17.832579353999961, 0.0 ], [ -50.926664247999952, -17.832582467999941, 0.0 ], [ -50.926672675999953, -17.83258550599993, 0.0 ], [ -50.926681131999942, -17.832588469999962, 0.0 ], [ -50.926689607999947, -17.832591368999942, 0.0 ], [ -50.926698100999943, -17.832594207999932, 0.0 ], [ -50.926708191999978, -17.832597504999967, 0.0 ], [ -50.926718298999958, -17.832600728999978, 0.0 ], [ -50.92672842199994, -17.83260388399998, 0.0 ], [ -50.926738559999933, -17.832606969999972, 0.0 ], [ -50.926748713999984, -17.832609991999959, 0.0 ], [ -50.92675888499997, -17.832612954999945, 0.0 ], [ -50.926769069999978, -17.83261585799994, 0.0 ], [ -50.926779271999976, -17.832618705999948, 0.0 ], [ -50.926789488999987, -17.832621501999938, 0.0 ], [ -50.926799722999931, -17.832624248999934, 0.0 ], [ -50.926809971999944, -17.832626949999963, 0.0 ], [ -50.926820237999948, -17.83262960899998, 0.0 ], [ -50.926830518999964, -17.832632226999976, 0.0 ], [ -50.926840815999981, -17.832634807999966, 0.0 ], [ -50.926851129999932, -17.832637354999974, 0.0 ], [ -50.926861459999941, -17.832639870999969, 0.0 ], [ -50.926877842999943, -17.832643799999971, 0.0 ], [ -50.926890660999959, -17.83264683699997, 0.0 ], [ -50.926894252999944, -17.832647686999962, 0.0 ], [ -50.926910677999956, -17.832651560999977, 0.0 ], [ -50.926927103999958, -17.832655448999958, 0.0 ], [ -50.926943519999952, -17.832659378999949, 0.0 ], [ -50.926959910999983, -17.832663379999929, 0.0 ], [ -50.926976264999951, -17.832667479999941, 0.0 ], [ -50.926992567999946, -17.832671706999975, 0.0 ], [ -50.927008808999972, -17.83267608999995, 0.0 ], [ -50.927024972999959, -17.83268065599998, 0.0 ], [ -50.927041048999968, -17.832685433999927, 0.0 ], [ -50.927057021999985, -17.832690450999962, 0.0 ], [ -50.927072880999958, -17.832695735999948, 0.0 ], [ -50.927088611999977, -17.83270131699993, 0.0 ], [ -50.927104200999963, -17.832707222999943, 0.0 ], [ -50.927119636999976, -17.832713480999928, 0.0 ], [ -50.927131085999974, -17.832718409999927, 0.0 ], [ -50.927142444999959, -17.83272354199994, 0.0 ], [ -50.927153716999953, -17.832728865999968, 0.0 ], [ -50.927164905999973, -17.832734369999969, 0.0 ], [ -50.927176014999986, -17.832740045999969, 0.0 ], [ -50.927187047999951, -17.832745880999937, 0.0 ], [ -50.927198007999948, -17.832751864999977, 0.0 ], [ -50.927208897999947, -17.832757986999979, 0.0 ], [ -50.927219720999972, -17.832764237999982, 0.0 ], [ -50.92723048199997, -17.832770604999951, 0.0 ], [ -50.927241183999968, -17.832777077999935, 0.0 ], [ -50.927251828999943, -17.832783647999975, 0.0 ], [ -50.927262421999956, -17.832790301999978, 0.0 ], [ -50.927272964999986, -17.832797029999938, 0.0 ], [ -50.92728346399997, -17.83280382199996, 0.0 ], [ -50.927293917999975, -17.832810664999954, 0.0 ], [ -50.927302297999972, -17.832816200999957, 0.0 ], [ -50.927310653999939, -17.832821760999934, 0.0 ], [ -50.927318988999957, -17.832827343999952, 0.0 ], [ -50.92732730299997, -17.832832946999929, 0.0 ], [ -50.927335599999935, -17.832838567999943, 0.0 ], [ -50.927343880999956, -17.832844203999969, 0.0 ], [ -50.927352147999954, -17.832849854999949, 0.0 ], [ -50.927360401999977, -17.832855515999938, 0.0 ], [ -50.927368645999934, -17.832861186999935, 0.0 ], [ -50.927376881999976, -17.832866863999982, 0.0 ], [ -50.927385110999978, -17.832872545999976, 0.0 ], [ -50.92739333399993, -17.832878228999959, 0.0 ], [ -50.927409774999944, -17.832889592999948, 0.0 ], [ -50.927417995999974, -17.832895268999948, 0.0 ], [ -50.927426217999937, -17.832900936999977, 0.0 ], [ -50.92743444499996, -17.832906596999976, 0.0 ], [ -50.927442678999967, -17.832912243999942, 0.0 ], [ -50.927450919999956, -17.832917878999979, 0.0 ], [ -50.927459170999953, -17.832923495999978, 0.0 ], [ -50.927467433999936, -17.83292909599993, 0.0 ], [ -50.927475709999953, -17.832934673999944, 0.0 ], [ -50.927484001999971, -17.832940228999973, 0.0 ], [ -50.927492309999934, -17.832945758999927, 0.0 ], [ -50.92750063799997, -17.832951260999948, 0.0 ], [ -50.927508986999953, -17.832956733999936, 0.0 ], [ -50.927517359999968, -17.832962173999931, 0.0 ], [ -50.927525755999966, -17.832967579999945, 0.0 ], [ -50.927534178999963, -17.832972948999952, 0.0 ], [ -50.927542629999948, -17.832978278999974, 0.0 ], [ -50.927551110999957, -17.832983567999975, 0.0 ], [ -50.927559624999958, -17.832988812999929, 0.0 ], [ -50.927572143999953, -17.832996406999939, 0.0 ], [ -50.927584733999936, -17.833003902999963, 0.0 ], [ -50.927597392999985, -17.833011302999978, 0.0 ], [ -50.927610118999951, -17.83301860399996, 0.0 ], [ -50.927622909999968, -17.833025807999945, 0.0 ], [ -50.927635762999955, -17.833032915999979, 0.0 ], [ -50.927648677999969, -17.833039927999948, 0.0 ], [ -50.927661651999983, -17.833046842999977, 0.0 ], [ -50.927674683999953, -17.83305366299993, 0.0 ], [ -50.927687770999967, -17.833060386999932, 0.0 ], [ -50.927700911999978, -17.833067016999962, 0.0 ], [ -50.92771410499995, -17.833073551999973, 0.0 ], [ -50.927727346999973, -17.833079991999966, 0.0 ], [ -50.927740637999932, -17.833086338999976, 0.0 ], [ -50.927753974999973, -17.833092591999957, 0.0 ], [ -50.927767355999947, -17.833098751999955, 0.0 ], [ -50.927776569999935, -17.83310292799996, 0.0 ], [ -50.927785802999949, -17.833107062999943, 0.0 ], [ -50.927795051999965, -17.833111157999952, 0.0 ], [ -50.927804318999961, -17.833115216999943, 0.0 ], [ -50.927813601999958, -17.833119241999952, 0.0 ], [ -50.927822898999977, -17.83312323399997, 0.0 ], [ -50.927832208999973, -17.833127195999964, 0.0 ], [ -50.927841532999935, -17.833131131999949, 0.0 ], [ -50.927850866999961, -17.83313504299997, 0.0 ], [ -50.927860210999938, -17.833138929999961, 0.0 ], [ -50.92786956499998, -17.833142797999926, 0.0 ], [ -50.927878925999948, -17.833146646999978, 0.0 ], [ -50.927888294999946, -17.833150480999961, 0.0 ], [ -50.927897668999947, -17.833154302999958, 0.0 ], [ -50.927907046999962, -17.833158111999978, 0.0 ], [ -50.927916429999982, -17.833161913999959, 0.0 ], [ -50.927925814999981, -17.833165709999946, 0.0 ], [ -50.927935201999958, -17.833169501999976, 0.0 ], [ -50.92795397499998, -17.833177082999953, 0.0 ], [ -50.927963359999978, -17.833180877999951, 0.0 ], [ -50.927972740999962, -17.833184678999942, 0.0 ], [ -50.927982117999932, -17.833188487999962, 0.0 ], [ -50.927991490999943, -17.833192306999933, 0.0 ], [ -50.928000856999972, -17.833196137999948, 0.0 ], [ -50.928010215999961, -17.833199985999954, 0.0 ], [ -50.928019565999932, -17.833203848999972, 0.0 ], [ -50.928028906999941, -17.833207733999927, 0.0 ], [ -50.928038236999953, -17.833211640999934, 0.0 ], [ -50.928047555999967, -17.833215571999972, 0.0 ], [ -50.928056862999938, -17.833219529999951, 0.0 ], [ -50.928066154999954, -17.833223517999954, 0.0 ], [ -50.928075632999935, -17.83322762399996, 0.0 ], [ -50.928085095999961, -17.833231761999969, 0.0 ], [ -50.928094543999975, -17.83323593199998, 0.0 ], [ -50.928103976999978, -17.833240131999958, 0.0 ], [ -50.928113396999947, -17.833244362999949, 0.0 ], [ -50.928122800999972, -17.833248621999928, 0.0 ], [ -50.928132192999954, -17.833252910999931, 0.0 ], [ -50.928141571999959, -17.833257225999944, 0.0 ], [ -50.928150936999941, -17.833261568999944, 0.0 ], [ -50.928160289999937, -17.833265936999965, 0.0 ], [ -50.928169629999957, -17.833270331999927, 0.0 ], [ -50.928178958999979, -17.83327474999993, 0.0 ], [ -50.928188275999958, -17.833279191999964, 0.0 ], [ -50.928197580999949, -17.833283656999981, 0.0 ], [ -50.928206875999933, -17.833288144999926, 0.0 ], [ -50.928216160999966, -17.833292652999944, 0.0 ], [ -50.928225433999955, -17.833297181999967, 0.0 ], [ -50.928234697999983, -17.833301730999949, 0.0 ], [ -50.928243951999946, -17.833306299999947, 0.0 ], [ -50.928253196999947, -17.833310885999936, 0.0 ], [ -50.92826243199994, -17.833315489999961, 0.0 ], [ -50.92827165999995, -17.833320110999978, 0.0 ], [ -50.928280878999942, -17.833324746999949, 0.0 ], [ -50.928290089999962, -17.833329398999979, 0.0 ], [ -50.928299292999952, -17.833334065999964, 0.0 ], [ -50.92830848899996, -17.833338745999981, 0.0 ], [ -50.928317677999985, -17.833343437999929, 0.0 ], [ -50.92832685999997, -17.833348142999967, 0.0 ], [ -50.928336035999962, -17.833352858999945, 0.0 ], [ -50.928345204999971, -17.833357585999977, 0.0 ], [ -50.928354369999965, -17.833362321999971, 0.0 ], [ -50.928363527999977, -17.833367066999926, 0.0 ], [ -50.928373514999976, -17.833372253999983, 0.0 ], [ -50.92838349699997, -17.833377448999954, 0.0 ], [ -50.928393473999961, -17.833382652999944, 0.0 ], [ -50.928403445999948, -17.833387863999974, 0.0 ], [ -50.92841341299993, -17.833393079999951, 0.0 ], [ -50.92842337899998, -17.833398301999978, 0.0 ], [ -50.928433340999959, -17.833403526999973, 0.0 ], [ -50.928443299999969, -17.833408755999926, 0.0 ], [ -50.928483125999946, -17.833429687999967, 0.0 ], [ -50.928493081999932, -17.833434918999956, 0.0 ], [ -50.928503037999974, -17.833440147999966, 0.0 ], [ -50.928512996999984, -17.83344537399995, 0.0 ], [ -50.928522956999984, -17.833450596999967, 0.0 ], [ -50.928532918999963, -17.833455813999933, 0.0 ], [ -50.928542883999967, -17.833461024999963, 0.0 ], [ -50.928552851999939, -17.833466229999942, 0.0 ], [ -50.928562824999972, -17.83347142599996, 0.0 ], [ -50.928572800999973, -17.833476613999949, 0.0 ], [ -50.928582782999968, -17.833481792999976, 0.0 ], [ -50.928592769999966, -17.833486959999959, 0.0 ], [ -50.928602763999947, -17.833492116999935, 0.0 ], [ -50.928612763999979, -17.833497260999934, 0.0 ], [ -50.928622769999947, -17.833502391999957, 0.0 ], [ -50.928632784999934, -17.833507507999968, 0.0 ], [ -50.92864280699996, -17.833512608999968, 0.0 ], [ -50.928652838999938, -17.833517693999966, 0.0 ], [ -50.928662878999944, -17.833522761999973, 0.0 ], [ -50.928672929999948, -17.833527811999943, 0.0 ], [ -50.92868298999997, -17.833532843999933, 0.0 ], [ -50.928691804999971, -17.833537231999969, 0.0 ], [ -50.928700627999945, -17.833541605999926, 0.0 ], [ -50.928709458999947, -17.833545964999928, 0.0 ], [ -50.928718296999932, -17.833550308999975, 0.0 ], [ -50.928727143999936, -17.833554638999942, 0.0 ], [ -50.928735996999933, -17.83355895699998, 0.0 ], [ -50.928744857999959, -17.833563260999938, 0.0 ], [ -50.928753725999968, -17.833567550999931, 0.0 ], [ -50.92876260099996, -17.833571828999936, 0.0 ], [ -50.928771481999945, -17.833576094999955, 0.0 ], [ -50.92878036999997, -17.833580347999941, 0.0 ], [ -50.928789264999978, -17.83358458999993, 0.0 ], [ -50.928798164999932, -17.833588818999942, 0.0 ], [ -50.928807071999984, -17.833593037999947, 0.0 ], [ -50.928815984999972, -17.833597244999964, 0.0 ], [ -50.928824902999963, -17.833601442999964, 0.0 ], [ -50.928833826999949, -17.833605629999965, 0.0 ], [ -50.928842756999984, -17.83360980599997, 0.0 ], [ -50.928851691999967, -17.833613972999956, 0.0 ], [ -50.928860631999953, -17.83361813099998, 0.0 ], [ -50.928869575999954, -17.833622279999929, 0.0 ], [ -50.928878525999949, -17.833626418999927, 0.0 ], [ -50.928887479999958, -17.833630550999942, 0.0 ], [ -50.92889643999996, -17.833634672999949, 0.0 ], [ -50.928905402999931, -17.833638787999973, 0.0 ], [ -50.928914368999983, -17.833642895999958, 0.0 ], [ -50.928923339999983, -17.833646994999981, 0.0 ], [ -50.92893231499994, -17.833651087999954, 0.0 ], [ -50.92894129299998, -17.833655173999944, 0.0 ], [ -50.928950274999977, -17.833659252999951, 0.0 ], [ -50.928959259999942, -17.833663326999954, 0.0 ], [ -50.928968248999979, -17.833667394999964, 0.0 ], [ -50.928977239999938, -17.83367145699998, 0.0 ], [ -50.928986232999932, -17.833675513999935, 0.0 ], [ -50.928995229999941, -17.833679565999944, 0.0 ], [ -50.929004228999986, -17.833683613999938, 0.0 ], [ -50.929013230999942, -17.833687655999938, 0.0 ], [ -50.929022233999945, -17.83369169499997, 0.0 ], [ -50.929031239999972, -17.833695730999978, 0.0 ], [ -50.929040246999932, -17.83369976299997, 0.0 ], [ -50.929049255999985, -17.833703790999948, 0.0 ], [ -50.929058266999959, -17.833707816999947, 0.0 ], [ -50.92906727899998, -17.833711839999978, 0.0 ], [ -50.929076291999934, -17.833715860999973, 0.0 ], [ -50.929085305999934, -17.833719879999933, 0.0 ], [ -50.929094319999933, -17.83372389699997, 0.0 ], [ -50.929112351999947, -17.833731927999963, 0.0 ], [ -50.929148416999965, -17.833747983999956, 0.0 ], [ -50.929166448999979, -17.83375601399996, 0.0 ], [ -50.929175463999968, -17.833760028999961, 0.0 ], [ -50.929184477999968, -17.833764046999931, 0.0 ], [ -50.929193490999978, -17.833768065999948, 0.0 ], [ -50.929202501999953, -17.833772086999943, 0.0 ], [ -50.929211512999984, -17.833776109999974, 0.0 ], [ -50.92922052199998, -17.833780135999973, 0.0 ], [ -50.929229529999986, -17.83378416499994, 0.0 ], [ -50.929238534999968, -17.833788196999933, 0.0 ], [ -50.929247538999959, -17.833792231999951, 0.0 ], [ -50.929256539999983, -17.833796270999926, 0.0 ], [ -50.929270138999982, -17.833802381999931, 0.0 ], [ -50.929283731999931, -17.833808504999979, 0.0 ], [ -50.929297317999954, -17.833814638999968, 0.0 ], [ -50.929310897999983, -17.833820784999943, 0.0 ], [ -50.929324468999937, -17.833826945999931, 0.0 ], [ -50.929338032999965, -17.83383312199993, 0.0 ], [ -50.929351587999975, -17.833839314999977, 0.0 ], [ -50.929365133999966, -17.833845525999948, 0.0 ], [ -50.929378669999949, -17.833851755999945, 0.0 ], [ -50.929392194999934, -17.833858006999947, 0.0 ], [ -50.92940570899998, -17.833864277999965, 0.0 ], [ -50.929419210999981, -17.833870572999956, 0.0 ], [ -50.929432700999939, -17.833876891999978, 0.0 ], [ -50.929446177999978, -17.833883234999973, 0.0 ], [ -50.929459641999983, -17.833889604999968, 0.0 ], [ -50.929473090999977, -17.83389600299995, 0.0 ], [ -50.929486526999938, -17.833902429999966, 0.0 ], [ -50.929499945999964, -17.83390888699995, 0.0 ], [ -50.929513349999979, -17.833915375999936, 0.0 ], [ -50.929526738999982, -17.833921896999982, 0.0 ], [ -50.929540109999948, -17.833928450999963, 0.0 ], [ -50.929553462999934, -17.83393504199995, 0.0 ], [ -50.92956679699995, -17.833941668999955, 0.0 ], [ -50.929580113999975, -17.833948331999977, 0.0 ], [ -50.929593410999985, -17.833955034999974, 0.0 ], [ -50.929606688999968, -17.833961776999956, 0.0 ], [ -50.929619944999956, -17.833968560999949, 0.0 ], [ -50.929633180999986, -17.833975386999953, 0.0 ], [ -50.929646394999963, -17.833982257999935, 0.0 ], [ -50.929663710999932, -17.833995381999955, 0.0 ], [ -50.930173218999983, -17.834129466999968, 0.0 ], [ -50.930196778999971, -17.834144327999979, 0.0 ], [ -50.930220103999943, -17.834152574999962, 0.0 ], [ -50.930250435999938, -17.83415903599996, 0.0 ], [ -50.930279832999986, -17.834162015999937, 0.0 ], [ -50.930311279999955, -17.834163130999968, 0.0 ], [ -50.930342834999976, -17.834163650999926, 0.0 ], [ -50.930368168999962, -17.834164518999955, 0.0 ], [ -50.930400019999979, -17.834167460999936, 0.0 ], [ -50.930451864999952, -17.834178467999948, 0.0 ], [ -50.930493608999939, -17.834193524999932, 0.0 ], [ -50.930536318999941, -17.834214725999971, 0.0 ], [ -50.930611614999975, -17.834260177999965, 0.0 ], [ -50.930675995999934, -17.834294371999931, 0.0 ], [ -50.930744064999942, -17.834320519999949, 0.0 ], [ -50.930852813999934, -17.834361251999951, 0.0 ], [ -50.930920775999937, -17.834388285999978, 0.0 ], [ -50.930966714999954, -17.83440414599994, 0.0 ], [ -50.930997843999933, -17.834412915999962, 0.0 ], [ -50.931037363999963, -17.834421845999941, 0.0 ], [ -50.931098168999938, -17.834433376999982, 0.0 ], [ -50.931158258999972, -17.83444137999993, 0.0 ], [ -50.931198610999957, -17.834447636999982, 0.0 ], [ -50.931258439999965, -17.834459017999961, 0.0 ], [ -50.931306792999976, -17.834471666999946, 0.0 ], [ -50.931388652999942, -17.834691769999949, 0.0 ], [ -50.931773359999966, -17.834902582999973, 0.0 ], [ -50.932082882999964, -17.835082928999952, 0.0 ], [ -50.932531703999985, -17.835334922999948, 0.0 ], [ -50.933001628999932, -17.835629931999961, 0.0 ], [ -50.933318910999958, -17.835562717999949, 0.0 ], [ -50.933635404999961, -17.83555301399997, 0.0 ], [ -50.933654709999985, -17.835555331999956, 0.0 ], [ -50.93367404199995, -17.835557407999943, 0.0 ], [ -50.933693399999981, -17.835559201999956, 0.0 ], [ -50.933712778999961, -17.835560671999929, 0.0 ], [ -50.933732180999982, -17.835561777999942, 0.0 ], [ -50.933751603999951, -17.835562477999929, 0.0 ] ] ] ] } },
{ "type": "Feature", "properties": { "OID_": 0, "Name": "Placemark", "FolderPath": "Document", "SymbolID": 0, "AltMode": 0, "Base": 0.0, "Clamped": -1, "Extruded": 0, "Snippet": null, "PopupInfo": "<html xmlns:fo=\"http://www.w3.org/1999/XSL/Format\" xmlns:msxsl=\"urn:schemas-microsoft-com:xslt\"><head><META http-equiv=\"Content-Type\" content=\"text/html\"><meta http-equiv=\"content-type\" content=\"text/html; charset=UTF-8\"></head><body style=\"margin:0px 0p", "Shape_Leng": 0.02980963855, "Shape_Area": 4.143367e-05 }, "geometry": { "type": "MultiPolygon", "coordinates": [ [ [ [ -50.858062486999984, -17.793688414999963, 0.0 ], [ -50.861642927999981, -17.794614102999958, 0.0 ], [ -50.864681484999949, -17.783827140999961, 0.0 ], [ -50.861101239999982, -17.782901514999935, 0.0 ], [ -50.858062486999984, -17.793688414999963, 0.0 ] ] ] ] } },
{ "type": "Feature", "properties": { "OID_": 0, "Name": "Placemark", "FolderPath": "Document", "SymbolID": 0, "AltMode": 0, "Base": 0.0, "Clamped": -1, "Extruded": 0, "Snippet": null, "PopupInfo": "<html xmlns:fo=\"http://www.w3.org/1999/XSL/Format\" xmlns:msxsl=\"urn:schemas-microsoft-com:xslt\"><head><META http-equiv=\"Content-Type\" content=\"text/html\"><meta http-equiv=\"content-type\" content=\"text/html; charset=UTF-8\"></head><body style=\"margin:0px 0p", "Shape_Leng": 0.02858609632, "Shape_Area": 3.319344e-05 }, "geometry": { "type": "MultiPolygon", "coordinates": [ [ [ [ -50.999741337999978, -17.813296562999938, 0.0 ], [ -50.999606515999972, -17.81326499499994, 0.0 ], [ -50.999516634999964, -17.813176029999966, 0.0 ], [ -50.999464204999981, -17.813137286999961, 0.0 ], [ -50.999395886999935, -17.81312756899996, 0.0 ], [ -50.999298015999955, -17.813171572999977, 0.0 ], [ -50.999236097999983, -17.813238534999982, 0.0 ], [ -50.99921412599997, -17.813320803999943, 0.0 ], [ -50.999229275999937, -17.813452518999952, 0.0 ], [ -51.000886546999936, -17.819438018999961, 0.0 ], [ -51.000898161999942, -17.81949405499995, 0.0 ], [ -51.000902303999965, -17.819551046999948, 0.0 ], [ -51.000898906999964, -17.819608083999981, 0.0 ], [ -51.000888024999938, -17.819664254999964, 0.0 ], [ -51.000869830999932, -17.819718661999957, 0.0 ], [ -51.000495017999981, -17.820603841999969, 0.0 ], [ -51.000458176999985, -17.820655945999931, 0.0 ], [ -51.000416123999969, -17.820704295999974, 0.0 ], [ -51.000369273999979, -17.820748411999944, 0.0 ], [ -51.000318085999936, -17.820787861999975, 0.0 ], [ -51.000263067999981, -17.820822256999975, 0.0 ], [ -51.000204760999964, -17.820851255999969, 0.0 ], [ -51.000155985999982, -17.820870893999938, 0.0 ], [ -51.000110058999951, -17.820896051999966, 0.0 ], [ -51.000067655999942, -17.820926358999941, 0.0 ], [ -51.000029401999939, -17.820961367999928, 0.0 ], [ -50.99999586399997, -17.821000562999927, 0.0 ], [ -50.999967534999939, -17.821043362999944, 0.0 ], [ -50.999944834999951, -17.82108913899998, 0.0 ], [ -50.999929614999985, -17.821120694999934, 0.0 ], [ -50.999909119999984, -17.821149379999952, 0.0 ], [ -50.999883921999981, -17.821174394999957, 0.0 ], [ -50.999854722999942, -17.821195037999928, 0.0 ], [ -50.999822341999959, -17.82121073299993, 0.0 ], [ -50.999787683999955, -17.821221040999944, 0.0 ], [ -50.999751716999981, -17.821225672999958, 0.0 ], [ -50.999705123999945, -17.821230769999943, 0.0 ], [ -50.999659584999961, -17.821241501999964, 0.0 ], [ -50.999615840999979, -17.821257691999961, 0.0 ], [ -50.999574600999949, -17.821279079999954, 0.0 ], [ -50.999536535999937, -17.82130531599995, 0.0 ], [ -50.999502262999954, -17.821335976999933, 0.0 ], [ -50.999472338999965, -17.821370562999959, 0.0 ], [ -50.999447249999946, -17.821408512999938, 0.0 ], [ -50.99942740299997, -17.821449210999958, 0.0 ], [ -50.999120351999977, -17.822200258999942, 0.0 ], [ -50.999786707999931, -17.822053180999944, 0.0 ], [ -51.000974830999951, -17.821790932999932, 0.0 ], [ -51.001281374999962, -17.821723301999953, 0.0 ], [ -51.002236370999981, -17.821512471999938, 0.0 ], [ -51.002388714999938, -17.821203897999965, 0.0 ], [ -51.002442060999954, -17.821095843999956, 0.0 ], [ -51.002594012999964, -17.820756302999939, 0.0 ], [ -51.002800694999962, -17.819746065999936, 0.0 ], [ -51.003769775999956, -17.818735209999943, 0.0 ], [ -51.004571216999977, -17.81777380099993, 0.0 ], [ -51.005140017999963, -17.815667858999973, 0.0 ], [ -51.005324756999983, -17.815017358999967, 0.0 ], [ -51.005474545999959, -17.814534267999932, 0.0 ], [ -51.004997139999944, -17.81333660599995, 0.0 ], [ -51.004418277999946, -17.813237880999964, 0.0 ], [ -51.002395964999948, -17.814156261999926, 0.0 ], [ -51.000841133999984, -17.813230156999964, 0.0 ], [ -50.999902868999982, -17.813314040999956, 0.0 ], [ -50.999741337999978, -17.813296562999938, 0.0 ] ] ] ] } },
{ "type": "Feature", "properties": { "OID_": 0, "Name": "Placemark", "FolderPath": "Document", "SymbolID": 0, "AltMode": 0, "Base": 0.0, "Clamped": -1, "Extruded": 0, "Snippet": null, "PopupInfo": "<html xmlns:fo=\"http://www.w3.org/1999/XSL/Format\" xmlns:msxsl=\"urn:schemas-microsoft-com:xslt\"><head><META http-equiv=\"Content-Type\" content=\"text/html\"><meta http-equiv=\"content-type\" content=\"text/html; charset=UTF-8\"></head><body style=\"margin:0px 0p", "Shape_Leng": 0.01196933945, "Shape_Area": 8.24701e-06 }, "geometry": { "type": "MultiPolygon", "coordinates": [ [ [ [ -50.925039165999976, -17.824572948999958, 0.0 ], [ -50.924853133999932, -17.824368394999965, 0.0 ], [ -50.924843429999953, -17.824358967999956, 0.0 ], [ -50.92445700199994, -17.823936573999958, 0.0 ], [ -50.924067789999981, -17.823524834999944, 0.0 ], [ -50.923619303999942, -17.823045046999937, 0.0 ], [ -50.923066173999985, -17.823513170999945, 0.0 ], [ -50.920803087999957, -17.825446826999951, 0.0 ], [ -50.921111212999961, -17.826189383999974, 0.0 ], [ -50.921945997999956, -17.827206486999955, 0.0 ], [ -50.923730606999982, -17.825686810999969, 0.0 ], [ -50.925039165999976, -17.824572948999958, 0.0 ] ] ] ] } },
{ "type": "Feature", "properties": { "OID_": 0, "Name": "Placemark", "FolderPath": "Document", "SymbolID": 0, "AltMode": 0, "Base": 0.0, "Clamped": -1, "Extruded": 0, "Snippet": null, "PopupInfo": "<html xmlns:fo=\"http://www.w3.org/1999/XSL/Format\" xmlns:msxsl=\"urn:schemas-microsoft-com:xslt\"><head><META http-equiv=\"Content-Type\" content=\"text/html\"><meta http-equiv=\"content-type\" content=\"text/html; charset=UTF-8\"></head><body style=\"margin:0px 0p", "Shape_Leng": 0.02812853481, "Shape_Area": 3.106397e-05 }, "geometry": { "type": "MultiPolygon", "coordinates": [ [ [ [ -50.943037176999951, -17.81355025199997, 0.0 ], [ -50.943134403999977, -17.813363555999956, 0.0 ], [ -50.942329679999943, -17.812603387999957, 0.0 ], [ -50.941829126999949, -17.811552171999949, 0.0 ], [ -50.941328943999963, -17.81099084899995, 0.0 ], [ -50.940560051999967, -17.811630856999955, 0.0 ], [ -50.940403758999935, -17.811608639999974, 0.0 ], [ -50.94009706199995, -17.811558153999954, 0.0 ], [ -50.940070387999981, -17.811798658999976, 0.0 ], [ -50.940063737999935, -17.81187797399997, 0.0 ], [ -50.940076861999955, -17.812250448999976, 0.0 ], [ -50.940154256999961, -17.812578526999971, 0.0 ], [ -50.939825561999953, -17.812673935999953, 0.0 ], [ -50.939841490999981, -17.812745529999972, 0.0 ], [ -50.939178034999941, -17.812939278999977, 0.0 ], [ -50.939043181999978, -17.812983660999976, 0.0 ], [ -50.93849559399996, -17.813142075999963, 0.0 ], [ -50.938205383999957, -17.813229113999967, 0.0 ], [ -50.938124781999932, -17.813252983999973, 0.0 ], [ -50.937820795999983, -17.813341544999957, 0.0 ], [ -50.937371716999962, -17.813474876999976, 0.0 ], [ -50.937143216999971, -17.813542341999948, 0.0 ], [ -50.936518382999964, -17.813726449999933, 0.0 ], [ -50.936485093999977, -17.813736487999961, 0.0 ], [ -50.935816545999955, -17.813934619999941, 0.0 ], [ -50.935693211999933, -17.813971298999945, 0.0 ], [ -50.935123673999954, -17.814139397999952, 0.0 ], [ -50.935101128999975, -17.814146900999958, 0.0 ], [ -50.935082460999979, -17.814087830999938, 0.0 ], [ -50.934991718999981, -17.813778132999971, 0.0 ], [ -50.934883366999941, -17.813319479999961, 0.0 ], [ -50.934870064999984, -17.813268936999975, 0.0 ], [ -50.934838937999984, -17.813044721999972, 0.0 ], [ -50.934819638999954, -17.812905408999939, 0.0 ], [ -50.934805917999938, -17.812873716999945, 0.0 ], [ -50.934790569999961, -17.812856372999931, 0.0 ], [ -50.934774747999938, -17.812848439999982, 0.0 ], [ -50.934395193999933, -17.81265813999994, 0.0 ], [ -50.933823661999952, -17.813756596999951, 0.0 ], [ -50.933682099999942, -17.814032217999966, 0.0 ], [ -50.933528641999942, -17.814329964999956, 0.0 ], [ -50.93338902399995, -17.814603338999973, 0.0 ], [ -50.939111576999949, -17.817206286999976, 0.0 ], [ -50.940762620999976, -17.81796001999993, 0.0 ], [ -50.940892307999945, -17.817700040999966, 0.0 ], [ -50.94112794199998, -17.81724860099996, 0.0 ], [ -50.941160598999943, -17.817179247999945, 0.0 ], [ -50.941396130999976, -17.816729871999939, 0.0 ], [ -50.94141032899995, -17.816650600999935, 0.0 ], [ -50.941651373999946, -17.816193485999975, 0.0 ], [ -50.941703865999955, -17.816135385999928, 0.0 ], [ -50.941935060999981, -17.815690858999972, 0.0 ], [ -50.941969599999936, -17.815623353999968, 0.0 ], [ -50.942200918999959, -17.815173045999927, 0.0 ], [ -50.942234246999931, -17.815107315999967, 0.0 ], [ -50.942471639999951, -17.814648562999935, 0.0 ], [ -50.942502303999959, -17.814579901999934, 0.0 ], [ -50.942744880999953, -17.81413497099993, 0.0 ], [ -50.942771465999954, -17.814069877999941, 0.0 ], [ -50.943003972999975, -17.81361841599994, 0.0 ], [ -50.943037176999951, -17.81355025199997, 0.0 ] ] ] ] } },
{ "type": "Feature", "properties": { "OID_": 0, "Name": "Placemark", "FolderPath": "Document", "SymbolID": 0, "AltMode": 0, "Base": 0.0, "Clamped": -1, "Extruded": 0, "Snippet": null, "PopupInfo": "<html xmlns:fo=\"http://www.w3.org/1999/XSL/Format\" xmlns:msxsl=\"urn:schemas-microsoft-com:xslt\"><head><META http-equiv=\"Content-Type\" content=\"text/html\"><meta http-equiv=\"content-type\" content=\"text/html; charset=UTF-8\"></head><body style=\"margin:0px 0p", "Shape_Leng": 0.0236544158, "Shape_Area": 2.405486e-05 }, "geometry": { "type": "MultiPolygon", "coordinates": [ [ [ [ -50.937769085999946, -17.810597565999956, 0.0 ], [ -50.937766708999959, -17.810606008999969, 0.0 ], [ -50.937730069999986, -17.81060008299994, 0.0 ], [ -50.937707490999969, -17.81059615199996, 0.0 ], [ -50.933936125999935, -17.80999466999998, 0.0 ], [ -50.933862784999974, -17.809982809999951, 0.0 ], [ -50.933871399999987, -17.809967694999955, 0.0 ], [ -50.93347621199996, -17.809903385999974, 0.0 ], [ -50.933085145999939, -17.81041068299993, 0.0 ], [ -50.932708911999953, -17.811006901999974, 0.0 ], [ -50.93231940499993, -17.811668286999975, 0.0 ], [ -50.932638055999973, -17.811820437999927, 0.0 ], [ -50.932683346999966, -17.811841235999964, 0.0 ], [ -50.932772255999964, -17.811884361999944, 0.0 ], [ -50.933344253999962, -17.812157596999953, 0.0 ], [ -50.934043783999982, -17.812490490999949, 0.0 ], [ -50.934395193999933, -17.81265813999994, 0.0 ], [ -50.934790569999961, -17.812856372999931, 0.0 ], [ -50.934805917999938, -17.812873716999945, 0.0 ], [ -50.934819638999954, -17.812905408999939, 0.0 ], [ -50.934838937999984, -17.813044721999972, 0.0 ], [ -50.934870064999984, -17.813268936999975, 0.0 ], [ -50.934991718999981, -17.813778132999971, 0.0 ], [ -50.93506315999997, -17.814026755999976, 0.0 ], [ -50.935101128999975, -17.814146900999958, 0.0 ], [ -50.935693211999933, -17.813971298999945, 0.0 ], [ -50.935816545999955, -17.813934619999941, 0.0 ], [ -50.936485093999977, -17.813736487999961, 0.0 ], [ -50.936518382999964, -17.813726449999933, 0.0 ], [ -50.937143216999971, -17.813542341999948, 0.0 ], [ -50.937371716999962, -17.813474876999976, 0.0 ], [ -50.937820795999983, -17.813341544999957, 0.0 ], [ -50.938124781999932, -17.813252983999973, 0.0 ], [ -50.938205383999957, -17.813229113999967, 0.0 ], [ -50.93849559399996, -17.813142075999963, 0.0 ], [ -50.939043181999978, -17.812983660999976, 0.0 ], [ -50.939178034999941, -17.812939278999977, 0.0 ], [ -50.939841490999981, -17.812745529999972, 0.0 ], [ -50.939825561999953, -17.812673935999953, 0.0 ], [ -50.940154256999961, -17.812578526999971, 0.0 ], [ -50.940076861999955, -17.812250448999976, 0.0 ], [ -50.940063737999935, -17.81187797399997, 0.0 ], [ -50.940070387999981, -17.811798658999976, 0.0 ], [ -50.94009706199995, -17.811558153999954, 0.0 ], [ -50.940403758999935, -17.811608639999974, 0.0 ], [ -50.940560051999967, -17.811630856999955, 0.0 ], [ -50.941328943999963, -17.81099084899995, 0.0 ], [ -50.94074593199997, -17.810431057999949, 0.0 ], [ -50.940700934999938, -17.810400598999934, 0.0 ], [ -50.940539873999967, -17.810280080999974, 0.0 ], [ -50.940379491999977, -17.810167328999967, 0.0 ], [ -50.940089802999978, -17.809972591999951, 0.0 ], [ -50.939346310999952, -17.809494994999966, 0.0 ], [ -50.93863786199995, -17.809033363999959, 0.0 ], [ -50.938628803999961, -17.809017378999954, 0.0 ], [ -50.938151385999959, -17.809462933999953, 0.0 ], [ -50.937973042999943, -17.809730435999938, 0.0 ], [ -50.937897702999976, -17.809884969999928, 0.0 ], [ -50.937855105999972, -17.810089431999927, 0.0 ], [ -50.937824882999962, -17.81028133999996, 0.0 ], [ -50.937769085999946, -17.810597565999956, 0.0 ] ] ] ] } },
{ "type": "Feature", "properties": { "OID_": 0, "Name": "Placemark", "FolderPath": "Document", "SymbolID": 0, "AltMode": 0, "Base": 0.0, "Clamped": -1, "Extruded": 0, "Snippet": null, "PopupInfo": "<html xmlns:fo=\"http://www.w3.org/1999/XSL/Format\" xmlns:msxsl=\"urn:schemas-microsoft-com:xslt\"><head><META http-equiv=\"Content-Type\" content=\"text/html\"><meta http-equiv=\"content-type\" content=\"text/html; charset=UTF-8\"></head><body style=\"margin:0px 0p", "Shape_Leng": 0.01961134914, "Shape_Area": 1.581719e-05 }, "geometry": { "type": "MultiPolygon", "coordinates": [ [ [ [ -50.921504022999954, -17.817729904999965, 0.0 ], [ -50.921498987999939, -17.817738259999942, 0.0 ], [ -50.92148591299997, -17.817729897999982, 0.0 ], [ -50.921480645999964, -17.81772652899997, 0.0 ], [ -50.92144065399998, -17.817713639999965, 0.0 ], [ -50.921406437999963, -17.817712183999959, 0.0 ], [ -50.921367389999943, -17.81771828899997, 0.0 ], [ -50.921349658999986, -17.817723238999974, 0.0 ], [ -50.92133079499996, -17.81772837799997, 0.0 ], [ -50.921322893999957, -17.817729831999941, 0.0 ], [ -50.921319321999931, -17.817730488999928, 0.0 ], [ -50.921304628999962, -17.817731606999928, 0.0 ], [ -50.921280605999982, -17.817732878999948, 0.0 ], [ -50.92122429899996, -17.817753249999953, 0.0 ], [ -50.921234961999971, -17.817817026999933, 0.0 ], [ -50.921252620999951, -17.817841246999933, 0.0 ], [ -50.921260822999955, -17.817851149999967, 0.0 ], [ -50.921267920999981, -17.81785982699995, 0.0 ], [ -50.921276989999967, -17.817871651999951, 0.0 ], [ -50.921282033999944, -17.817879132999963, 0.0 ], [ -50.921287363999966, -17.817888915999958, 0.0 ], [ -50.92129, -17.817895310999972, 0.0 ], [ -50.921293442999968, -17.817906155999935, 0.0 ], [ -50.921296294999934, -17.817915589999927, 0.0 ], [ -50.92130261099993, -17.817932676999931, 0.0 ], [ -50.921310336999966, -17.817947550999975, 0.0 ], [ -50.921327343999963, -17.81796772499996, 0.0 ], [ -50.921341974999962, -17.817979253999965, 0.0 ], [ -50.921350488999963, -17.817985085999965, 0.0 ], [ -50.921360887999981, -17.81799224599996, 0.0 ], [ -50.921364795999978, -17.817995328999928, 0.0 ], [ -50.921374743999934, -17.818004432999942, 0.0 ], [ -50.921385666999981, -17.818015358999958, 0.0 ], [ -50.921400615999971, -17.818029687999967, 0.0 ], [ -50.921409835999953, -17.818037900999968, 0.0 ], [ -50.921408361999966, -17.818057211999928, 0.0 ], [ -50.921407829999964, -17.818069093999952, 0.0 ], [ -50.921407753999972, -17.818083618999935, 0.0 ], [ -50.921408441999972, -17.818098616999976, 0.0 ], [ -50.921409447999963, -17.818109493999941, 0.0 ], [ -50.921411035999938, -17.818122868999978, 0.0 ], [ -50.92141199699995, -17.818133117999935, 0.0 ], [ -50.921404038999981, -17.818140709999966, 0.0 ], [ -50.921391836999931, -17.818154850999974, 0.0 ], [ -50.921380373999966, -17.818172394999976, 0.0 ], [ -50.921370669999931, -17.818191167999942, 0.0 ], [ -50.921363689999964, -17.818206434999979, 0.0 ], [ -50.921357146999981, -17.818220523999969, 0.0 ], [ -50.921350961999963, -17.818232165999973, 0.0 ], [ -50.921346705999952, -17.818238839999935, 0.0 ], [ -50.92133845099994, -17.818249176999927, 0.0 ], [ -50.921332913999947, -17.818254756999977, 0.0 ], [ -50.921318302999964, -17.818267563999939, 0.0 ], [ -50.921301235999977, -17.818284871999936, 0.0 ], [ -50.921284607999951, -17.81832362199998, 0.0 ], [ -50.921296358999939, -17.818356385999948, 0.0 ], [ -50.921305773999961, -17.818369024999981, 0.0 ], [ -50.921315138999944, -17.818380137999952, 0.0 ], [ -50.92133094899998, -17.818396622999956, 0.0 ], [ -50.921344991999945, -17.818409641999949, 0.0 ], [ -50.921380820999957, -17.818440247999945, 0.0 ], [ -50.921393930999955, -17.818451813999957, 0.0 ], [ -50.921415162999949, -17.818471325999951, 0.0 ], [ -50.921430580999981, -17.818486699999937, 0.0 ], [ -50.921443419999946, -17.81850054399996, 0.0 ], [ -50.921459703999972, -17.818519415999958, 0.0 ], [ -50.921499057999938, -17.818568231999961, 0.0 ], [ -50.921521783999935, -17.818600175999961, 0.0 ], [ -50.921537778999948, -17.818623978999938, 0.0 ], [ -50.921548795999968, -17.818640333999952, 0.0 ], [ -50.921570939999981, -17.818671626999958, 0.0 ], [ -50.921583809999959, -17.818688676999955, 0.0 ], [ -50.921602021999945, -17.818712648999963, 0.0 ], [ -50.921615320999933, -17.818731081999942, 0.0 ], [ -50.921626506999985, -17.818748153999934, 0.0 ], [ -50.921635945999981, -17.818764671999929, 0.0 ], [ -50.92164769599998, -17.81878906299994, 0.0 ], [ -50.921658494999974, -17.818811332999928, 0.0 ], [ -50.921677597999974, -17.818841532999954, 0.0 ], [ -50.921699685999954, -17.81886389999994, 0.0 ], [ -50.921732271999986, -17.818881364999982, 0.0 ], [ -50.921754263999958, -17.818893848999949, 0.0 ], [ -50.921744324999963, -17.818908131999933, 0.0 ], [ -50.921722081999974, -17.81893708399997, 0.0 ], [ -50.92170691299998, -17.818973325999934, 0.0 ], [ -50.921702557999936, -17.818999534999932, 0.0 ], [ -50.921693631999972, -17.819039961999977, 0.0 ], [ -50.92168634799998, -17.819077340999968, 0.0 ], [ -50.921684081999956, -17.819115470999975, 0.0 ], [ -50.921682356999952, -17.819127281999954, 0.0 ], [ -50.921681149999984, -17.819130473999962, 0.0 ], [ -50.921676748999971, -17.819137373999979, 0.0 ], [ -50.921666445999961, -17.819149436999965, 0.0 ], [ -50.921647748999931, -17.81916980699998, 0.0 ], [ -50.921621601999959, -17.819202883999935, 0.0 ], [ -50.921603054999935, -17.819230513999969, 0.0 ], [ -50.921587901999942, -17.819255885999951, 0.0 ], [ -50.921574616999976, -17.819280159999948, 0.0 ], [ -50.921561635999979, -17.81930497899998, 0.0 ], [ -50.921557506999932, -17.819312799999977, 0.0 ], [ -50.921546683999964, -17.819332418999977, 0.0 ], [ -50.921535950999953, -17.819350024999949, 0.0 ], [ -50.921525689999953, -17.819364897999947, 0.0 ], [ -50.92151301499996, -17.819381419999957, 0.0 ], [ -50.921489565999934, -17.819423215999961, 0.0 ], [ -50.921491411999966, -17.819463662999965, 0.0 ], [ -50.921500434999984, -17.819490472999973, 0.0 ], [ -50.921519769999975, -17.819548601999941, 0.0 ], [ -50.921532531999958, -17.819578139999976, 0.0 ], [ -50.921546426999953, -17.819604724999976, 0.0 ], [ -50.921555161999947, -17.819622596999977, 0.0 ], [ -50.921560849999935, -17.819640396999944, 0.0 ], [ -50.921555979999937, -17.819654041999968, 0.0 ], [ -50.921539269999982, -17.819681777999961, 0.0 ], [ -50.921517457999983, -17.819723146999934, 0.0 ], [ -50.921493973999986, -17.819772506999982, 0.0 ], [ -50.921472845999972, -17.819811966999964, 0.0 ], [ -50.921467203999953, -17.819820939999943, 0.0 ], [ -50.921449308999968, -17.819847029999949, 0.0 ], [ -50.921449282999959, -17.819847067999945, 0.0 ], [ -50.92144030999998, -17.819860174999974, 0.0 ], [ -50.921423564999941, -17.819887276999964, 0.0 ], [ -50.921405558999936, -17.819930731999932, 0.0 ], [ -50.921399002999976, -17.819960806999973, 0.0 ], [ -50.921392645999958, -17.819997331999957, 0.0 ], [ -50.921386375999987, -17.820024234999948, 0.0 ], [ -50.921377843999949, -17.820058651999943, 0.0 ], [ -50.921372643999973, -17.820086181999955, 0.0 ], [ -50.921372296999948, -17.820088014999953, 0.0 ], [ -50.921369919999961, -17.820115363999946, 0.0 ], [ -50.921369944999981, -17.820139078999944, 0.0 ], [ -50.921370538999952, -17.820179272999951, 0.0 ], [ -50.921368683999958, -17.820200405999969, 0.0 ], [ -50.921365098999956, -17.820214833999955, 0.0 ], [ -50.92136099399994, -17.82022276899994, 0.0 ], [ -50.921348991999935, -17.820245967999938, 0.0 ], [ -50.921316421999961, -17.820296336999945, 0.0 ], [ -50.921299198999975, -17.820329426999933, 0.0 ], [ -50.921284454999977, -17.820367331999933, 0.0 ], [ -50.921278769999958, -17.820406759999969, 0.0 ], [ -50.921278765999944, -17.820440506999944, 0.0 ], [ -50.921277289999978, -17.820474719999936, 0.0 ], [ -50.921274923999931, -17.820491939999954, 0.0 ], [ -50.92127051999995, -17.820527231999961, 0.0 ], [ -50.921278081999958, -17.820569656999965, 0.0 ], [ -50.921285431999934, -17.820586538999976, 0.0 ], [ -50.921291585999938, -17.820607084999949, 0.0 ], [ -50.921296521999977, -17.820641806999959, 0.0 ], [ -50.921548632999986, -17.820859645999974, 0.0 ], [ -50.923611349999931, -17.823035757999946, 0.0 ], [ -50.923697887999936, -17.822962267999969, 0.0 ], [ -50.926894279999942, -17.820432861999961, 0.0 ], [ -50.926807359999941, -17.820327688999953, 0.0 ], [ -50.926474970999948, -17.819878436999943, 0.0 ], [ -50.926219811999943, -17.819559369999979, 0.0 ], [ -50.92615387799998, -17.819431958999928, 0.0 ], [ -50.926124838999954, -17.819392321999942, 0.0 ], [ -50.926115962999972, -17.819382421999933, 0.0 ], [ -50.926091493999934, -17.819355127999927, 0.0 ], [ -50.925898702999973, -17.81914007499995, 0.0 ], [ -50.925877494999952, -17.819161985999926, 0.0 ], [ -50.925848344999963, -17.819197464999945, 0.0 ], [ -50.925834189999932, -17.819220299999927, 0.0 ], [ -50.92583160199996, -17.819223787999931, 0.0 ], [ -50.925823486999946, -17.819228203999955, 0.0 ], [ -50.925798712999949, -17.819231295999941, 0.0 ], [ -50.925720122999962, -17.819243755999935, 0.0 ], [ -50.925682009999946, -17.819234313999971, 0.0 ], [ -50.925649652999937, -17.819223743999942, 0.0 ], [ -50.925630014999967, -17.819218425999964, 0.0 ], [ -50.925613246999944, -17.819213230999935, 0.0 ], [ -50.925597984999968, -17.819206776999977, 0.0 ], [ -50.925568892999934, -17.819195018999949, 0.0 ], [ -50.925533778999977, -17.81919411399997, 0.0 ], [ -50.925505871999974, -17.819202823999944, 0.0 ], [ -50.925490306999961, -17.819209881999939, 0.0 ], [ -50.925482226999975, -17.819213619999971, 0.0 ], [ -50.925461653999946, -17.819220304999931, 0.0 ], [ -50.92544468899996, -17.819223361999946, 0.0 ], [ -50.925406360999943, -17.819229612999948, 0.0 ], [ -50.925374268999974, -17.81923768799993, 0.0 ], [ -50.925339102999942, -17.819248841999979, 0.0 ], [ -50.925311794999971, -17.819258219999938, 0.0 ], [ -50.925293782999972, -17.819263383999953, 0.0 ], [ -50.925285757999973, -17.819264615999941, 0.0 ], [ -50.92527638699994, -17.819264324999949, 0.0 ], [ -50.925267236999957, -17.819262567999942, 0.0 ], [ -50.925242677999961, -17.819255842999951, 0.0 ], [ -50.92519224199998, -17.819243753999956, 0.0 ], [ -50.92514986499998, -17.819235854999931, 0.0 ], [ -50.925118152999971, -17.819230566999977, 0.0 ], [ -50.925087946999952, -17.819224572999929, 0.0 ], [ -50.925054699999976, -17.819214984999974, 0.0 ], [ -50.925018583999986, -17.819204327999955, 0.0 ], [ -50.92497881099996, -17.819199830999935, 0.0 ], [ -50.924941176999937, -17.819200597999952, 0.0 ], [ -50.924914090999948, -17.819201506999946, 0.0 ], [ -50.924857074999977, -17.819202280999946, 0.0 ], [ -50.924808561999953, -17.81920159699996, 0.0 ], [ -50.924769854999965, -17.81920208799994, 0.0 ], [ -50.924723938999932, -17.81920622399997, 0.0 ], [ -50.924694949999946, -17.819210636999969, 0.0 ], [ -50.924650299999939, -17.819218897999974, 0.0 ], [ -50.924617042999955, -17.819225244999927, 0.0 ], [ -50.924576044999981, -17.819232036999949, 0.0 ], [ -50.924529471999961, -17.81923702499995, 0.0 ], [ -50.924497447999954, -17.819240057999934, 0.0 ], [ -50.92446323799993, -17.819244933999983, 0.0 ], [ -50.924421222999968, -17.819254571999977, 0.0 ], [ -50.92440051799997, -17.819258530999946, 0.0 ], [ -50.924391433999972, -17.819258996999963, 0.0 ], [ -50.92437345999997, -17.819255624999983, 0.0 ], [ -50.924360687999979, -17.819250969999928, 0.0 ], [ -50.924323232999939, -17.819235772999946, 0.0 ], [ -50.924281466999958, -17.819220151999957, 0.0 ], [ -50.924245522999968, -17.819207582999979, 0.0 ], [ -50.924222078999946, -17.819199512999944, 0.0 ], [ -50.924198323999974, -17.819191006999972, 0.0 ], [ -50.924179147999951, -17.81918361399994, 0.0 ], [ -50.924153917999945, -17.819172924999975, 0.0 ], [ -50.924132112999985, -17.819163992999961, 0.0 ], [ -50.924109145999978, -17.819156739999983, 0.0 ], [ -50.924081489999935, -17.819152364999979, 0.0 ], [ -50.924048098999947, -17.819155398999953, 0.0 ], [ -50.924009140999942, -17.819167623999931, 0.0 ], [ -50.923992956999939, -17.819171968999967, 0.0 ], [ -50.923966117999953, -17.819175159999929, 0.0 ], [ -50.923941234999972, -17.819177655999965, 0.0 ], [ -50.92390110599996, -17.819187951999936, 0.0 ], [ -50.923867634999965, -17.819212986999958, 0.0 ], [ -50.923851884999976, -17.819235086999981, 0.0 ], [ -50.923842881999974, -17.819251225999949, 0.0 ], [ -50.923833720999937, -17.819268561999934, 0.0 ], [ -50.923827916999983, -17.819276440999943, 0.0 ], [ -50.923809990999985, -17.819292556999926, 0.0 ], [ -50.923790318999977, -17.819307894999952, 0.0 ], [ -50.923771719999934, -17.819318735999957, 0.0 ], [ -50.923763760999975, -17.819321836999961, 0.0 ], [ -50.923746575999985, -17.81932556199996, 0.0 ], [ -50.923727787999951, -17.819326710999974, 0.0 ], [ -50.923703714999931, -17.81932547599996, 0.0 ], [ -50.923666692999973, -17.819320617999949, 0.0 ], [ -50.923660130999963, -17.81930814499998, 0.0 ], [ -50.923636164999948, -17.819275201999972, 0.0 ], [ -50.92361512399998, -17.819245666999961, 0.0 ], [ -50.923606923999955, -17.819231411999965, 0.0 ], [ -50.923601411999982, -17.819219597999961, 0.0 ], [ -50.923594894999951, -17.819202268999959, 0.0 ], [ -50.923576165999975, -17.819161792999978, 0.0 ], [ -50.923524184999962, -17.819132771999932, 0.0 ], [ -50.923489858999972, -17.819125069999927, 0.0 ], [ -50.923457248999966, -17.819117222999978, 0.0 ], [ -50.923422096999957, -17.81910752899995, 0.0 ], [ -50.923392674999945, -17.819098438999958, 0.0 ], [ -50.923360490999983, -17.81909038799995, 0.0 ], [ -50.923331947999941, -17.819086337999977, 0.0 ], [ -50.923320959999955, -17.819064554999954, 0.0 ], [ -50.923314848999951, -17.819053830999962, 0.0 ], [ -50.923311017999936, -17.819044728999927, 0.0 ], [ -50.923315134999939, -17.819034128999931, 0.0 ], [ -50.923320942999965, -17.819023442999935, 0.0 ], [ -50.923328445999971, -17.819009751999943, 0.0 ], [ -50.923339695999971, -17.818985580999936, 0.0 ], [ -50.923345620999953, -17.818971031999979, 0.0 ], [ -50.923350995999954, -17.818957163999983, 0.0 ], [ -50.923362729999951, -17.818927780999957, 0.0 ], [ -50.923372133999976, -17.818906239999933, 0.0 ], [ -50.923381551999967, -17.818885831999978, 0.0 ], [ -50.923391489999972, -17.818865073999973, 0.0 ], [ -50.923399269999948, -17.81884916599995, 0.0 ], [ -50.923420070999953, -17.818810894999956, 0.0 ], [ -50.923440104999941, -17.818781152999975, 0.0 ], [ -50.923454011999979, -17.818762355999979, 0.0 ], [ -50.923475150999934, -17.818734376999942, 0.0 ], [ -50.923487572999932, -17.818717142999958, 0.0 ], [ -50.923501208999937, -17.818696196999952, 0.0 ], [ -50.923510603999944, -17.818679607999968, 0.0 ], [ -50.923519590999945, -17.818660402999967, 0.0 ], [ -50.923523178999972, -17.818633741999975, 0.0 ], [ -50.92351752899998, -17.818611555999951, 0.0 ], [ -50.923511816999962, -17.818591135999952, 0.0 ], [ -50.923506455999984, -17.818561992999946, 0.0 ], [ -50.923481998999932, -17.81852897999994, 0.0 ], [ -50.923442854999962, -17.818516347999946, 0.0 ], [ -50.923415052999985, -17.818509071999927, 0.0 ], [ -50.923400909999941, -17.818504797999935, 0.0 ], [ -50.923383612999942, -17.818499074999977, 0.0 ], [ -50.923363835999965, -17.818492119999974, 0.0 ], [ -50.923332680999977, -17.818481179999935, 0.0 ], [ -50.923291852999967, -17.818468591999931, 0.0 ], [ -50.923257390999936, -17.818459415999939, 0.0 ], [ -50.923230358999945, -17.818452436999962, 0.0 ], [ -50.923199358999966, -17.818443689999981, 0.0 ], [ -50.923173047999967, -17.818434382999953, 0.0 ], [ -50.923148834999949, -17.818423623999934, 0.0 ], [ -50.923127588999932, -17.818413347999979, 0.0 ], [ -50.92309933599995, -17.818400136999969, 0.0 ], [ -50.923097349999978, -17.81839920799996, 0.0 ], [ -50.923073263999981, -17.818389563999972, 0.0 ], [ -50.92307188999996, -17.818389013999933, 0.0 ], [ -50.923045084999956, -17.818380137999952, 0.0 ], [ -50.923025552999945, -17.818374074999952, 0.0 ], [ -50.922996267999963, -17.818363834999957, 0.0 ], [ -50.922982489999981, -17.818357589999948, 0.0 ], [ -50.922968083999933, -17.818349371999943, 0.0 ], [ -50.922967114999949, -17.818348818999937, 0.0 ], [ -50.922943313999951, -17.818335718999947, 0.0 ], [ -50.922942010999975, -17.81833500099998, 0.0 ], [ -50.922914458999969, -17.818325108999943, 0.0 ], [ -50.922879169999931, -17.818319663999944, 0.0 ], [ -50.922854146999953, -17.818320477999976, 0.0 ], [ -50.922823371999982, -17.81832590099998, 0.0 ], [ -50.922799923999946, -17.818331899999976, 0.0 ], [ -50.922771446999946, -17.818337981999946, 0.0 ], [ -50.922740851999947, -17.818340235999926, 0.0 ], [ -50.922713259999966, -17.818341693999969, 0.0 ], [ -50.922689504999937, -17.818344561999936, 0.0 ], [ -50.922670659999937, -17.818348809999975, 0.0 ], [ -50.922659372999931, -17.818350726999938, 0.0 ], [ -50.92264662599996, -17.818342080999969, 0.0 ], [ -50.922627954999939, -17.818330773999946, 0.0 ], [ -50.922600957999975, -17.818316875999926, 0.0 ], [ -50.922578657999964, -17.818306094999969, 0.0 ], [ -50.922559922999937, -17.818296152999949, 0.0 ], [ -50.92254160899995, -17.818284069999947, 0.0 ], [ -50.922527577999972, -17.818273971999929, 0.0 ], [ -50.922505654999952, -17.818259611999963, 0.0 ], [ -50.922513674999948, -17.818244647999961, 0.0 ], [ -50.92252409799994, -17.818216168999982, 0.0 ], [ -50.922530384999959, -17.818184255999938, 0.0 ], [ -50.92253464099997, -17.818161755999938, 0.0 ], [ -50.922537883999951, -17.818153551999956, 0.0 ], [ -50.922546291999936, -17.818143801999952, 0.0 ], [ -50.922580666999977, -17.818111066999961, 0.0 ], [ -50.922600797999962, -17.818078561999982, 0.0 ], [ -50.922594339999932, -17.818028690999938, 0.0 ], [ -50.922554712999954, -17.818006723999929, 0.0 ], [ -50.922523327999954, -17.817998834999969, 0.0 ], [ -50.922506608999981, -17.817994881999937, 0.0 ], [ -50.922488610999949, -17.817987546999973, 0.0 ], [ -50.922464837999939, -17.81797574899997, 0.0 ], [ -50.922426838999968, -17.817966967999951, 0.0 ], [ -50.922394813999972, -17.81797303999997, 0.0 ], [ -50.922375969999962, -17.817979341999944, 0.0 ], [ -50.922362733999933, -17.817982455999982, 0.0 ], [ -50.922356582999953, -17.817982890999929, 0.0 ], [ -50.92233738799996, -17.817983006999953, 0.0 ], [ -50.922305527999981, -17.817987334999941, 0.0 ], [ -50.922269344999961, -17.81801818799994, 0.0 ], [ -50.922259108999981, -17.818044145999977, 0.0 ], [ -50.922252017999938, -17.818066398999974, 0.0 ], [ -50.922244682999974, -17.818091446999972, 0.0 ], [ -50.922236390999956, -17.818127381999943, 0.0 ], [ -50.922227063999969, -17.818132208999941, 0.0 ], [ -50.92220814999996, -17.818140364999977, 0.0 ], [ -50.922189457999934, -17.81814950699993, 0.0 ], [ -50.922182930999952, -17.81815215599994, 0.0 ], [ -50.922177977999979, -17.818153491999965, 0.0 ], [ -50.922152553999979, -17.818156783999939, 0.0 ], [ -50.922125967999932, -17.818162720999965, 0.0 ], [ -50.922109610999939, -17.818171175999964, 0.0 ], [ -50.922088952999957, -17.81816516899994, 0.0 ], [ -50.922062147999952, -17.818162623999967, 0.0 ], [ -50.922055975999967, -17.818132412999944, 0.0 ], [ -50.922051366999938, -17.818117499999971, 0.0 ], [ -50.922045606999973, -17.818101707999972, 0.0 ], [ -50.922042268999974, -17.818092976999935, 0.0 ], [ -50.922038751999935, -17.818083516999934, 0.0 ], [ -50.922035028999971, -17.818072125999947, 0.0 ], [ -50.922033291999981, -17.818065102999981, 0.0 ], [ -50.922031979999986, -17.818056096999953, 0.0 ], [ -50.922044204999963, -17.818034308999927, 0.0 ], [ -50.922056289999944, -17.818013512999983, 0.0 ], [ -50.922070295999958, -17.817989300999955, 0.0 ], [ -50.92208342899994, -17.817966229999968, 0.0 ], [ -50.922097624999935, -17.817940548999957, 0.0 ], [ -50.922107424999979, -17.817922628999952, 0.0 ], [ -50.922115195999936, -17.817908986999953, 0.0 ], [ -50.922131866999962, -17.817883045999963, 0.0 ], [ -50.922144389999971, -17.817865514999937, 0.0 ], [ -50.922153551999941, -17.817851187999963, 0.0 ], [ -50.922163055999931, -17.817831909999938, 0.0 ], [ -50.922169727999972, -17.817806977999965, 0.0 ], [ -50.922169658999962, -17.817780632999927, 0.0 ], [ -50.922163879999971, -17.817759157999944, 0.0 ], [ -50.922151843999984, -17.817737740999974, 0.0 ], [ -50.922145213999954, -17.817730161999975, 0.0 ], [ -50.922137693999957, -17.817721566999978, 0.0 ], [ -50.922116217999985, -17.817703740999946, 0.0 ], [ -50.922098730999949, -17.817691628999967, 0.0 ], [ -50.922083197999939, -17.817680902999939, 0.0 ], [ -50.922069325999985, -17.817670199999952, 0.0 ], [ -50.922055973999932, -17.817658515999938, 0.0 ], [ -50.922045265999941, -17.81764801099996, 0.0 ], [ -50.922032919999936, -17.817634547999944, 0.0 ], [ -50.922020629999963, -17.817619733999948, 0.0 ], [ -50.922006685999975, -17.81760150599996, 0.0 ], [ -50.921994132999941, -17.817585513999973, 0.0 ], [ -50.92197972699995, -17.817570153999952, 0.0 ], [ -50.921957814999985, -17.81755335899993, 0.0 ], [ -50.921924485999966, -17.817540715999939, 0.0 ], [ -50.921895662999987, -17.817536230999963, 0.0 ], [ -50.921867419999955, -17.817533185999935, 0.0 ], [ -50.921846660999961, -17.817531097999961, 0.0 ], [ -50.921823527999948, -17.817528603999961, 0.0 ], [ -50.921797236999964, -17.81752494899996, 0.0 ], [ -50.921782339999936, -17.817522046999954, 0.0 ], [ -50.921769518999952, -17.817518984999936, 0.0 ], [ -50.921750774999964, -17.81751397599993, 0.0 ], [ -50.921731582999939, -17.817508657999952, 0.0 ], [ -50.921711265999932, -17.817503092999971, 0.0 ], [ -50.921695668999973, -17.817498997999962, 0.0 ], [ -50.921679603999962, -17.817495221999934, 0.0 ], [ -50.921661687999972, -17.817492112999957, 0.0 ], [ -50.921645096999953, -17.817491453999935, 0.0 ], [ -50.921612309999944, -17.817497601999946, 0.0 ], [ -50.921582926999974, -17.817551517999959, 0.0 ], [ -50.921635530999936, -17.81761060499997, 0.0 ], [ -50.921611208999934, -17.817626996999934, 0.0 ], [ -50.921601304999967, -17.817631739999968, 0.0 ], [ -50.921589542999982, -17.817636229999948, 0.0 ], [ -50.92156794999994, -17.817645497999933, 0.0 ], [ -50.921538562999956, -17.817667656999959, 0.0 ], [ -50.921525372999952, -17.817691622999973, 0.0 ], [ -50.921518151999976, -17.817707551999945, 0.0 ], [ -50.921511891999955, -17.817716842999971, 0.0 ], [ -50.921504022999954, -17.817729904999965, 0.0 ] ] ] ] } },
{ "type": "Feature", "properties": { "OID_": 0, "Name": "Placemark", "FolderPath": "Document", "SymbolID": 0, "AltMode": 0, "Base": 0.0, "Clamped": -1, "Extruded": 0, "Snippet": null, "PopupInfo": "<html xmlns:fo=\"http://www.w3.org/1999/XSL/Format\" xmlns:msxsl=\"urn:schemas-microsoft-com:xslt\"><head><META http-equiv=\"Content-Type\" content=\"text/html\"><meta http-equiv=\"content-type\" content=\"text/html; charset=UTF-8\"></head><body style=\"margin:0px 0p", "Shape_Leng": 0.0134694166, "Shape_Area": 8.88263e-06 }, "geometry": { "type": "MultiPolygon", "coordinates": [ [ [ [ -50.927437416999965, -17.817589358999953, 0.0 ], [ -50.927416973999982, -17.817628842999966, 0.0 ], [ -50.927393692999942, -17.81766123899996, 0.0 ], [ -50.927365127999963, -17.817685530999938, 0.0 ], [ -50.92734183999994, -17.817734126999937, 0.0 ], [ -50.927280166999935, -17.817759700999943, 0.0 ], [ -50.927177055999948, -17.817777971999931, 0.0 ], [ -50.927154006999956, -17.81780002499994, 0.0 ], [ -50.92711412899996, -17.817835187999947, 0.0 ], [ -50.927097128999947, -17.817848352999931, 0.0 ], [ -50.927064538999957, -17.817871389999937, 0.0 ], [ -50.927020209999966, -17.817894670999976, 0.0 ], [ -50.926995162999958, -17.817919525999969, 0.0 ], [ -50.926954271999932, -17.817938088999938, 0.0 ], [ -50.926792435999971, -17.817969912999956, 0.0 ], [ -50.926688408999951, -17.818011680999973, 0.0 ], [ -50.92662813499993, -17.81802373499994, 0.0 ], [ -50.926512269999932, -17.818056876999947, 0.0 ], [ -50.926449949999949, -17.818097186999978, 0.0 ], [ -50.926344622999977, -17.818138033999958, 0.0 ], [ -50.926246039999967, -17.818195188999937, 0.0 ], [ -50.926186288999986, -17.818238059999942, 0.0 ], [ -50.926111232999972, -17.818286051999962, 0.0 ], [ -50.926057179999987, -17.818323840999938, 0.0 ], [ -50.926052226999957, -17.818326853999963, 0.0 ], [ -50.926003641999955, -17.818356409999978, 0.0 ], [ -50.925959875999979, -17.818396883999981, 0.0 ], [ -50.925929236999934, -17.81843177899998, 0.0 ], [ -50.925913174999948, -17.818483432999926, 0.0 ], [ -50.925905559999933, -17.81860377199996, 0.0 ], [ -50.925904989999935, -17.818677758999968, 0.0 ], [ -50.925908357999958, -17.818719986999952, 0.0 ], [ -50.925919057999977, -17.818781989999934, 0.0 ], [ -50.92593248299994, -17.818842206999932, 0.0 ], [ -50.925941060999946, -17.818882624999958, 0.0 ], [ -50.925946750999969, -17.818921215999978, 0.0 ], [ -50.925948713999958, -17.818954232999943, 0.0 ], [ -50.925946846999977, -17.818981906999966, 0.0 ], [ -50.925944388999937, -17.818995211999948, 0.0 ], [ -50.925938390999931, -17.819016022999961, 0.0 ], [ -50.925931055999968, -17.819038607999971, 0.0 ], [ -50.925925619999987, -17.819057337999936, 0.0 ], [ -50.92591804999995, -17.819088241999964, 0.0 ], [ -50.92591357799995, -17.819112787999927, 0.0 ], [ -50.925911561999953, -17.819121770999971, 0.0 ], [ -50.925908524999954, -17.819127873999946, 0.0 ], [ -50.925904884999966, -17.819133686999976, 0.0 ], [ -50.925898702999973, -17.81914007499995, 0.0 ], [ -50.926091493999934, -17.819355127999927, 0.0 ], [ -50.926115962999972, -17.819382421999933, 0.0 ], [ -50.926124838999954, -17.819392321999942, 0.0 ], [ -50.92615387799998, -17.819431958999928, 0.0 ], [ -50.926219811999943, -17.819559369999979, 0.0 ], [ -50.926474970999948, -17.819878436999943, 0.0 ], [ -50.926807359999941, -17.820327688999953, 0.0 ], [ -50.926894279999942, -17.820432861999961, 0.0 ], [ -50.926894441999934, -17.820432748999963, 0.0 ], [ -50.927191390999951, -17.820235515999968, 0.0 ], [ -50.927295798999978, -17.820171589999973, 0.0 ], [ -50.927694075999966, -17.819927734999965, 0.0 ], [ -50.928627751999954, -17.819402737999951, 0.0 ], [ -50.928744531999939, -17.819337072999929, 0.0 ], [ -50.929571016999944, -17.818879395999943, 0.0 ], [ -50.929812597999955, -17.818775679999931, 0.0 ], [ -50.930596131999948, -17.818554284999948, 0.0 ], [ -50.930628017999936, -17.818520707999937, 0.0 ], [ -50.93064596499994, -17.818470310999942, 0.0 ], [ -50.930787211999984, -17.817654582999978, 0.0 ], [ -50.930734394999945, -17.817653883999981, 0.0 ], [ -50.930683761999944, -17.817635377999977, 0.0 ], [ -50.930653544999984, -17.817609239999967, 0.0 ], [ -50.93063084399995, -17.817591696999955, 0.0 ], [ -50.930605772999968, -17.81757341399998, 0.0 ], [ -50.930586232999985, -17.817562953999982, 0.0 ], [ -50.930572151999968, -17.817557447999945, 0.0 ], [ -50.93054753399997, -17.817548353999939, 0.0 ], [ -50.930519276999973, -17.817543891999946, 0.0 ], [ -50.930498473999933, -17.817540650999945, 0.0 ], [ -50.93047964699997, -17.81754039599997, 0.0 ], [ -50.930458947999966, -17.817543038999929, 0.0 ], [ -50.930436877999966, -17.817546927999956, 0.0 ], [ -50.930423889999986, -17.817549216999964, 0.0 ], [ -50.930398953999941, -17.817549041999939, 0.0 ], [ -50.930378089999977, -17.817540127999962, 0.0 ], [ -50.930333062999978, -17.817523832999939, 0.0 ], [ -50.930315872999984, -17.817505935999975, 0.0 ], [ -50.930294943999968, -17.817485890999933, 0.0 ], [ -50.930275844999983, -17.817453837999949, 0.0 ], [ -50.930264335999937, -17.81742970099998, 0.0 ], [ -50.930243901999972, -17.817402582999932, 0.0 ], [ -50.930242221999947, -17.817370293999943, 0.0 ], [ -50.930236939999986, -17.81733862599998, 0.0 ], [ -50.930223051999974, -17.817316454999968, 0.0 ], [ -50.930206612999939, -17.817310804999977, 0.0 ], [ -50.930180373999974, -17.817307572999937, 0.0 ], [ -50.930162050999968, -17.817306299999927, 0.0 ], [ -50.930138481999961, -17.817309876999957, 0.0 ], [ -50.930115855999986, -17.817313479999939, 0.0 ], [ -50.930085686999973, -17.817318884999963, 0.0 ], [ -50.930046760999971, -17.817323427999952, 0.0 ], [ -50.930022247999943, -17.817327931999955, 0.0 ], [ -50.929989252999974, -17.817330176999974, 0.0 ], [ -50.929964421999955, -17.817337455999962, 0.0 ], [ -50.929924687999971, -17.817341943999963, 0.0 ], [ -50.929900630999953, -17.817347294999934, 0.0 ], [ -50.929885590999959, -17.817346749999956, 0.0 ], [ -50.929868020999947, -17.817329667999957, 0.0 ], [ -50.929854276999947, -17.81731366799994, 0.0 ], [ -50.929843241999947, -17.817300397999929, 0.0 ], [ -50.929830987999935, -17.817287331999978, 0.0 ], [ -50.929819744999975, -17.81727712199995, 0.0 ], [ -50.929805968999972, -17.817269864999957, 0.0 ], [ -50.929788167999959, -17.817266394999933, 0.0 ], [ -50.929766092999955, -17.817267407999964, 0.0 ], [ -50.929743637999934, -17.81727154899994, 0.0 ], [ -50.929719732999956, -17.817277248999972, 0.0 ], [ -50.929690476999951, -17.817283294999982, 0.0 ], [ -50.929662077999978, -17.817286441999954, 0.0 ], [ -50.929598144999943, -17.817282545999944, 0.0 ], [ -50.929578541999945, -17.817279934999931, 0.0 ], [ -50.929551968999931, -17.817276579999941, 0.0 ], [ -50.929534530999945, -17.817274505999933, 0.0 ], [ -50.929487390999952, -17.817271262999952, 0.0 ], [ -50.929469109999957, -17.817270532999942, 0.0 ], [ -50.929434220999951, -17.817269373999977, 0.0 ], [ -50.929413865999948, -17.81726871099994, 0.0 ], [ -50.929402015999983, -17.81726832499993, 0.0 ], [ -50.929356838999979, -17.817265321999969, 0.0 ], [ -50.929294342999981, -17.817256836999945, 0.0 ], [ -50.929258124999933, -17.817251897999938, 0.0 ], [ -50.929234776999976, -17.817246385999965, 0.0 ], [ -50.92921574199994, -17.81723846899996, 0.0 ], [ -50.929199217999951, -17.817234335999956, 0.0 ], [ -50.92918736699994, -17.81722676499993, 0.0 ], [ -50.929161791999945, -17.817213642999945, 0.0 ], [ -50.92915138099994, -17.817196785999954, 0.0 ], [ -50.929140460999974, -17.817191470999944, 0.0 ], [ -50.92913045399996, -17.817187580999928, 0.0 ], [ -50.929105122999943, -17.817195144999971, 0.0 ], [ -50.929093468999952, -17.817202321999957, 0.0 ], [ -50.929078581999931, -17.817224148999969, 0.0 ], [ -50.929065667999964, -17.817236401999935, 0.0 ], [ -50.929056120999974, -17.817243872999939, 0.0 ], [ -50.929044399999952, -17.817255579999937, 0.0 ], [ -50.929030079999961, -17.817287224999973, 0.0 ], [ -50.929014769999981, -17.817301429999929, 0.0 ], [ -50.928987869999958, -17.81731937099994, 0.0 ], [ -50.928951865999977, -17.817351935999966, 0.0 ], [ -50.928928887999973, -17.817372229999933, 0.0 ], [ -50.928885806999972, -17.817404497999974, 0.0 ], [ -50.928862235999986, -17.817431556999964, 0.0 ], [ -50.928848087999938, -17.817460875999927, 0.0 ], [ -50.928830408999943, -17.817487937999942, 0.0 ], [ -50.928796023999951, -17.817529807999961, 0.0 ], [ -50.928739534999977, -17.817556808999939, 0.0 ], [ -50.92868915899993, -17.817576105999933, 0.0 ], [ -50.928643779999959, -17.817588932999968, 0.0 ], [ -50.928608827999938, -17.817594868999947, 0.0 ], [ -50.928578283999968, -17.817600057999982, 0.0 ], [ -50.928525819999948, -17.81760302899994, 0.0 ], [ -50.928489619999937, -17.817602213999976, 0.0 ], [ -50.928446833999942, -17.817598300999975, 0.0 ], [ -50.928400124999939, -17.817590328999927, 0.0 ], [ -50.928352985999936, -17.817578203999972, 0.0 ], [ -50.928331867999987, -17.81757003499996, 0.0 ], [ -50.928302224999982, -17.817558567999981, 0.0 ], [ -50.928269386999943, -17.817545862999964, 0.0 ], [ -50.928233004999981, -17.817527073999941, 0.0 ], [ -50.92821536699995, -17.81751632199996, 0.0 ], [ -50.928171986999985, -17.81748764699995, 0.0 ], [ -50.928141488999984, -17.817463637999936, 0.0 ], [ -50.928114360999984, -17.817439458999957, 0.0 ], [ -50.928104425999948, -17.817427412999962, 0.0 ], [ -50.928085571999986, -17.817404548999946, 0.0 ], [ -50.928068147999966, -17.817379206999931, 0.0 ], [ -50.928055919999963, -17.817355892999956, 0.0 ], [ -50.928048348999937, -17.817336225999952, 0.0 ], [ -50.928037139999958, -17.817285114999947, 0.0 ], [ -50.928030563999982, -17.817246305999959, 0.0 ], [ -50.928024447999974, -17.817215433999934, 0.0 ], [ -50.928017388999933, -17.817194633999975, 0.0 ], [ -50.92798899099995, -17.817146929999979, 0.0 ], [ -50.927969268999959, -17.817126384999938, 0.0 ], [ -50.927952857999969, -17.81711355799996, 0.0 ], [ -50.927915802999962, -17.817097777999948, 0.0 ], [ -50.927896324999949, -17.817097739999952, 0.0 ], [ -50.927878068999973, -17.81710641899997, 0.0 ], [ -50.927863812999931, -17.81711695499996, 0.0 ], [ -50.927849328999969, -17.817130800999962, 0.0 ], [ -50.927832399999943, -17.817150389999938, 0.0 ], [ -50.927785603999951, -17.817174525999974, 0.0 ], [ -50.927762180999935, -17.817196200999945, 0.0 ], [ -50.927735333999976, -17.817220228999929, 0.0 ], [ -50.927714932999947, -17.817238303999943, 0.0 ], [ -50.927688899999964, -17.817261532999964, 0.0 ], [ -50.927675001999944, -17.817274292999969, 0.0 ], [ -50.927643681999939, -17.81730444699997, 0.0 ], [ -50.92761668299994, -17.817331930999956, 0.0 ], [ -50.927591597999935, -17.817358515999956, 0.0 ], [ -50.927555578999943, -17.817398089999926, 0.0 ], [ -50.927527085999941, -17.817430223999963, 0.0 ], [ -50.927489055999956, -17.817502292999961, 0.0 ], [ -50.927463710999973, -17.817558989999952, 0.0 ], [ -50.927437416999965, -17.817589358999953, 0.0 ] ] ] ] } },
{ "type": "Feature", "properties": { "OID_": 0, "Name": "Placemark", "FolderPath": "Document", "SymbolID": 0, "AltMode": 0, "Base": 0.0, "Clamped": -1, "Extruded": 0, "Snippet": null, "PopupInfo": "<html xmlns:fo=\"http://www.w3.org/1999/XSL/Format\" xmlns:msxsl=\"urn:schemas-microsoft-com:xslt\"><head><META http-equiv=\"Content-Type\" content=\"text/html\"><meta http-equiv=\"content-type\" content=\"text/html; charset=UTF-8\"></head><body style=\"margin:0px 0p", "Shape_Leng": 0.02381270593, "Shape_Area": 3.187799e-05 }, "geometry": { "type": "MultiPolygon", "coordinates": [ [ [ [ -50.935788090999949, -17.825421712999969, 0.0 ], [ -50.935892806999959, -17.825848633999954, 0.0 ], [ -50.936229806999961, -17.825774599999932, 0.0 ], [ -50.936275935999959, -17.825764859999936, 0.0 ], [ -50.936283615999969, -17.825760635999927, 0.0 ], [ -50.939108061999946, -17.825166861999946, 0.0 ], [ -50.940945995999982, -17.824778761999937, 0.0 ], [ -50.941004847999977, -17.824768044999928, 0.0 ], [ -50.941064250999943, -17.824760627999979, 0.0 ], [ -50.94112400399996, -17.824756535999938, 0.0 ], [ -50.94126614399994, -17.824754133999932, 0.0 ], [ -50.941408233999937, -17.824758434999978, 0.0 ], [ -50.941549931999987, -17.824769429999947, 0.0 ], [ -50.941690892999986, -17.824787088999926, 0.0 ], [ -50.941830775999961, -17.824811372999932, 0.0 ], [ -50.941969241999971, -17.824842220999926, 0.0 ], [ -50.942105954999931, -17.824879558999953, 0.0 ], [ -50.942240582999943, -17.824923295999952, 0.0 ], [ -50.942436704999977, -17.824987717999932, 0.0 ], [ -50.942569393999975, -17.825033858999973, 0.0 ], [ -50.942701369999952, -17.825081835999981, 0.0 ], [ -50.942718587999934, -17.825087500999928, 0.0 ], [ -50.942744102999939, -17.825092810999934, 0.0 ], [ -50.942769244999965, -17.825094688999968, 0.0 ], [ -50.94277339599995, -17.825094688999968, 0.0 ], [ -50.94301629499995, -17.825185775999955, 0.0 ], [ -50.943291767999938, -17.824573028999964, 0.0 ], [ -50.943191922999972, -17.824479132999954, 0.0 ], [ -50.943110176999937, -17.824397796999961, 0.0 ], [ -50.94305714099994, -17.824328427999944, 0.0 ], [ -50.942975715999978, -17.824186341999962, 0.0 ], [ -50.94291052799997, -17.824052625999968, 0.0 ], [ -50.942858145999935, -17.823891899999978, 0.0 ], [ -50.942816248999975, -17.823732612999947, 0.0 ], [ -50.942789132999962, -17.823614714999962, 0.0 ], [ -50.94277737699997, -17.823484361999931, 0.0 ], [ -50.942786407999961, -17.823352351999972, 0.0 ], [ -50.942816404999974, -17.823241872999972, 0.0 ], [ -50.942853887999945, -17.82314861499998, 0.0 ], [ -50.942889864999984, -17.823078313999929, 0.0 ], [ -50.942925836999962, -17.823020927999949, 0.0 ], [ -50.942208996999966, -17.82224382499993, 0.0 ], [ -50.941769014999977, -17.821989593999945, 0.0 ], [ -50.941241619999971, -17.821813061999933, 0.0 ], [ -50.940005904999964, -17.821187900999973, 0.0 ], [ -50.939288173999955, -17.820885749999945, 0.0 ], [ -50.938770157999954, -17.820682309999938, 0.0 ], [ -50.938470585999937, -17.820550681999975, 0.0 ], [ -50.937837095999953, -17.820341223999947, 0.0 ], [ -50.937705019999953, -17.820230067999944, 0.0 ], [ -50.937257490999968, -17.820089002999964, 0.0 ], [ -50.937063712999986, -17.820047196999951, 0.0 ], [ -50.936808843999984, -17.820018709999943, 0.0 ], [ -50.936558824999963, -17.819976691999955, 0.0 ], [ -50.936299691999977, -17.819954377999977, 0.0 ], [ -50.936016629999983, -17.819962721999957, 0.0 ], [ -50.935733595999977, -17.819932410999968, 0.0 ], [ -50.935319180999954, -17.821439078999958, 0.0 ], [ -50.935166049999964, -17.821995056999981, 0.0 ], [ -50.935116031999939, -17.82222223499997, 0.0 ], [ -50.935094135999975, -17.822356750999973, 0.0 ], [ -50.935094088999961, -17.822485293999932, 0.0 ], [ -50.935159824999971, -17.822811160999947, 0.0 ], [ -50.935788090999949, -17.825421712999969, 0.0 ] ] ] ] } },
{ "type": "Feature", "properties": { "OID_": 0, "Name": "Placemark", "FolderPath": "Document", "SymbolID": 0, "AltMode": 0, "Base": 0.0, "Clamped": -1, "Extruded": 0, "Snippet": null, "PopupInfo": "<html xmlns:fo=\"http://www.w3.org/1999/XSL/Format\" xmlns:msxsl=\"urn:schemas-microsoft-com:xslt\"><head><META http-equiv=\"Content-Type\" content=\"text/html\"><meta http-equiv=\"content-type\" content=\"text/html; charset=UTF-8\"></head><body style=\"margin:0px 0p", "Shape_Leng": 0.02955285492, "Shape_Area": 2.225145e-05 }, "geometry": { "type": "MultiPolygon", "coordinates": [ [ [ [ -50.931820598999934, -17.813826678999931, 0.0 ], [ -50.931929885999978, -17.813310126999966, 0.0 ], [ -50.931976515999963, -17.81307628199994, 0.0 ], [ -50.932008, -17.81292088999993, 0.0 ], [ -50.932044995999945, -17.812856968999938, 0.0 ], [ -50.932638055999973, -17.811820437999927, 0.0 ], [ -50.93231940499993, -17.811668286999975, 0.0 ], [ -50.932708911999953, -17.811006901999974, 0.0 ], [ -50.933085145999939, -17.81041068299993, 0.0 ], [ -50.93347621199996, -17.809903385999974, 0.0 ], [ -50.933728344999963, -17.809603652999954, 0.0 ], [ -50.934251218999975, -17.809073213999966, 0.0 ], [ -50.934586207999985, -17.808738747999939, 0.0 ], [ -50.93499978899996, -17.808358533999979, 0.0 ], [ -50.935059285999955, -17.808306426999934, 0.0 ], [ -50.935996570999976, -17.807451054999945, 0.0 ], [ -50.935931538999967, -17.807386935999943, 0.0 ], [ -50.936165967999955, -17.807165399999974, 0.0 ], [ -50.93593900299993, -17.806944975999954, 0.0 ], [ -50.935885859999985, -17.806898912999941, 0.0 ], [ -50.936304844999938, -17.806518807999964, 0.0 ], [ -50.936145747999944, -17.806296176999979, 0.0 ], [ -50.93662569199995, -17.80592908899996, 0.0 ], [ -50.936531289999948, -17.805639722999956, 0.0 ], [ -50.936628458999962, -17.805580341999928, 0.0 ], [ -50.936670486999958, -17.805557176999969, 0.0 ], [ -50.936995270999944, -17.805353089999983, 0.0 ], [ -50.937375047999979, -17.805809202999967, 0.0 ], [ -50.937502090999942, -17.805722488999947, 0.0 ], [ -50.937538386999961, -17.805765277999967, 0.0 ], [ -50.937607298999978, -17.805723823999926, 0.0 ], [ -50.938254340999947, -17.805229523999969, 0.0 ], [ -50.938291407999941, -17.805212199999971, 0.0 ], [ -50.937656018999974, -17.804111064999972, 0.0 ], [ -50.937514991999933, -17.803859022999973, 0.0 ], [ -50.937490150999963, -17.803871560999937, 0.0 ], [ -50.936870029999966, -17.804244008999945, 0.0 ], [ -50.93545153599996, -17.805526489999977, 0.0 ], [ -50.935411066999961, -17.805569876999982, 0.0 ], [ -50.933322670999985, -17.806794897999964, 0.0 ], [ -50.929755280999984, -17.811837274999959, 0.0 ], [ -50.929558129999975, -17.812109939999971, 0.0 ], [ -50.92929494699996, -17.812473927999974, 0.0 ], [ -50.929740856999956, -17.812800621999941, 0.0 ], [ -50.93020433099997, -17.813076966999972, 0.0 ], [ -50.931423838999933, -17.813659541999982, 0.0 ], [ -50.931820598999934, -17.813826678999931, 0.0 ] ] ] ] } },
{ "type": "Feature", "properties": { "OID_": 0, "Name": "Placemark", "FolderPath": "Document", "SymbolID": 0, "AltMode": 0, "Base": 0.0, "Clamped": -1, "Extruded": 0, "Snippet": null, "PopupInfo": "<html xmlns:fo=\"http://www.w3.org/1999/XSL/Format\" xmlns:msxsl=\"urn:schemas-microsoft-com:xslt\"><head><META http-equiv=\"Content-Type\" content=\"text/html\"><meta http-equiv=\"content-type\" content=\"text/html; charset=UTF-8\"></head><body style=\"margin:0px 0p", "Shape_Leng": 0.02439734307, "Shape_Area": 1.706225e-05 }, "geometry": { "type": "MultiPolygon", "coordinates": [ [ [ [ -50.944186531999947, -17.811327235999954, 0.0 ], [ -50.944074352999962, -17.811338603999957, 0.0 ], [ -50.941829126999949, -17.811552171999949, 0.0 ], [ -50.942329679999943, -17.812603387999957, 0.0 ], [ -50.942768600999955, -17.813018007999972, 0.0 ], [ -50.943134403999977, -17.813363555999956, 0.0 ], [ -50.944376429999977, -17.814353122999933, 0.0 ], [ -50.948066708999932, -17.814041779999968, 0.0 ], [ -50.947523661999981, -17.812482212999953, 0.0 ], [ -50.948366243999942, -17.812658213999953, 0.0 ], [ -50.950525404999951, -17.813054461999968, 0.0 ], [ -50.95080552099995, -17.812875499999961, 0.0 ], [ -50.950804378999976, -17.812875510999959, 0.0 ], [ -50.950722462999977, -17.812855527999943, 0.0 ], [ -50.950582657999973, -17.812808200999939, 0.0 ], [ -50.950338563999935, -17.812596747999976, 0.0 ], [ -50.950238403999947, -17.812553673999957, 0.0 ], [ -50.949828454999931, -17.812428473999944, 0.0 ], [ -50.949737396999979, -17.812410077999971, 0.0 ], [ -50.949659133999944, -17.812380393999945, 0.0 ], [ -50.949572670999942, -17.81234907299995, 0.0 ], [ -50.949386843999946, -17.812141104999967, 0.0 ], [ -50.949174311999968, -17.812118742999928, 0.0 ], [ -50.948933204999946, -17.812072163999972, 0.0 ], [ -50.948803835999968, -17.812026367999977, 0.0 ], [ -50.948724689999949, -17.81198608699998, 0.0 ], [ -50.948399759999973, -17.811742572999947, 0.0 ], [ -50.948100939999961, -17.811583712999948, 0.0 ], [ -50.94799454799994, -17.811518128999978, 0.0 ], [ -50.947828715999947, -17.811372263999942, 0.0 ], [ -50.947710017999952, -17.811216601999945, 0.0 ], [ -50.947547482999937, -17.811015239999961, 0.0 ], [ -50.947390141999961, -17.810882871999979, 0.0 ], [ -50.947334706999982, -17.810834564999936, 0.0 ], [ -50.94710149399998, -17.810717512999929, 0.0 ], [ -50.946642761999954, -17.809963489999973, 0.0 ], [ -50.947056405999945, -17.811150436999981, 0.0 ], [ -50.944669857999941, -17.811278258999948, 0.0 ], [ -50.944186531999947, -17.811327235999954, 0.0 ] ] ] ] } },
{ "type": "Feature", "properties": { "OID_": 0, "Name": "Placemark", "FolderPath": "Document", "SymbolID": 0, "AltMode": 0, "Base": 0.0, "Clamped": -1, "Extruded": 0, "Snippet": null, "PopupInfo": "<html xmlns:fo=\"http://www.w3.org/1999/XSL/Format\" xmlns:msxsl=\"urn:schemas-microsoft-com:xslt\"><head><META http-equiv=\"Content-Type\" content=\"text/html\"><meta http-equiv=\"content-type\" content=\"text/html; charset=UTF-8\"></head><body style=\"margin:0px 0p", "Shape_Leng": 0.01098322705, "Shape_Area": 7.18139e-06 }, "geometry": { "type": "MultiPolygon", "coordinates": [ [ [ [ -50.942892552999979, -17.810151413999961, 0.0 ], [ -50.943385571999954, -17.810645552999972, 0.0 ], [ -50.943702938999934, -17.810963638999965, 0.0 ], [ -50.944074352999962, -17.811338603999957, 0.0 ], [ -50.944669857999941, -17.811278258999948, 0.0 ], [ -50.947056405999945, -17.811150436999981, 0.0 ], [ -50.946642761999954, -17.809963489999973, 0.0 ], [ -50.946241405999956, -17.809539600999926, 0.0 ], [ -50.946068809999986, -17.809389432999978, 0.0 ], [ -50.945814849999977, -17.809208105999971, 0.0 ], [ -50.945568962999971, -17.809018902999981, 0.0 ], [ -50.945231411999941, -17.808723268999927, 0.0 ], [ -50.944943709999961, -17.808453435999979, 0.0 ], [ -50.944898620999936, -17.808493604999967, 0.0 ], [ -50.944344425999986, -17.808917258999941, 0.0 ], [ -50.94427656299996, -17.808965450999949, 0.0 ], [ -50.944087732999947, -17.809104218999948, 0.0 ], [ -50.943709824999985, -17.809385425999949, 0.0 ], [ -50.943525013999931, -17.809513146999961, 0.0 ], [ -50.943600351999976, -17.809607472999971, 0.0 ], [ -50.942892552999979, -17.810151413999961, 0.0 ] ] ] ] } },
{ "type": "Feature", "properties": { "OID_": 0, "Name": "Placemark", "FolderPath": "Document", "SymbolID": 0, "AltMode": 0, "Base": 0.0, "Clamped": -1, "Extruded": 0, "Snippet": null, "PopupInfo": "<html xmlns:fo=\"http://www.w3.org/1999/XSL/Format\" xmlns:msxsl=\"urn:schemas-microsoft-com:xslt\"><head><META http-equiv=\"Content-Type\" content=\"text/html\"><meta http-equiv=\"content-type\" content=\"text/html; charset=UTF-8\"></head><body style=\"margin:0px 0p", "Shape_Leng": 0.00821335843, "Shape_Area": 3.6947e-06 }, "geometry": { "type": "MultiPolygon", "coordinates": [ [ [ [ -50.944526296999982, -17.808008990999951, 0.0 ], [ -50.94407601599994, -17.807626558999971, 0.0 ], [ -50.943826047999949, -17.807397679999951, 0.0 ], [ -50.94334594999998, -17.807857708999961, 0.0 ], [ -50.942900890999965, -17.808314094999957, 0.0 ], [ -50.942386338999938, -17.808837169999947, 0.0 ], [ -50.942318735999947, -17.808905891999927, 0.0 ], [ -50.94198621399994, -17.809239964999961, 0.0 ], [ -50.942015314999935, -17.809268685999939, 0.0 ], [ -50.942583570999943, -17.809836617999963, 0.0 ], [ -50.942892552999979, -17.810151413999961, 0.0 ], [ -50.943600351999976, -17.809607472999971, 0.0 ], [ -50.943525013999931, -17.809513146999961, 0.0 ], [ -50.943709824999985, -17.809385425999949, 0.0 ], [ -50.944087732999947, -17.809104218999948, 0.0 ], [ -50.94427656299996, -17.808965450999949, 0.0 ], [ -50.944344425999986, -17.808917258999941, 0.0 ], [ -50.944898620999936, -17.808493604999967, 0.0 ], [ -50.944943709999961, -17.808453435999979, 0.0 ], [ -50.944800201999954, -17.808295495999971, 0.0 ], [ -50.944526296999982, -17.808008990999951, 0.0 ] ] ] ] } },
{ "type": "Feature", "properties": { "OID_": 0, "Name": "Placemark", "FolderPath": "Document", "SymbolID": 0, "AltMode": 0, "Base": 0.0, "Clamped": -1, "Extruded": 0, "Snippet": null, "PopupInfo": "<html xmlns:fo=\"http://www.w3.org/1999/XSL/Format\" xmlns:msxsl=\"urn:schemas-microsoft-com:xslt\"><head><META http-equiv=\"Content-Type\" content=\"text/html\"><meta http-equiv=\"content-type\" content=\"text/html; charset=UTF-8\"></head><body style=\"margin:0px 0p", "Shape_Leng": 0.01976767573, "Shape_Area": 1.488729e-05 }, "geometry": { "type": "MultiPolygon", "coordinates": [ [ [ [ -50.937607298999978, -17.805723823999926, 0.0 ], [ -50.937538386999961, -17.805765277999967, 0.0 ], [ -50.937502090999942, -17.805722488999947, 0.0 ], [ -50.937375047999979, -17.805809202999967, 0.0 ], [ -50.936995270999944, -17.805353089999983, 0.0 ], [ -50.936670486999958, -17.805557176999969, 0.0 ], [ -50.936628458999962, -17.805580341999928, 0.0 ], [ -50.936531289999948, -17.805639722999956, 0.0 ], [ -50.93662569199995, -17.80592908899996, 0.0 ], [ -50.936145747999944, -17.806296176999979, 0.0 ], [ -50.936304844999938, -17.806518807999964, 0.0 ], [ -50.935885859999985, -17.806898912999941, 0.0 ], [ -50.93593900299993, -17.806944975999954, 0.0 ], [ -50.936165967999955, -17.807165399999974, 0.0 ], [ -50.935931538999967, -17.807386935999943, 0.0 ], [ -50.935996570999976, -17.807451054999945, 0.0 ], [ -50.935059285999955, -17.808306426999934, 0.0 ], [ -50.93499978899996, -17.808358533999979, 0.0 ], [ -50.934586207999985, -17.808738747999939, 0.0 ], [ -50.934251218999975, -17.809073213999966, 0.0 ], [ -50.933728344999963, -17.809603652999954, 0.0 ], [ -50.93347621199996, -17.809903385999974, 0.0 ], [ -50.933871399999987, -17.809967694999955, 0.0 ], [ -50.933862784999974, -17.809982809999951, 0.0 ], [ -50.933935890999976, -17.809994272999973, 0.0 ], [ -50.93608117399998, -17.810336371999938, 0.0 ], [ -50.937707490999969, -17.81059615199996, 0.0 ], [ -50.937730069999986, -17.81060008299994, 0.0 ], [ -50.937766708999959, -17.810606008999969, 0.0 ], [ -50.937769085999946, -17.810597565999956, 0.0 ], [ -50.937824882999962, -17.81028133999996, 0.0 ], [ -50.937897702999976, -17.809884969999928, 0.0 ], [ -50.937973042999943, -17.809730435999938, 0.0 ], [ -50.938151385999959, -17.809462933999953, 0.0 ], [ -50.938628803999961, -17.809017378999954, 0.0 ], [ -50.938665404999938, -17.808964952999929, 0.0 ], [ -50.937734742999965, -17.808012046999977, 0.0 ], [ -50.938009338999962, -17.807766343999958, 0.0 ], [ -50.937973194999984, -17.807623730999978, 0.0 ], [ -50.939205478999952, -17.806429901999934, 0.0 ], [ -50.938941883999973, -17.80616667299995, 0.0 ], [ -50.93893765599995, -17.806162866999955, 0.0 ], [ -50.938619676999963, -17.805823447999956, 0.0 ], [ -50.938515732999974, -17.80561684099996, 0.0 ], [ -50.938291407999941, -17.805212199999971, 0.0 ], [ -50.938254340999947, -17.805229523999969, 0.0 ], [ -50.937607298999978, -17.805723823999926, 0.0 ] ] ] ] } },
{ "type": "Feature", "properties": { "OID_": 0, "Name": "Placemark", "FolderPath": "Document", "SymbolID": 0, "AltMode": 0, "Base": 0.0, "Clamped": -1, "Extruded": 0, "Snippet": null, "PopupInfo": "<html xmlns:fo=\"http://www.w3.org/1999/XSL/Format\" xmlns:msxsl=\"urn:schemas-microsoft-com:xslt\"><head><META http-equiv=\"Content-Type\" content=\"text/html\"><meta http-equiv=\"content-type\" content=\"text/html; charset=UTF-8\"></head><body style=\"margin:0px 0p", "Shape_Leng": 0.0316236847, "Shape_Area": 5.159611e-05 }, "geometry": { "type": "MultiPolygon", "coordinates": [ [ [ [ -50.861642927999981, -17.794614102999958, 0.0 ], [ -50.866101568999966, -17.79576672099995, 0.0 ], [ -50.866106898999931, -17.795747799999958, 0.0 ], [ -50.86890533899998, -17.785812436999947, 0.0 ], [ -50.869139878999931, -17.784979690999933, 0.0 ], [ -50.868322316999979, -17.784768348999933, 0.0 ], [ -50.86750374899998, -17.784556743999929, 0.0 ], [ -50.864681484999949, -17.783827140999961, 0.0 ], [ -50.861642927999981, -17.794614102999958, 0.0 ] ] ] ] } },
{ "type": "Feature", "properties": { "OID_": 0, "Name": "Placemark", "FolderPath": "Document", "SymbolID": 0, "AltMode": 0, "Base": 0.0, "Clamped": -1, "Extruded": 0, "Snippet": null, "PopupInfo": "<html xmlns:fo=\"http://www.w3.org/1999/XSL/Format\" xmlns:msxsl=\"urn:schemas-microsoft-com:xslt\"><head><META http-equiv=\"Content-Type\" content=\"text/html\"><meta http-equiv=\"content-type\" content=\"text/html; charset=UTF-8\"></head><body style=\"margin:0px 0p", "Shape_Leng": 0.02232862503, "Shape_Area": 2.879869e-05 }, "geometry": { "type": "MultiPolygon", "coordinates": [ [ [ [ -50.931353395999963, -17.81465107799994, 0.0 ], [ -50.931231552999975, -17.814985848999981, 0.0 ], [ -50.931115887999965, -17.815485038999952, 0.0 ], [ -50.931015842999955, -17.815942381999946, 0.0 ], [ -50.930999592999967, -17.816029287999982, 0.0 ], [ -50.93098344699996, -17.81610726599996, 0.0 ], [ -50.93096744199994, -17.816175179999959, 0.0 ], [ -50.930953574999933, -17.816265613999974, 0.0 ], [ -50.930952566999963, -17.816290963999961, 0.0 ], [ -50.930957303999946, -17.816308183999979, 0.0 ], [ -50.930970879999961, -17.816323933999968, 0.0 ], [ -50.930991344999939, -17.816345463999937, 0.0 ], [ -50.931034461999957, -17.816412720999949, 0.0 ], [ -50.93141908299998, -17.817111809999972, 0.0 ], [ -50.931749099999934, -17.817763248999938, 0.0 ], [ -50.931783086999985, -17.817843657999958, 0.0 ], [ -50.931852438999954, -17.817949777999956, 0.0 ], [ -50.931939560999979, -17.81801497899994, 0.0 ], [ -50.932018980999942, -17.818070754999951, 0.0 ], [ -50.932076623999933, -17.818113108999967, 0.0 ], [ -50.932148065999968, -17.818166922999978, 0.0 ], [ -50.932237179999959, -17.818230224999979, 0.0 ], [ -50.932294724999963, -17.81826293499995, 0.0 ], [ -50.932360151999944, -17.818305201999976, 0.0 ], [ -50.932431575999942, -17.818339869999932, 0.0 ], [ -50.932495290999952, -17.818374632999962, 0.0 ], [ -50.932568771999968, -17.818415081999945, 0.0 ], [ -50.932655967999949, -17.818459314999927, 0.0 ], [ -50.932745135999937, -17.818494016999978, 0.0 ], [ -50.932836634999944, -17.818523282999934, 0.0 ], [ -50.932889428999943, -17.818544767999981, 0.0 ], [ -50.932946442999935, -17.81856725199998, 0.0 ], [ -50.93300652299996, -17.818586782999944, 0.0 ], [ -50.933110100999954, -17.818616987999974, 0.0 ], [ -50.933215432999987, -17.818650218999949, 0.0 ], [ -50.933321873999944, -17.818696787999954, 0.0 ], [ -50.93335108399998, -17.818718512999965, 0.0 ], [ -50.933419916999981, -17.818746467999972, 0.0 ], [ -50.933497363999948, -17.81879450699995, 0.0 ], [ -50.933600862999981, -17.818854415999965, 0.0 ], [ -50.933671957999934, -17.81887325799994, 0.0 ], [ -50.933693283999958, -17.818877534999956, 0.0 ], [ -50.933770076999963, -17.818892934999951, 0.0 ], [ -50.933796644999973, -17.818911807999939, 0.0 ], [ -50.934074851999981, -17.819090699999947, 0.0 ], [ -50.934353058999932, -17.819269592999945, 0.0 ], [ -50.934783040999946, -17.81958180099997, 0.0 ], [ -50.934811855999953, -17.819602723999935, 0.0 ], [ -50.93488178299998, -17.81966407699997, 0.0 ], [ -50.934996373999979, -17.819751022999981, 0.0 ], [ -50.93511561899993, -17.819804301999966, 0.0 ], [ -50.935216626999932, -17.819837654999958, 0.0 ], [ -50.935321397999985, -17.819850040999938, 0.0 ], [ -50.935451931999978, -17.819876077999936, 0.0 ], [ -50.935616121999942, -17.819921233999935, 0.0 ], [ -50.935644129999957, -17.819923898999946, 0.0 ], [ -50.935780335999937, -17.819936856999959, 0.0 ], [ -50.936016629999983, -17.819962721999957, 0.0 ], [ -50.936299691999977, -17.819954377999977, 0.0 ], [ -50.936558824999963, -17.819976691999955, 0.0 ], [ -50.936808843999984, -17.820018709999943, 0.0 ], [ -50.937063712999986, -17.820047196999951, 0.0 ], [ -50.937257490999968, -17.820089002999964, 0.0 ], [ -50.93744617599998, -17.820148824999933, 0.0 ], [ -50.937705019999953, -17.820230067999944, 0.0 ], [ -50.938037382999937, -17.81943812999998, 0.0 ], [ -50.938628670999947, -17.818209623999962, 0.0 ], [ -50.938878930999977, -17.817689659999928, 0.0 ], [ -50.939111576999949, -17.817206286999976, 0.0 ], [ -50.938549038999952, -17.816954068999962, 0.0 ], [ -50.938389662999953, -17.816877931999954, 0.0 ], [ -50.937117894999972, -17.816299472999958, 0.0 ], [ -50.936289699999975, -17.815922763999936, 0.0 ], [ -50.93448833399998, -17.815103387999955, 0.0 ], [ -50.93338902399995, -17.814603338999973, 0.0 ], [ -50.931820598999934, -17.813826678999931, 0.0 ], [ -50.931537679999963, -17.814256541999953, 0.0 ], [ -50.931353395999963, -17.81465107799994, 0.0 ] ] ] ] } },
{ "type": "Feature", "properties": { "OID_": 0, "Name": "Placemark", "FolderPath": "Document", "SymbolID": 0, "AltMode": 0, "Base": 0.0, "Clamped": -1, "Extruded": 0, "Snippet": null, "PopupInfo": "<html xmlns:fo=\"http://www.w3.org/1999/XSL/Format\" xmlns:msxsl=\"urn:schemas-microsoft-com:xslt\"><head><META http-equiv=\"Content-Type\" content=\"text/html\"><meta http-equiv=\"content-type\" content=\"text/html; charset=UTF-8\"></head><body style=\"margin:0px 0p", "Shape_Leng": 0.01618800461, "Shape_Area": 1.090387e-05 }, "geometry": { "type": "MultiPolygon", "coordinates": [ [ [ [ -50.949342404999982, -17.819666432999952, 0.0 ], [ -50.949963507999939, -17.819702124999935, 0.0 ], [ -50.949717301999954, -17.819004990999929, 0.0 ], [ -50.949496513999975, -17.818359120999958, 0.0 ], [ -50.948374672999932, -17.81754419899994, 0.0 ], [ -50.947769238999967, -17.817064320999975, 0.0 ], [ -50.945021313999973, -17.814873142999943, 0.0 ], [ -50.944872587999953, -17.815233037999974, 0.0 ], [ -50.944862784999941, -17.815248301999929, 0.0 ], [ -50.944719198999962, -17.815469392999944, 0.0 ], [ -50.944659184999978, -17.815561800999944, 0.0 ], [ -50.944599252999978, -17.81565408299997, 0.0 ], [ -50.944538569999963, -17.81574752299997, 0.0 ], [ -50.944478376999939, -17.815840205999962, 0.0 ], [ -50.944418180999946, -17.815932895999936, 0.0 ], [ -50.944358579999971, -17.816024666999965, 0.0 ], [ -50.944298060999984, -17.816117851999934, 0.0 ], [ -50.944238910999957, -17.81620892899997, 0.0 ], [ -50.944178443999931, -17.816301687999953, 0.0 ], [ -50.944119113999932, -17.816393388999927, 0.0 ], [ -50.944058945999984, -17.816486032999933, 0.0 ], [ -50.943999115999986, -17.816578155999935, 0.0 ], [ -50.943936120999979, -17.816675153999938, 0.0 ], [ -50.943865718999973, -17.816785984999967, 0.0 ], [ -50.944645476999938, -17.817236543999968, 0.0 ], [ -50.944698144999961, -17.817266287999928, 0.0 ], [ -50.946402270999954, -17.818228717999943, 0.0 ], [ -50.948836786999948, -17.819620232999966, 0.0 ], [ -50.949342404999982, -17.819666432999952, 0.0 ] ] ] ] } },
{ "type": "Feature", "properties": { "OID_": 0, "Name": "Placemark", "FolderPath": "Document", "SymbolID": 0, "AltMode": 0, "Base": 0.0, "Clamped": -1, "Extruded": 0, "Snippet": null, "PopupInfo": "<html xmlns:fo=\"http://www.w3.org/1999/XSL/Format\" xmlns:msxsl=\"urn:schemas-microsoft-com:xslt\"><head><META http-equiv=\"Content-Type\" content=\"text/html\"><meta http-equiv=\"content-type\" content=\"text/html; charset=UTF-8\"></head><body style=\"margin:0px 0p", "Shape_Leng": 0.04062531648, "Shape_Area": 2.219088e-05 }, "geometry": { "type": "MultiPolygon", "coordinates": [ [ [ [ -50.958250257999964, -17.82831280299996, 0.0 ], [ -50.961574134999978, -17.828695550999953, 0.0 ], [ -50.966033204999974, -17.829206174999968, 0.0 ], [ -50.968398994999973, -17.829439744999945, 0.0 ], [ -50.969115639999984, -17.829461853999931, 0.0 ], [ -50.969659801999967, -17.829531483999972, 0.0 ], [ -50.969822284999964, -17.829569339999978, 0.0 ], [ -50.969972645999974, -17.829604036999967, 0.0 ], [ -50.970148368999958, -17.829651655999953, 0.0 ], [ -50.970405257999971, -17.829724510999938, 0.0 ], [ -50.970522895999977, -17.829763325999977, 0.0 ], [ -50.970608156999958, -17.829811904999929, 0.0 ], [ -50.970605851999949, -17.829872007999938, 0.0 ], [ -50.970612495999944, -17.829918496999937, 0.0 ], [ -50.970629082999949, -17.829969800999947, 0.0 ], [ -50.970645132999948, -17.829999744999952, 0.0 ], [ -50.970672276999949, -17.830038254999977, 0.0 ], [ -50.970685795999941, -17.830052107999961, 0.0 ], [ -50.970718843999975, -17.830081446999941, 0.0 ], [ -50.970745346999934, -17.830099650999955, 0.0 ], [ -50.970770669999979, -17.830114113999969, 0.0 ], [ -50.970759293999947, -17.830201707999947, 0.0 ], [ -50.970691355999975, -17.830738655999937, 0.0 ], [ -50.971531700999947, -17.830823609999982, 0.0 ], [ -50.971479354999985, -17.831275835999975, 0.0 ], [ -50.971832627999959, -17.831312998999977, 0.0 ], [ -50.971876300999952, -17.831317602999945, 0.0 ], [ -50.972476121999932, -17.830919217999963, 0.0 ], [ -50.972818816999961, -17.830955393999943, 0.0 ], [ -50.972809387999973, -17.83097573699996, 0.0 ], [ -50.972803708999948, -17.830997320999927, 0.0 ], [ -50.972801943999968, -17.83101951499998, 0.0 ], [ -50.97280414599993, -17.831041672999959, 0.0 ], [ -50.972810250999942, -17.831063148999931, 0.0 ], [ -50.972820078999973, -17.831083318999958, 0.0 ], [ -50.972833345999959, -17.831101592999971, 0.0 ], [ -50.972849664999956, -17.831117440999947, 0.0 ], [ -50.972868558999949, -17.83113039899996, 0.0 ], [ -50.972889478999946, -17.831140091999941, 0.0 ], [ -50.972911815999964, -17.831146234999949, 0.0 ], [ -50.972934917999964, -17.831148650999978, 0.0 ], [ -50.972958111999958, -17.831147267999938, 0.0 ], [ -50.972980723999967, -17.831142127999954, 0.0 ], [ -50.973002091999945, -17.831133379999926, 0.0 ], [ -50.973021596999956, -17.831121278999944, 0.0 ], [ -50.973038667999958, -17.831106175999935, 0.0 ], [ -50.973052809999956, -17.83108851399993, 0.0 ], [ -50.973063608999951, -17.831068804999973, 0.0 ], [ -50.973070751999956, -17.83104762499994, 0.0 ], [ -50.973074028999974, -17.831025588999978, 0.0 ], [ -50.973073345999978, -17.831003339999938, 0.0 ], [ -50.973068721999937, -17.830981526999949, 0.0 ], [ -50.973440778999986, -17.831022307999945, 0.0 ], [ -50.973694941999952, -17.828775004999954, 0.0 ], [ -50.973452877999932, -17.828750903999946, 0.0 ], [ -50.973470328999952, -17.828575235999949, 0.0 ], [ -50.969557111999961, -17.828179714999976, 0.0 ], [ -50.967645429999948, -17.827980881999963, 0.0 ], [ -50.967630424999982, -17.828111934999981, 0.0 ], [ -50.967434088999937, -17.828089475999946, 0.0 ], [ -50.967388889999938, -17.82848714499994, 0.0 ], [ -50.96731327699996, -17.829188043999977, 0.0 ], [ -50.966625345999944, -17.829116962999933, 0.0 ], [ -50.964890065999953, -17.828925089999927, 0.0 ], [ -50.965014022999981, -17.827851566999982, 0.0 ], [ -50.964870565999945, -17.827837947999967, 0.0 ], [ -50.964883864999933, -17.827698968999982, 0.0 ], [ -50.964564904999975, -17.827669485999934, 0.0 ], [ -50.963974479999933, -17.827606252999942, 0.0 ], [ -50.963170691999949, -17.827517472999943, 0.0 ], [ -50.96283935699995, -17.827486737999948, 0.0 ], [ -50.962222547999943, -17.827421408999953, 0.0 ], [ -50.957127905999982, -17.826890171999935, 0.0 ], [ -50.957921978999934, -17.828278163999983, 0.0 ], [ -50.958250257999964, -17.82831280299996, 0.0 ] ] ] ] } },
{ "type": "Feature", "properties": { "OID_": 0, "Name": "Placemark", "FolderPath": "Document", "SymbolID": 0, "AltMode": 0, "Base": 0.0, "Clamped": -1, "Extruded": 0, "Snippet": null, "PopupInfo": "<html xmlns:fo=\"http://www.w3.org/1999/XSL/Format\" xmlns:msxsl=\"urn:schemas-microsoft-com:xslt\"><head><META http-equiv=\"Content-Type\" content=\"text/html\"><meta http-equiv=\"content-type\" content=\"text/html; charset=UTF-8\"></head><body style=\"margin:0px 0p", "Shape_Leng": 0.04079292878, "Shape_Area": 4.40792e-05 }, "geometry": { "type": "MultiPolygon", "coordinates": [ [ [ [ -50.958613997999976, -17.829323694999971, 0.0 ], [ -50.958653900999934, -17.829322745999946, 0.0 ], [ -50.958693575999973, -17.829326923999929, 0.0 ], [ -50.958706766999967, -17.82933017199997, 0.0 ], [ -50.958719283999983, -17.829335312999945, 0.0 ], [ -50.958730834999983, -17.829342224999948, 0.0 ], [ -50.958741146999955, -17.829350747999968, 0.0 ], [ -50.95879105299997, -17.829363495999928, 0.0 ], [ -50.958794189999935, -17.829366506999975, 0.0 ], [ -50.958862222999983, -17.829378385999973, 0.0 ], [ -50.958896529999947, -17.829392799999937, 0.0 ], [ -50.958929333999947, -17.829414215999975, 0.0 ], [ -50.958958279999933, -17.829426907999959, 0.0 ], [ -50.958984810999937, -17.829438359999926, 0.0 ], [ -50.959114253999985, -17.829508043999965, 0.0 ], [ -50.959271152999975, -17.829559246999963, 0.0 ], [ -50.959368426999959, -17.829601406999927, 0.0 ], [ -50.959534259999941, -17.829641208999931, 0.0 ], [ -50.959756768999966, -17.829709308999952, 0.0 ], [ -50.960125099999971, -17.829861231999928, 0.0 ], [ -50.960319158999937, -17.829982750999932, 0.0 ], [ -50.960746892999964, -17.830195423999953, 0.0 ], [ -50.961131069999965, -17.830351144999952, 0.0 ], [ -50.96140434299997, -17.830499250999935, 0.0 ], [ -50.961815695999974, -17.830710885999963, 0.0 ], [ -50.96221044899994, -17.830902120999951, 0.0 ], [ -50.962446446999934, -17.830992156999969, 0.0 ], [ -50.962908966999976, -17.831201231999955, 0.0 ], [ -50.962982610999973, -17.831238871999972, 0.0 ], [ -50.963291934999972, -17.831337445999964, 0.0 ], [ -50.963639995999984, -17.83147671699993, 0.0 ], [ -50.964056899999946, -17.831782598999951, 0.0 ], [ -50.964651653999965, -17.832123928999977, 0.0 ], [ -50.965112940999973, -17.832353577999982, 0.0 ], [ -50.965328702999955, -17.832418191999977, 0.0 ], [ -50.965857398999958, -17.832695651999927, 0.0 ], [ -50.966256169999951, -17.833000127999981, 0.0 ], [ -50.966261325999938, -17.833013568999945, 0.0 ], [ -50.966266367999935, -17.833027047999963, 0.0 ], [ -50.966271315999961, -17.833040555999958, 0.0 ], [ -50.96627618499997, -17.833054083999968, 0.0 ], [ -50.966280992999941, -17.833067620999941, 0.0 ], [ -50.966285758999959, -17.83308115899996, 0.0 ], [ -50.966290496999932, -17.83309468799996, 0.0 ], [ -50.966295227999979, -17.83310819899998, 0.0 ], [ -50.966299965999951, -17.833121681999955, 0.0 ], [ -50.966304731999969, -17.833135127999981, 0.0 ], [ -50.966309538999951, -17.833148527999981, 0.0 ], [ -50.96631440699997, -17.833161870999959, 0.0 ], [ -50.96631935399995, -17.833175147999953, 0.0 ], [ -50.966324395999948, -17.833188349999944, 0.0 ], [ -50.966329549999955, -17.83320146799997, 0.0 ], [ -50.966334832999962, -17.833214491999968, 0.0 ], [ -50.966340263999939, -17.833227412999975, 0.0 ], [ -50.966345859999933, -17.833240220999983, 0.0 ], [ -50.966351636999946, -17.833252906999974, 0.0 ], [ -50.966357612999957, -17.833265460999939, 0.0 ], [ -50.966363804999958, -17.833277872999929, 0.0 ], [ -50.966370231999974, -17.83329013499997, 0.0 ], [ -50.966376908999962, -17.833302236999941, 0.0 ], [ -50.966383854999947, -17.833314169999937, 0.0 ], [ -50.966391085999931, -17.833325922999961, 0.0 ], [ -50.966398620999939, -17.833337488999973, 0.0 ], [ -50.966406474999985, -17.833348856999976, 0.0 ], [ -50.96641466799997, -17.833360015999972, 0.0 ], [ -50.966422460999979, -17.833370034999973, 0.0 ], [ -50.96643052099995, -17.833379897999976, 0.0 ], [ -50.966438817999972, -17.833389625999928, 0.0 ], [ -50.966447322999954, -17.833399243999963, 0.0 ], [ -50.96645600599993, -17.833408774999953, 0.0 ], [ -50.966464835999943, -17.833418243999972, 0.0 ], [ -50.966473783999959, -17.83342767399995, 0.0 ], [ -50.966482820999943, -17.833437086999936, 0.0 ], [ -50.966501039999969, -17.833455962999949, 0.0 ], [ -50.966510162999953, -17.833465472999933, 0.0 ], [ -50.966519253999934, -17.833475060999945, 0.0 ], [ -50.966528285999971, -17.833484751999947, 0.0 ], [ -50.966537226999947, -17.83349457099996, 0.0 ], [ -50.966546047999941, -17.833504537999943, 0.0 ], [ -50.966554717999941, -17.833514679999951, 0.0 ], [ -50.966563220999944, -17.833525006999935, 0.0 ], [ -50.966571580999982, -17.833535480999956, 0.0 ], [ -50.966579835999937, -17.833546051999974, 0.0 ], [ -50.966588024999965, -17.833556668999961, 0.0 ], [ -50.966596184999958, -17.833567281999933, 0.0 ], [ -50.96660435299998, -17.833577839999975, 0.0 ], [ -50.96661256699997, -17.833588293999981, 0.0 ], [ -50.966620863999935, -17.833598592999977, 0.0 ], [ -50.966629282999975, -17.833608684999945, 0.0 ], [ -50.966637860999981, -17.833618521999938, 0.0 ], [ -50.966646634999961, -17.833628051999938, 0.0 ], [ -50.966655642999967, -17.833637225999951, 0.0 ], [ -50.966664922999939, -17.833645991999958, 0.0 ], [ -50.96667451199994, -17.833654300999967, 0.0 ], [ -50.966684447999967, -17.833662100999959, 0.0 ], [ -50.966694768999957, -17.833669343999929, 0.0 ], [ -50.966706905999956, -17.833676802999946, 0.0 ], [ -50.966719541999964, -17.83368354299995, 0.0 ], [ -50.966732633999982, -17.833689619999973, 0.0 ], [ -50.966746144999945, -17.833695088999946, 0.0 ], [ -50.966760034999936, -17.833700004999969, 0.0 ], [ -50.966774261999944, -17.83370442699993, 0.0 ], [ -50.966788788999963, -17.83370840799995, 0.0 ], [ -50.966803574999972, -17.833712004999938, 0.0 ], [ -50.966818578999948, -17.833715272999939, 0.0 ], [ -50.966833763999944, -17.833718267999927, 0.0 ], [ -50.966849087999947, -17.833721045999937, 0.0 ], [ -50.966864511999972, -17.833723661999954, 0.0 ], [ -50.966879994999942, -17.833726173999935, 0.0 ], [ -50.966895498999975, -17.833728634999943, 0.0 ], [ -50.96691098499997, -17.833731102999934, 0.0 ], [ -50.966926409999985, -17.833733632999952, 0.0 ], [ -50.96694174299995, -17.833736272999943, 0.0 ], [ -50.96695697399997, -17.833739040999944, 0.0 ], [ -50.966972100999953, -17.833741951999968, 0.0 ], [ -50.966987120999931, -17.833745013999931, 0.0 ], [ -50.967002030999936, -17.833748240999967, 0.0 ], [ -50.967016828999931, -17.83375164399996, 0.0 ], [ -50.967031511999949, -17.833755234999956, 0.0 ], [ -50.967046077999953, -17.833759024999949, 0.0 ], [ -50.967060522999986, -17.833763025999929, 0.0 ], [ -50.967074844999956, -17.833767249999937, 0.0 ], [ -50.96708904299993, -17.833771706999983, 0.0 ], [ -50.967103110999972, -17.833776410999974, 0.0 ], [ -50.967117049999956, -17.833781372999965, 0.0 ], [ -50.967130853999947, -17.833786604999943, 0.0 ], [ -50.967144521999955, -17.833792115999927, 0.0 ], [ -50.967158050999956, -17.833797920999928, 0.0 ], [ -50.967173613999933, -17.833805046999942, 0.0 ], [ -50.967189008999981, -17.833812545999933, 0.0 ], [ -50.967204255999945, -17.833820379999963, 0.0 ], [ -50.96721937999996, -17.833828507999954, 0.0 ], [ -50.967234401999974, -17.833836891999965, 0.0 ], [ -50.967249344999971, -17.833845494999935, 0.0 ], [ -50.967264230999945, -17.833854275999954, 0.0 ], [ -50.967279082999937, -17.833863195999982, 0.0 ], [ -50.967293922999943, -17.833872218999943, 0.0 ], [ -50.967308773999946, -17.833881301999952, 0.0 ], [ -50.967323657999941, -17.833890408999935, 0.0 ], [ -50.96733859699998, -17.833899500999962, 0.0 ], [ -50.967353614999979, -17.833908536999957, 0.0 ], [ -50.967368732999944, -17.833917480999958, 0.0 ], [ -50.967383973999972, -17.833926292999934, 0.0 ], [ -50.967399359999945, -17.833934932999966, 0.0 ], [ -50.967414903999952, -17.833943376999969, 0.0 ], [ -50.96743057499998, -17.83395165099995, 0.0 ], [ -50.967446331999952, -17.833959793999952, 0.0 ], [ -50.967462136999984, -17.83396784699994, 0.0 ], [ -50.967477946999963, -17.833975849999945, 0.0 ], [ -50.967493722999961, -17.833983841999952, 0.0 ], [ -50.967509422999967, -17.833991863999927, 0.0 ], [ -50.967525008999985, -17.833999953999978, 0.0 ], [ -50.967540436999968, -17.834008152999957, 0.0 ], [ -50.967555669999967, -17.834016500999951, 0.0 ], [ -50.967570664999982, -17.834025036999947, 0.0 ], [ -50.967585382999971, -17.834033802999954, 0.0 ], [ -50.967599782999969, -17.834042835999981, 0.0 ], [ -50.967613823999955, -17.834052177999979, 0.0 ], [ -50.967627466999943, -17.834061866999946, 0.0 ], [ -50.96764066999998, -17.834071944999948, 0.0 ], [ -50.967648901999951, -17.834078638999927, 0.0 ], [ -50.967656939999983, -17.834085504999962, 0.0 ], [ -50.967664788999969, -17.834092540999961, 0.0 ], [ -50.967672451999931, -17.834099741999978, 0.0 ], [ -50.967679932999943, -17.83410710499993, 0.0 ], [ -50.967687235999961, -17.834114626999963, 0.0 ], [ -50.967694364999943, -17.834122303999948, 0.0 ], [ -50.967701323999961, -17.834130130999938, 0.0 ], [ -50.967708117999962, -17.834138105999955, 0.0 ], [ -50.967714749999971, -17.834146224999927, 0.0 ], [ -50.967721222999955, -17.834154482999963, 0.0 ], [ -50.967727543999956, -17.834162878999962, 0.0 ], [ -50.967733713999962, -17.834171407999975, 0.0 ], [ -50.967739740999946, -17.834180065999931, 0.0 ], [ -50.967745623999974, -17.834188848999929, 0.0 ], [ -50.967751369999974, -17.834197754999934, 0.0 ], [ -50.967756982999958, -17.834206780999978, 0.0 ], [ -50.967762465999954, -17.834215919999963, 0.0 ], [ -50.967767823999964, -17.834225170999957, 0.0 ], [ -50.967773059999956, -17.834234528999957, 0.0 ], [ -50.967778178999936, -17.834243990999937, 0.0 ], [ -50.967783184999973, -17.834253553999929, 0.0 ], [ -50.967788080999981, -17.834263213999975, 0.0 ], [ -50.967792871999961, -17.834272966999947, 0.0 ], [ -50.967797560999941, -17.834282808999944, 0.0 ], [ -50.967802154999958, -17.834292737999931, 0.0 ], [ -50.967806652999968, -17.834302747999971, 0.0 ], [ -50.967811063999932, -17.83431283799996, 0.0 ], [ -50.967815388999952, -17.834323002999952, 0.0 ], [ -50.967819632999976, -17.834333237999942, 0.0 ], [ -50.967823799999962, -17.834343541999942, 0.0 ], [ -50.967827893999981, -17.834353909999948, 0.0 ], [ -50.967831917999945, -17.834364338999933, 0.0 ], [ -50.96783587799996, -17.834374824999941, 0.0 ], [ -50.967839775999948, -17.834385363999957, 0.0 ], [ -50.967843617999961, -17.834395951999966, 0.0 ], [ -50.967847406999965, -17.834406586999933, 0.0 ], [ -50.967851146999976, -17.834417263999967, 0.0 ], [ -50.967854842999941, -17.834427980999976, 0.0 ], [ -50.967858496999952, -17.834438732999956, 0.0 ], [ -50.967862114999946, -17.83444951599995, 0.0 ], [ -50.967865700999937, -17.834460326999931, 0.0 ], [ -50.967869256999961, -17.834471162999932, 0.0 ], [ -50.967872787999966, -17.83448201899995, 0.0 ], [ -50.967876299999944, -17.834492891999957, 0.0 ], [ -50.967879793999941, -17.834503778999931, 0.0 ], [ -50.967883275999952, -17.834514676999959, 0.0 ], [ -50.967886749999934, -17.834525579999934, 0.0 ], [ -50.967893685999968, -17.834547390999944, 0.0 ], [ -50.967897157999971, -17.83455829199994, 0.0 ], [ -50.967900636999957, -17.834569183999974, 0.0 ], [ -50.967904127999986, -17.834580063999965, 0.0 ], [ -50.96790763499996, -17.834590929999933, 0.0 ], [ -50.967911160999961, -17.834601775999943, 0.0 ], [ -50.967914710999935, -17.834612598999968, 0.0 ], [ -50.967918288999954, -17.834623395999927, 0.0 ], [ -50.967921898999975, -17.834634163999965, 0.0 ], [ -50.967925542999978, -17.834644896999976, 0.0 ], [ -50.967929228999935, -17.834655592999979, 0.0 ], [ -50.96793295699996, -17.834666249999941, 0.0 ], [ -50.967936733999977, -17.834676860999934, 0.0 ], [ -50.967940562999956, -17.834687423999981, 0.0 ], [ -50.967944447999969, -17.834697935999941, 0.0 ], [ -50.967949903999965, -17.834712350999951, 0.0 ], [ -50.967955471999971, -17.834726665999938, 0.0 ], [ -50.967961145999936, -17.834740883999928, 0.0 ], [ -50.96796692199996, -17.834755008999934, 0.0 ], [ -50.96797279599997, -17.834769044999973, 0.0 ], [ -50.967978764999941, -17.83478299799998, 0.0 ], [ -50.967984822999938, -17.834796869999934, 0.0 ], [ -50.967990967999981, -17.834810665999953, 0.0 ], [ -50.967997195999942, -17.834824389999937, 0.0 ], [ -50.968003501999931, -17.834838046999948, 0.0 ], [ -50.968009882999979, -17.834851639999954, 0.0 ], [ -50.968016333999969, -17.834865173999958, 0.0 ], [ -50.968022850999944, -17.834878651999929, 0.0 ], [ -50.968029430999934, -17.834892080999964, 0.0 ], [ -50.968036069999982, -17.834905461999938, 0.0 ], [ -50.968042762999971, -17.834918800999958, 0.0 ], [ -50.968049506999932, -17.834932099999946, 0.0 ], [ -50.968056297999965, -17.834945365999943, 0.0 ], [ -50.968063130999951, -17.834958601999972, 0.0 ], [ -50.968070001999934, -17.834971810999946, 0.0 ], [ -50.968076908999933, -17.834985, 0.0 ], [ -50.968083845999956, -17.834998169999949, 0.0 ], [ -50.968090809999978, -17.835011326999961, 0.0 ], [ -50.968097796999984, -17.835024474999955, 0.0 ], [ -50.968104801999971, -17.835037616999955, 0.0 ], [ -50.968111822999958, -17.835050759999945, 0.0 ], [ -50.968118853999954, -17.83506390499997, 0.0 ], [ -50.968125891999932, -17.835077057999968, 0.0 ], [ -50.968132933999982, -17.835090221999963, 0.0 ], [ -50.968139973999939, -17.835103401999959, 0.0 ], [ -50.968147008999949, -17.83511660299996, 0.0 ], [ -50.968154034999941, -17.835129826999946, 0.0 ], [ -50.968160338999951, -17.835141736999958, 0.0 ], [ -50.968166623999934, -17.835153670999944, 0.0 ], [ -50.968172882999966, -17.835165630999938, 0.0 ], [ -50.968179107999958, -17.835177616999943, 0.0 ], [ -50.968185289999951, -17.835189629999945, 0.0 ], [ -50.968191420999972, -17.835201671999982, 0.0 ], [ -50.96819749499997, -17.83521374399993, 0.0 ], [ -50.968203501999938, -17.835225846999947, 0.0 ], [ -50.968209435999938, -17.835237981999967, 0.0 ], [ -50.968215286999964, -17.835250149999979, 0.0 ], [ -50.968221048999965, -17.835262352999962, 0.0 ], [ -50.968226712999979, -17.835274591999962, 0.0 ], [ -50.96823226999993, -17.835286867999969, 0.0 ], [ -50.968237712999951, -17.835299179999936, 0.0 ], [ -50.968243035999933, -17.835311532999981, 0.0 ], [ -50.968248227999936, -17.835323925999944, 0.0 ], [ -50.968252513999971, -17.835334437999961, 0.0 ], [ -50.968256707999956, -17.835344977999966, 0.0 ], [ -50.968260819999955, -17.83535554599996, 0.0 ], [ -50.968264854999973, -17.835366139999962, 0.0 ], [ -50.968268823999949, -17.835376759999974, 0.0 ], [ -50.968272730999956, -17.83538740399996, 0.0 ], [ -50.968276585999945, -17.835398070999929, 0.0 ], [ -50.968280394999965, -17.835408758999961, 0.0 ], [ -50.968284166999979, -17.83541946899993, 0.0 ], [ -50.968287908999969, -17.835430197999926, 0.0 ], [ -50.968291628999964, -17.835440946999938, 0.0 ], [ -50.968295333999947, -17.835451712999941, 0.0 ], [ -50.968299031999948, -17.835462495999934, 0.0 ], [ -50.968302730999937, -17.835473293999939, 0.0 ], [ -50.968306437999956, -17.835484105999967, 0.0 ], [ -50.968310160999977, -17.83549493199996, 0.0 ], [ -50.968313903999956, -17.835505769999941, 0.0 ], [ -50.968317671999955, -17.835516612999982, 0.0 ], [ -50.96832145999997, -17.835527457999945, 0.0 ], [ -50.968325266999955, -17.83553829799996, 0.0 ], [ -50.968329093999955, -17.835549126999979, 0.0 ], [ -50.968332938999936, -17.835559939999939, 0.0 ], [ -50.968336798999985, -17.835570731999951, 0.0 ], [ -50.968340674999979, -17.835581495999975, 0.0 ], [ -50.968344564999938, -17.83559222599996, 0.0 ], [ -50.968348467999931, -17.835602918999939, 0.0 ], [ -50.968352382999967, -17.83561356599995, 0.0 ], [ -50.968356307999954, -17.835624163999967, 0.0 ], [ -50.96836024299995, -17.835634705999951, 0.0 ], [ -50.968364185999974, -17.835645185999965, 0.0 ], [ -50.96836813699997, -17.83565559799996, 0.0 ], [ -50.968372092999971, -17.835665937999977, 0.0 ], [ -50.968377966999981, -17.835681358999977, 0.0 ], [ -50.968383478999954, -17.83569704699994, 0.0 ], [ -50.968388253999933, -17.835713451999936, 0.0 ], [ -50.968391919999931, -17.835731014999965, 0.0 ], [ -50.968394474999968, -17.835749783999972, 0.0 ], [ -50.968397396999933, -17.835768194999957, 0.0 ], [ -50.968402537999964, -17.835784284999932, 0.0 ], [ -50.968411746999948, -17.835796091999953, 0.0 ], [ -50.968422080999972, -17.83580122799998, 0.0 ], [ -50.968434786999978, -17.835803824999971, 0.0 ], [ -50.968448949999981, -17.835804813999971, 0.0 ], [ -50.968463654999937, -17.835805124999979, 0.0 ], [ -50.968478079999954, -17.835805625999967, 0.0 ], [ -50.96849177699994, -17.835806930999979, 0.0 ], [ -50.968504387999985, -17.835809590999929, 0.0 ], [ -50.968515561999936, -17.835814156999959, 0.0 ], [ -50.96852437299998, -17.835820402999957, 0.0 ], [ -50.968531910999957, -17.835828403999926, 0.0 ], [ -50.968538432999935, -17.835837825999931, 0.0 ], [ -50.968544190999978, -17.83584833599997, 0.0 ], [ -50.968549437999968, -17.835859600999981, 0.0 ], [ -50.968554426999958, -17.835871288999954, 0.0 ], [ -50.96855941299998, -17.835883064999962, 0.0 ], [ -50.968564648999973, -17.835894596999935, 0.0 ], [ -50.968570324999973, -17.835905621999927, 0.0 ], [ -50.968576378999956, -17.835916169999962, 0.0 ], [ -50.968582688999959, -17.835926340999947, 0.0 ], [ -50.968589129999941, -17.835936233999973, 0.0 ], [ -50.968595578999953, -17.835945949999939, 0.0 ], [ -50.968601912999986, -17.83595558899998, 0.0 ], [ -50.968608005999954, -17.835965250999948, 0.0 ], [ -50.968613733999973, -17.835975034999933, 0.0 ], [ -50.968621650999978, -17.835990510999977, 0.0 ], [ -50.96862849799993, -17.836006474999976, 0.0 ], [ -50.968634361999932, -17.836022886999956, 0.0 ], [ -50.968639329999974, -17.836039705999951, 0.0 ], [ -50.968643489999977, -17.836056892999977, 0.0 ], [ -50.968646927999941, -17.836074404999977, 0.0 ], [ -50.968649730999971, -17.836092201999975, 0.0 ], [ -50.96865198699993, -17.83611024399994, 0.0 ], [ -50.968653782999979, -17.836128488999975, 0.0 ], [ -50.968655204999948, -17.836146896999935, 0.0 ], [ -50.968656340999985, -17.836165426999969, 0.0 ], [ -50.968657276999977, -17.836184038999932, 0.0 ], [ -50.968658101999949, -17.836202691999972, 0.0 ], [ -50.968658900999969, -17.836221343999966, 0.0 ], [ -50.968659761999959, -17.836239955999929, 0.0 ], [ -50.968660770999975, -17.836258486999952, 0.0 ], [ -50.968662002999963, -17.836276901999952, 0.0 ], [ -50.968663467999932, -17.836295199999938, 0.0 ], [ -50.968665165999937, -17.836313386999961, 0.0 ], [ -50.96866709699998, -17.836331465999933, 0.0 ], [ -50.968669257999977, -17.83634944399995, 0.0 ], [ -50.968671646999951, -17.83636732399998, 0.0 ], [ -50.968674263999958, -17.836385113999938, 0.0 ], [ -50.968677105999973, -17.836402816999964, 0.0 ], [ -50.968680172999939, -17.836420438999937, 0.0 ], [ -50.96868346399998, -17.836437982999939, 0.0 ], [ -50.968686974999969, -17.836455456999943, 0.0 ], [ -50.96869070799994, -17.836472864999962, 0.0 ], [ -50.968694657999947, -17.836490210999955, 0.0 ], [ -50.968698825999979, -17.836507501999961, 0.0 ], [ -50.968703209999944, -17.836524742999927, 0.0 ], [ -50.968707808999966, -17.836541936999936, 0.0 ], [ -50.968712032999974, -17.836557041999981, 0.0 ], [ -50.96871641499996, -17.836572117999935, 0.0 ], [ -50.96872094899993, -17.836587165999958, 0.0 ], [ -50.96872562599998, -17.836602184999947, 0.0 ], [ -50.968730438999955, -17.836617179999962, 0.0 ], [ -50.968735381999977, -17.836632149999957, 0.0 ], [ -50.968740446999959, -17.836647097999958, 0.0 ], [ -50.968745626999976, -17.836662023999963, 0.0 ], [ -50.968750915999976, -17.836676931999932, 0.0 ], [ -50.968756304999943, -17.836691819999942, 0.0 ], [ -50.968761786999949, -17.83670669199995, 0.0 ], [ -50.968767356999933, -17.836721547999957, 0.0 ], [ -50.968773004999946, -17.836736390999931, 0.0 ], [ -50.968778724999936, -17.836751220999929, 0.0 ], [ -50.968784510999967, -17.836766039999929, 0.0 ], [ -50.968790354999953, -17.836780849999968, 0.0 ], [ -50.968796248999979, -17.836795651999978, 0.0 ], [ -50.968802186999937, -17.836810447999937, 0.0 ], [ -50.968808161999959, -17.83682523799996, 0.0 ], [ -50.968814164999969, -17.836840023999969, 0.0 ], [ -50.968820189999974, -17.836854807999941, 0.0 ], [ -50.96882623099998, -17.836869591999971, 0.0 ], [ -50.968838327999947, -17.836899164999977, 0.0 ], [ -50.968844370999932, -17.836913954999943, 0.0 ], [ -50.968850399999951, -17.836928750999959, 0.0 ], [ -50.968856407999965, -17.836943552999969, 0.0 ], [ -50.968862387999934, -17.836958363999941, 0.0 ], [ -50.968868332999932, -17.836973184999977, 0.0 ], [ -50.968874235999976, -17.836988015999964, 0.0 ], [ -50.968880088999981, -17.837002860999974, 0.0 ], [ -50.968885885999953, -17.837017718999959, 0.0 ], [ -50.968891621999944, -17.837032591999957, 0.0 ], [ -50.968897297999945, -17.837047478999978, 0.0 ], [ -50.968902919999948, -17.837062378999974, 0.0 ], [ -50.968908491999969, -17.837077289999968, 0.0 ], [ -50.968914019999943, -17.83709221099997, 0.0 ], [ -50.968919508999932, -17.837107138999954, 0.0 ], [ -50.96892496199996, -17.837122075999957, 0.0 ], [ -50.968930384999965, -17.837137016999975, 0.0 ], [ -50.968935783999939, -17.83715196299994, 0.0 ], [ -50.968941160999975, -17.837166909999951, 0.0 ], [ -50.968946521999953, -17.837181858999941, 0.0 ], [ -50.96895187299998, -17.837196806999941, 0.0 ], [ -50.968962559999966, -17.837226698999928, 0.0 ], [ -50.968967906999978, -17.837241637999966, 0.0 ], [ -50.968973260999974, -17.837256570999955, 0.0 ], [ -50.968978629999981, -17.837271496999961, 0.0 ], [ -50.968984014999933, -17.837286411999969, 0.0 ], [ -50.968989422999982, -17.837301318999948, 0.0 ], [ -50.968994857999974, -17.837316212999951, 0.0 ], [ -50.969000325999957, -17.837331093999978, 0.0 ], [ -50.969005830999947, -17.837345960999983, 0.0 ], [ -50.969011376999958, -17.83736081099994, 0.0 ], [ -50.969016969999984, -17.837375643999962, 0.0 ], [ -50.969022613999982, -17.837390457999959, 0.0 ], [ -50.969028313999956, -17.837405249999961, 0.0 ], [ -50.969034075999957, -17.837420022999936, 0.0 ], [ -50.969039902999953, -17.837434769999959, 0.0 ], [ -50.969045799999947, -17.837449493999941, 0.0 ], [ -50.969051772999933, -17.837464190999981, 0.0 ], [ -50.969057826999972, -17.837478859999976, 0.0 ], [ -50.969063964999975, -17.837493500999926, 0.0 ], [ -50.969071776999954, -17.837511799999959, 0.0 ], [ -50.969079711999939, -17.83753005799997, 0.0 ], [ -50.969087753999986, -17.837548280999954, 0.0 ], [ -50.969095882999966, -17.837566471999935, 0.0 ], [ -50.969104082999934, -17.837584640999978, 0.0 ], [ -50.969112334999977, -17.837602790999938, 0.0 ], [ -50.969120622999981, -17.837620929999957, 0.0 ], [ -50.969128928999965, -17.837639061999937, 0.0 ], [ -50.969285516999946, -17.838169706999963, 0.0 ], [ -50.969458481999936, -17.838389164999967, 0.0 ], [ -50.969986138999957, -17.838181178999946, 0.0 ], [ -50.969967277999956, -17.83763788899995, 0.0 ], [ -50.970108763999974, -17.837633382999968, 0.0 ], [ -50.97001536199997, -17.834942960999967, 0.0 ], [ -50.970013911999956, -17.834814510999934, 0.0 ], [ -50.970018471999936, -17.834686125999951, 0.0 ], [ -50.97002903799995, -17.834558066999932, 0.0 ], [ -50.970045585999969, -17.834430589999954, 0.0 ], [ -50.970209397999952, -17.833364419999953, 0.0 ], [ -50.970407502999933, -17.832124662999945, 0.0 ], [ -50.971679892999987, -17.832305039999937, 0.0 ], [ -50.971831878999978, -17.831312998999977, 0.0 ], [ -50.971479354999985, -17.831275835999975, 0.0 ], [ -50.971532448999938, -17.830823609999982, 0.0 ], [ -50.970691355999975, -17.830738655999937, 0.0 ], [ -50.970769921999931, -17.830114113999969, 0.0 ], [ -50.970733293999956, -17.83009319599995, 0.0 ], [ -50.970700108999949, -17.830067542999927, 0.0 ], [ -50.970671527999968, -17.830038254999977, 0.0 ], [ -50.970647449999944, -17.830005463999953, 0.0 ], [ -50.970628333999969, -17.829969799999958, 0.0 ], [ -50.970614547999958, -17.829931947999967, 0.0 ], [ -50.970606359999977, -17.829892633999975, 0.0 ], [ -50.970603922999942, -17.829852612999957, 0.0 ], [ -50.970607408999967, -17.829811904999929, 0.0 ], [ -50.970522145999951, -17.829763325999977, 0.0 ], [ -50.970273994999957, -17.829687495999963, 0.0 ], [ -50.969971896999937, -17.829604036999967, 0.0 ], [ -50.969659052999987, -17.829531483999972, 0.0 ], [ -50.969281849999959, -17.82948104899998, 0.0 ], [ -50.968398994999973, -17.829439744999945, 0.0 ], [ -50.966033204999974, -17.829206174999968, 0.0 ], [ -50.958023173999948, -17.828288841999949, 0.0 ], [ -50.958613997999976, -17.829323694999971, 0.0 ] ] ] ] } },
{ "type": "Feature", "properties": { "OID_": 0, "Name": "Placemark", "FolderPath": "Document", "SymbolID": 0, "AltMode": 0, "Base": 0.0, "Clamped": -1, "Extruded": 0, "Snippet": null, "PopupInfo": "<html xmlns:fo=\"http://www.w3.org/1999/XSL/Format\" xmlns:msxsl=\"urn:schemas-microsoft-com:xslt\"><head><META http-equiv=\"Content-Type\" content=\"text/html\"><meta http-equiv=\"content-type\" content=\"text/html; charset=UTF-8\"></head><body style=\"margin:0px 0p", "Shape_Leng": 0.01632620539, "Shape_Area": 1.684607e-05 }, "geometry": { "type": "MultiPolygon", "coordinates": [ [ [ [ -50.93089962199997, -17.826734385999941, 0.0 ], [ -50.931043940999984, -17.827320123999982, 0.0 ], [ -50.931089308999958, -17.827539742999932, 0.0 ], [ -50.931157901999939, -17.827870842999971, 0.0 ], [ -50.931245851999961, -17.828140194999946, 0.0 ], [ -50.931333543999983, -17.828403935999972, 0.0 ], [ -50.931394897999951, -17.828611129999956, 0.0 ], [ -50.931426116999944, -17.828649684999959, 0.0 ], [ -50.931626469999969, -17.828927918999966, 0.0 ], [ -50.931776766999974, -17.829179950999958, 0.0 ], [ -50.93194372499994, -17.829446062999978, 0.0 ], [ -50.932259545999955, -17.82996712399995, 0.0 ], [ -50.932571500999984, -17.830478123999967, 0.0 ], [ -50.932577371999969, -17.830487903999938, 0.0 ], [ -50.932719376999955, -17.830719568999939, 0.0 ], [ -50.936090081999964, -17.830207160999976, 0.0 ], [ -50.93602961299996, -17.829956791999962, 0.0 ], [ -50.935894773999962, -17.829410376999931, 0.0 ], [ -50.93576324199995, -17.828866074999951, 0.0 ], [ -50.935623994999958, -17.828319657999941, 0.0 ], [ -50.93549521999995, -17.827773772999933, 0.0 ], [ -50.935360383999978, -17.827227884999957, 0.0 ], [ -50.935228135999978, -17.826690829999961, 0.0 ], [ -50.935103933999983, -17.826154588999941, 0.0 ], [ -50.935085282999978, -17.826081559999977, 0.0 ], [ -50.933904416999951, -17.82626922999998, 0.0 ], [ -50.93232117499997, -17.826513883999951, 0.0 ], [ -50.93089962199997, -17.826734385999941, 0.0 ] ] ] ] } },
{ "type": "Feature", "properties": { "OID_": 0, "Name": "Placemark", "FolderPath": "Document", "SymbolID": 0, "AltMode": 0, "Base": 0.0, "Clamped": -1, "Extruded": 0, "Snippet": null, "PopupInfo": "<html xmlns:fo=\"http://www.w3.org/1999/XSL/Format\" xmlns:msxsl=\"urn:schemas-microsoft-com:xslt\"><head><META http-equiv=\"Content-Type\" content=\"text/html\"><meta http-equiv=\"content-type\" content=\"text/html; charset=UTF-8\"></head><body style=\"margin:0px 0p", "Shape_Leng": 0.01690483599, "Shape_Area": 1.190955e-05 }, "geometry": { "type": "MultiPolygon", "coordinates": [ [ [ [ -50.938628803999961, -17.809017378999954, 0.0 ], [ -50.93863786199995, -17.809033363999959, 0.0 ], [ -50.939346310999952, -17.809494994999966, 0.0 ], [ -50.940089802999978, -17.809972591999951, 0.0 ], [ -50.940379491999977, -17.810167328999967, 0.0 ], [ -50.940539873999967, -17.810280080999974, 0.0 ], [ -50.940700934999938, -17.810400598999934, 0.0 ], [ -50.94074593199997, -17.810431057999949, 0.0 ], [ -50.941328943999963, -17.81099084899995, 0.0 ], [ -50.941776317999938, -17.811490321999941, 0.0 ], [ -50.941829126999949, -17.811552171999949, 0.0 ], [ -50.944074352999962, -17.811338603999957, 0.0 ], [ -50.943702938999934, -17.810963638999965, 0.0 ], [ -50.943385571999954, -17.810645552999972, 0.0 ], [ -50.942892552999979, -17.810151413999961, 0.0 ], [ -50.942583570999943, -17.809836617999963, 0.0 ], [ -50.942015314999935, -17.809268685999939, 0.0 ], [ -50.94198621399994, -17.809239964999961, 0.0 ], [ -50.941453146999947, -17.80869944799997, 0.0 ], [ -50.941104324999969, -17.808348289999969, 0.0 ], [ -50.940866121999932, -17.808108372999982, 0.0 ], [ -50.940283974999943, -17.807518538999943, 0.0 ], [ -50.940038443999981, -17.80726737599997, 0.0 ], [ -50.939205478999952, -17.806429901999934, 0.0 ], [ -50.937973194999984, -17.807623730999978, 0.0 ], [ -50.938009338999962, -17.807766343999958, 0.0 ], [ -50.937734742999965, -17.808012046999977, 0.0 ], [ -50.938665404999938, -17.808964952999929, 0.0 ], [ -50.938628803999961, -17.809017378999954, 0.0 ] ] ] ] } },
{ "type": "Feature", "properties": { "OID_": 0, "Name": "Placemark", "FolderPath": "Document", "SymbolID": 0, "AltMode": 0, "Base": 0.0, "Clamped": -1, "Extruded": 0, "Snippet": null, "PopupInfo": "<html xmlns:fo=\"http://www.w3.org/1999/XSL/Format\" xmlns:msxsl=\"urn:schemas-microsoft-com:xslt\"><head><META http-equiv=\"Content-Type\" content=\"text/html\"><meta http-equiv=\"content-type\" content=\"text/html; charset=UTF-8\"></head><body style=\"margin:0px 0p", "Shape_Leng": 0.05450366047, "Shape_Area": 5.31333e-05 }, "geometry": { "type": "MultiPolygon", "coordinates": [ [ [ [ -50.965014022999981, -17.827851566999982, 0.0 ], [ -50.964890065999953, -17.828925089999927, 0.0 ], [ -50.967312549999974, -17.829187851999961, 0.0 ], [ -50.967388140999958, -17.82848714499994, 0.0 ], [ -50.967433338999967, -17.828089475999946, 0.0 ], [ -50.967629675999945, -17.828111934999981, 0.0 ], [ -50.967644680999967, -17.827980881999963, 0.0 ], [ -50.969556361999935, -17.828179714999976, 0.0 ], [ -50.970469952999963, -17.82827206199994, 0.0 ], [ -50.971204216999979, -17.828346278999959, 0.0 ], [ -50.973469578999982, -17.828575235999949, 0.0 ], [ -50.973452128999952, -17.828750903999946, 0.0 ], [ -50.973694191999982, -17.828775004999954, 0.0 ], [ -50.973440778999986, -17.831022307999945, 0.0 ], [ -50.974783401999957, -17.831126130999962, 0.0 ], [ -50.975611846999982, -17.830518789999928, 0.0 ], [ -50.976179930999933, -17.830288676999942, 0.0 ], [ -50.976307008999981, -17.829080242999964, 0.0 ], [ -50.976447707999966, -17.829095147999965, 0.0 ], [ -50.976466391999963, -17.828933435999943, 0.0 ], [ -50.978982617999975, -17.827705224999931, 0.0 ], [ -50.979837873999941, -17.827102951999962, 0.0 ], [ -50.978046372999984, -17.82695328899996, 0.0 ], [ -50.976641891999975, -17.826803655999981, 0.0 ], [ -50.958781712999951, -17.824922576999938, 0.0 ], [ -50.956651120999936, -17.825968905999957, 0.0 ], [ -50.956958734999944, -17.826573417999953, 0.0 ], [ -50.957127156999945, -17.826890170999945, 0.0 ], [ -50.958797286999982, -17.82706425899994, 0.0 ], [ -50.960145771999976, -17.827204872999971, 0.0 ], [ -50.96242332199995, -17.82744267399994, 0.0 ], [ -50.964039410999931, -17.827613205999967, 0.0 ], [ -50.964564904999975, -17.827669485999934, 0.0 ], [ -50.964883864999933, -17.827698968999982, 0.0 ], [ -50.964869817999954, -17.827837947999967, 0.0 ], [ -50.965014022999981, -17.827851566999982, 0.0 ] ] ] ] } },
{ "type": "Feature", "properties": { "OID_": 0, "Name": "Placemark", "FolderPath": "Document", "SymbolID": 0, "AltMode": 0, "Base": 0.0, "Clamped": -1, "Extruded": 0, "Snippet": null, "PopupInfo": "<html xmlns:fo=\"http://www.w3.org/1999/XSL/Format\" xmlns:msxsl=\"urn:schemas-microsoft-com:xslt\"><head><META http-equiv=\"Content-Type\" content=\"text/html\"><meta http-equiv=\"content-type\" content=\"text/html; charset=UTF-8\"></head><body style=\"margin:0px 0p", "Shape_Leng": 0.03939219027, "Shape_Area": 6.605347e-05 }, "geometry": { "type": "MultiPolygon", "coordinates": [ [ [ [ -50.935082017999946, -17.835279890999971, 0.0 ], [ -50.935177600999964, -17.835190951999948, 0.0 ], [ -50.935260006999954, -17.835176630999968, 0.0 ], [ -50.935379847999968, -17.835216847999959, 0.0 ], [ -50.935445750999975, -17.835267091999981, 0.0 ], [ -50.935513132999972, -17.835368993999964, 0.0 ], [ -50.93550509399995, -17.835470689999966, 0.0 ], [ -50.936322846999985, -17.835893392999935, 0.0 ], [ -50.937899409999943, -17.836708320999946, 0.0 ], [ -50.938276995999956, -17.836903491999976, 0.0 ], [ -50.939761430999965, -17.837670773999946, 0.0 ], [ -50.939864935999935, -17.837724273999982, 0.0 ], [ -50.940460800999972, -17.838032262999945, 0.0 ], [ -50.94146660399997, -17.83854221699994, 0.0 ], [ -50.941560164999942, -17.838589653999975, 0.0 ], [ -50.943406611999933, -17.839525803999948, 0.0 ], [ -50.945063030999961, -17.840365587999941, 0.0 ], [ -50.945509657999935, -17.840592016999949, 0.0 ], [ -50.946439694999981, -17.841063521999956, 0.0 ], [ -50.947940237999944, -17.841824241999973, 0.0 ], [ -50.948000029999946, -17.841860605999955, 0.0 ], [ -50.949106877999952, -17.839925230999938, 0.0 ], [ -50.950078652999935, -17.838328870999931, 0.0 ], [ -50.95025579199995, -17.838057484999979, 0.0 ], [ -50.951269612999965, -17.836504240999943, 0.0 ], [ -50.950236733999986, -17.836089339999944, 0.0 ], [ -50.95020661999996, -17.835978275999935, 0.0 ], [ -50.950164196999935, -17.835813487999928, 0.0 ], [ -50.949928218999958, -17.835619816999952, 0.0 ], [ -50.949779872999954, -17.835578019999957, 0.0 ], [ -50.949748949999957, -17.835464213999956, 0.0 ], [ -50.949349687999984, -17.835332053999934, 0.0 ], [ -50.94922420499995, -17.83520475499995, 0.0 ], [ -50.949001591999945, -17.835144769999943, 0.0 ], [ -50.948880834999954, -17.834996320999949, 0.0 ], [ -50.948752316999958, -17.834925151999983, 0.0 ], [ -50.948676663999947, -17.834801571999947, 0.0 ], [ -50.948510658999965, -17.834801076999952, 0.0 ], [ -50.948481151999943, -17.834690524999928, 0.0 ], [ -50.948389045999932, -17.834679562999952, 0.0 ], [ -50.948356368999953, -17.834761084999968, 0.0 ], [ -50.948039927999957, -17.834770852999952, 0.0 ], [ -50.94783631599995, -17.834606472999951, 0.0 ], [ -50.947635866999974, -17.834598465999932, 0.0 ], [ -50.947573786999953, -17.834534001999941, 0.0 ], [ -50.947223013999974, -17.834478951999927, 0.0 ], [ -50.946653527999956, -17.834266837999962, 0.0 ], [ -50.94635988899995, -17.834087608999937, 0.0 ], [ -50.946028612999953, -17.83416163499993, 0.0 ], [ -50.945771203999982, -17.834017665999966, 0.0 ], [ -50.945752977999973, -17.834054629999969, 0.0 ], [ -50.945578311999952, -17.833988959999942, 0.0 ], [ -50.945328959999983, -17.834038422999981, 0.0 ], [ -50.945183216999965, -17.833828681999933, 0.0 ], [ -50.945050648999938, -17.833736267999939, 0.0 ], [ -50.944812056999979, -17.833785190999947, 0.0 ], [ -50.944626568999979, -17.833923431999949, 0.0 ], [ -50.944231357999968, -17.833896015999926, 0.0 ], [ -50.944006734999959, -17.83387769999996, 0.0 ], [ -50.943864333999954, -17.833848553999928, 0.0 ], [ -50.943800925999938, -17.833811295999965, 0.0 ], [ -50.943697778999933, -17.833797798999967, 0.0 ], [ -50.943595285999947, -17.833809428999928, 0.0 ], [ -50.943398876999936, -17.83386089399994, 0.0 ], [ -50.94333990399997, -17.833827161999977, 0.0 ], [ -50.943246559999977, -17.833853437999949, 0.0 ], [ -50.943205322999972, -17.833837245999973, 0.0 ], [ -50.943181143999936, -17.833900329999949, 0.0 ], [ -50.943065417999946, -17.833971430999952, 0.0 ], [ -50.942805771999986, -17.834043484999938, 0.0 ], [ -50.942688087999954, -17.834041371999945, 0.0 ], [ -50.942617278999933, -17.834131828999944, 0.0 ], [ -50.94236763899994, -17.834194845999946, 0.0 ], [ -50.942101782999941, -17.834205252999936, 0.0 ], [ -50.941607274999967, -17.834455841999954, 0.0 ], [ -50.941415879999965, -17.834467895999978, 0.0 ], [ -50.941253275999941, -17.83446052599993, 0.0 ], [ -50.941182459999936, -17.834566800999937, 0.0 ], [ -50.94098459199995, -17.834460354999976, 0.0 ], [ -50.940201338999941, -17.834579428999973, 0.0 ], [ -50.939950876999944, -17.834559375999959, 0.0 ], [ -50.939885158999971, -17.83465634199996, 0.0 ], [ -50.939439522999976, -17.834657830999959, 0.0 ], [ -50.939147623999986, -17.834653401999958, 0.0 ], [ -50.93893483599993, -17.834577770999942, 0.0 ], [ -50.938749688999962, -17.83452953699998, 0.0 ], [ -50.938688143999968, -17.834569377999969, 0.0 ], [ -50.938499521999972, -17.834473959999968, 0.0 ], [ -50.937923926999986, -17.834491583999977, 0.0 ], [ -50.937632686999962, -17.834493298999973, 0.0 ], [ -50.937231139999938, -17.834447252999951, 0.0 ], [ -50.936892021999938, -17.834536175999972, 0.0 ], [ -50.936372148999965, -17.834435857999949, 0.0 ], [ -50.936153166999986, -17.834531325999933, 0.0 ], [ -50.936141919999955, -17.834575973999961, 0.0 ], [ -50.936100365999948, -17.834657399999969, 0.0 ], [ -50.935986150999952, -17.834721085999945, 0.0 ], [ -50.935879747999934, -17.83483954999997, 0.0 ], [ -50.935767806999934, -17.834877294999956, 0.0 ], [ -50.935445260999984, -17.835066099999949, 0.0 ], [ -50.935282288999986, -17.835028172999955, 0.0 ], [ -50.935237471999983, -17.83499941499997, 0.0 ], [ -50.935083714999962, -17.835055674999978, 0.0 ], [ -50.935057526999969, -17.835213886999952, 0.0 ], [ -50.935069693999935, -17.835291360999975, 0.0 ], [ -50.935082017999946, -17.835279890999971, 0.0 ] ] ] ] } },
{ "type": "Feature", "properties": { "OID_": 0, "Name": "Placemark", "FolderPath": "Document", "SymbolID": 0, "AltMode": 0, "Base": 0.0, "Clamped": -1, "Extruded": 0, "Snippet": null, "PopupInfo": "<html xmlns:fo=\"http://www.w3.org/1999/XSL/Format\" xmlns:msxsl=\"urn:schemas-microsoft-com:xslt\"><head><META http-equiv=\"Content-Type\" content=\"text/html\"><meta http-equiv=\"content-type\" content=\"text/html; charset=UTF-8\"></head><body style=\"margin:0px 0p", "Shape_Leng": 0.02123372449, "Shape_Area": 1.10474e-05 }, "geometry": { "type": "MultiPolygon", "coordinates": [ [ [ [ -50.87241236999995, -17.847499176999975, 0.0 ], [ -50.872359667999945, -17.847509417999959, 0.0 ], [ -50.87187400199997, -17.847603780999975, 0.0 ], [ -50.871873682999933, -17.847606551999945, 0.0 ], [ -50.871849123999937, -17.847819396999967, 0.0 ], [ -50.87182424699995, -17.848035015999926, 0.0 ], [ -50.871816521999961, -17.848101955999937, 0.0 ], [ -50.871799366999937, -17.848250633999953, 0.0 ], [ -50.871774487999971, -17.84846625199998, 0.0 ], [ -50.871749610999984, -17.84868186999995, 0.0 ], [ -50.871724732999951, -17.848897486999931, 0.0 ], [ -50.871699853999985, -17.849113104999958, 0.0 ], [ -50.871674974999962, -17.849328722999928, 0.0 ], [ -50.871650095999939, -17.849544340999955, 0.0 ], [ -50.871625216999973, -17.849759957999936, 0.0 ], [ -50.871600337999951, -17.849975575999963, 0.0 ], [ -50.871575458999985, -17.850191193999933, 0.0 ], [ -50.871550579999962, -17.850406810999971, 0.0 ], [ -50.871542856999952, -17.850473750999981, 0.0 ], [ -50.871525702999975, -17.850622428999941, 0.0 ], [ -50.871500822999963, -17.850838046999968, 0.0 ], [ -50.87147594399994, -17.851053664999938, 0.0 ], [ -50.871410956999966, -17.85161687599998, 0.0 ], [ -50.871401232999972, -17.851701146999972, 0.0 ], [ -50.871970399999952, -17.851841682999975, 0.0 ], [ -50.872189747999983, -17.851895841999976, 0.0 ], [ -50.87236790299994, -17.851939830999981, 0.0 ], [ -50.872409093999977, -17.851950001999967, 0.0 ], [ -50.872628439999971, -17.852004160999968, 0.0 ], [ -50.872847787999945, -17.85205831899998, 0.0 ], [ -50.873067134999985, -17.852112477999981, 0.0 ], [ -50.873286481999969, -17.852166635999936, 0.0 ], [ -50.873505829999942, -17.852220793999948, 0.0 ], [ -50.873725176999983, -17.85227495099997, 0.0 ], [ -50.873944525999946, -17.85232911099996, 0.0 ], [ -50.874163872999986, -17.852383267999983, 0.0 ], [ -50.87438322099996, -17.852437422999969, 0.0 ], [ -50.874602569999979, -17.852491579999935, 0.0 ], [ -50.874821917999952, -17.852545735999968, 0.0 ], [ -50.875041266999972, -17.852599893999979, 0.0 ], [ -50.875198864999959, -17.85263880399998, 0.0 ], [ -50.875574392999965, -17.852730862999977, 0.0 ], [ -50.875594742999965, -17.852735886999938, 0.0 ], [ -50.875622530999976, -17.852632656999958, 0.0 ], [ -50.875694439999961, -17.852485961999946, 0.0 ], [ -50.875776216999952, -17.852324299999964, 0.0 ], [ -50.875642184999947, -17.852122638999958, 0.0 ], [ -50.875730783999984, -17.851882285999977, 0.0 ], [ -50.87599414999994, -17.85167645699994, 0.0 ], [ -50.876013436999983, -17.851548024999943, 0.0 ], [ -50.875939665999965, -17.851424594999969, 0.0 ], [ -50.875706785999967, -17.851403559999937, 0.0 ], [ -50.875778417999982, -17.850969948999932, 0.0 ], [ -50.875849322999954, -17.85094999699993, 0.0 ], [ -50.87574589899998, -17.850924539999937, 0.0 ], [ -50.875511124999946, -17.85086733199995, 0.0 ], [ -50.875412389999951, -17.850843028999975, 0.0 ], [ -50.875228770999968, -17.850797831999955, 0.0 ], [ -50.875228744999959, -17.850797823999926, 0.0 ], [ -50.875010189999955, -17.850744026999962, 0.0 ], [ -50.875010160999977, -17.850744019999979, 0.0 ], [ -50.874194819999957, -17.850542711999935, 0.0 ], [ -50.874112213999979, -17.850522314999978, 0.0 ], [ -50.873682937999945, -17.850416324999969, 0.0 ], [ -50.873504079999975, -17.851080689999947, 0.0 ], [ -50.873300940999968, -17.851030707999939, 0.0 ], [ -50.873081595999963, -17.850976549999928, 0.0 ], [ -50.872862250999958, -17.850922391999973, 0.0 ], [ -50.872860021999941, -17.850921840999945, 0.0 ], [ -50.87266066199993, -17.850872616999936, 0.0 ], [ -50.872692640999958, -17.85059545699994, 0.0 ], [ -50.872717516999955, -17.85037983999996, 0.0 ], [ -50.872742394999932, -17.850164221999933, 0.0 ], [ -50.872767272999965, -17.849948603999962, 0.0 ], [ -50.872792149999952, -17.849732985999935, 0.0 ], [ -50.872817027999986, -17.849517367999965, 0.0 ], [ -50.872841904999973, -17.849301749999938, 0.0 ], [ -50.872866782999949, -17.849086131999968, 0.0 ], [ -50.872891659999937, -17.848870513999941, 0.0 ], [ -50.872916536999981, -17.848654895999971, 0.0 ], [ -50.872941414999957, -17.848439277999944, 0.0 ], [ -50.872966289999965, -17.848223660999963, 0.0 ], [ -50.873127925999938, -17.848407376999944, 0.0 ], [ -50.873253190999947, -17.848545696999963, 0.0 ], [ -50.873592855999959, -17.848604412999975, 0.0 ], [ -50.873748470999942, -17.847778760999972, 0.0 ], [ -50.873827263999942, -17.847360692999928, 0.0 ], [ -50.873627928999952, -17.847323691999975, 0.0 ], [ -50.873468174999971, -17.847294036999926, 0.0 ], [ -50.87241236999995, -17.847499176999975, 0.0 ] ] ] ] } },
{ "type": "Feature", "properties": { "OID_": 0, "Name": "Placemark", "FolderPath": "Document", "SymbolID": 0, "AltMode": 0, "Base": 0.0, "Clamped": -1, "Extruded": 0, "Snippet": null, "PopupInfo": "<html xmlns:fo=\"http://www.w3.org/1999/XSL/Format\" xmlns:msxsl=\"urn:schemas-microsoft-com:xslt\"><head><META http-equiv=\"Content-Type\" content=\"text/html\"><meta http-equiv=\"content-type\" content=\"text/html; charset=UTF-8\"></head><body style=\"margin:0px 0p", "Shape_Leng": 0.02149268092, "Shape_Area": 5.43847e-06 }, "geometry": { "type": "MultiPolygon", "coordinates": [ [ [ [ -50.947777070999962, -17.814065491999941, 0.0 ], [ -50.944376428999931, -17.814353121999943, 0.0 ], [ -50.944880186999967, -17.814754972999935, 0.0 ], [ -50.944982086999971, -17.814840296999932, 0.0 ], [ -50.945169876999955, -17.81462025299993, 0.0 ], [ -50.947266395999975, -17.814465750999943, 0.0 ], [ -50.947281185999941, -17.814465832999929, 0.0 ], [ -50.947295762999943, -17.814468244999944, 0.0 ], [ -50.947309728999983, -17.814472917999979, 0.0 ], [ -50.947322697999937, -17.81447972899997, 0.0 ], [ -50.947334324999986, -17.814488488999928, 0.0 ], [ -50.947344290999979, -17.814498962999949, 0.0 ], [ -50.947352317999957, -17.814510861999963, 0.0 ], [ -50.947358197999961, -17.814523864999956, 0.0 ], [ -50.948195560999977, -17.816896268999926, 0.0 ], [ -50.947755738999945, -17.817053555999962, 0.0 ], [ -50.948374672999932, -17.81754419799995, 0.0 ], [ -50.949496512999985, -17.818359120999958, 0.0 ], [ -50.949309329999949, -17.817488409999953, 0.0 ], [ -50.949307832999978, -17.817484133999926, 0.0 ], [ -50.94931229599996, -17.817482697999935, 0.0 ], [ -50.949443690999942, -17.817440458999954, 0.0 ], [ -50.949367711999969, -17.817226526999946, 0.0 ], [ -50.950217433999967, -17.816953362999982, 0.0 ], [ -50.950566333999973, -17.817187080999929, 0.0 ], [ -50.950431130999959, -17.817372258999967, 0.0 ], [ -50.950873828999931, -17.817668807999951, 0.0 ], [ -50.951171269999975, -17.817261412999926, 0.0 ], [ -50.950728574999971, -17.816964864999932, 0.0 ], [ -50.950262693999946, -17.816652784999974, 0.0 ], [ -50.950232667999956, -17.816567092999946, 0.0 ], [ -50.950098478999962, -17.816610233999938, 0.0 ], [ -50.950110486999961, -17.816644509999946, 0.0 ], [ -50.949129146999951, -17.816959982999947, 0.0 ], [ -50.949129116999984, -17.816959874999952, 0.0 ], [ -50.949128769999959, -17.816959159999953, 0.0 ], [ -50.949128298999938, -17.816958514999953, 0.0 ], [ -50.949127716999953, -17.816957957999932, 0.0 ], [ -50.949127043999965, -17.816957505999937, 0.0 ], [ -50.949126297999953, -17.816957172999935, 0.0 ], [ -50.949125503999937, -17.816956968999932, 0.0 ], [ -50.949124684999958, -17.81695689999998, 0.0 ], [ -50.949123865999979, -17.816956967999943, 0.0 ], [ -50.949123183999973, -17.816957142999968, 0.0 ], [ -50.948066708999932, -17.814041778999979, 0.0 ], [ -50.947777070999962, -17.814065491999941, 0.0 ] ] ] ] } },
{ "type": "Feature", "properties": { "OID_": 0, "Name": "Placemark", "FolderPath": "Document", "SymbolID": 0, "AltMode": 0, "Base": 0.0, "Clamped": -1, "Extruded": 0, "Snippet": null, "PopupInfo": "<html xmlns:fo=\"http://www.w3.org/1999/XSL/Format\" xmlns:msxsl=\"urn:schemas-microsoft-com:xslt\"><head><META http-equiv=\"Content-Type\" content=\"text/html\"><meta http-equiv=\"content-type\" content=\"text/html; charset=UTF-8\"></head><body style=\"margin:0px 0p", "Shape_Leng": 0.03021740334, "Shape_Area": 4.610505e-05 }, "geometry": { "type": "MultiPolygon", "coordinates": [ [ [ [ -50.959102690999941, -17.839540438999961, 0.0 ], [ -50.961072373999968, -17.84184387099998, 0.0 ], [ -50.964522668999962, -17.839035691999982, 0.0 ], [ -50.966077222999957, -17.838314925999953, 0.0 ], [ -50.966262524999934, -17.838126091999982, 0.0 ], [ -50.966273796999985, -17.838123855999982, 0.0 ], [ -50.966285069999969, -17.838121620999971, 0.0 ], [ -50.966290705999938, -17.83812050399996, 0.0 ], [ -50.966296342999954, -17.838119387999939, 0.0 ], [ -50.966301979999969, -17.838118270999928, 0.0 ], [ -50.966307616999984, -17.838117156999942, 0.0 ], [ -50.966313253999942, -17.838116042999957, 0.0 ], [ -50.966318890999958, -17.838114929999961, 0.0 ], [ -50.966324529999952, -17.838113816999964, 0.0 ], [ -50.966330167999956, -17.838112706999937, 0.0 ], [ -50.96633580699995, -17.838111597999955, 0.0 ], [ -50.966341445999944, -17.838110488999973, 0.0 ], [ -50.966347086999974, -17.83810938299996, 0.0 ], [ -50.966352726999958, -17.838108277999936, 0.0 ], [ -50.966358367999931, -17.838107174999948, 0.0 ], [ -50.96636400899996, -17.838106073999938, 0.0 ], [ -50.96636965099998, -17.838104974999965, 0.0 ], [ -50.966375293999931, -17.83810387799997, 0.0 ], [ -50.96638093699994, -17.838102782999954, 0.0 ], [ -50.966386580999938, -17.838101690999963, 0.0 ], [ -50.966392225999982, -17.838100600999951, 0.0 ], [ -50.96639787099997, -17.838099512999975, 0.0 ], [ -50.966403517999936, -17.838098428999956, 0.0 ], [ -50.966409165999949, -17.838097346999973, 0.0 ], [ -50.966414812999972, -17.838096267999958, 0.0 ], [ -50.966420462999963, -17.838095191999969, 0.0 ], [ -50.966426112999955, -17.838094118999948, 0.0 ], [ -50.966431763999935, -17.838093048999951, 0.0 ], [ -50.966437415999962, -17.83809198299997, 0.0 ], [ -50.966443069999968, -17.838090919999956, 0.0 ], [ -50.966448723999974, -17.838089860999958, 0.0 ], [ -50.96645437899997, -17.838088804999927, 0.0 ], [ -50.966460035999944, -17.838087752999968, 0.0 ], [ -50.966465692999975, -17.838086703999977, 0.0 ], [ -50.966471351999985, -17.83808566099998, 0.0 ], [ -50.966477012999974, -17.838084619999961, 0.0 ], [ -50.966482674999952, -17.838083583999946, 0.0 ], [ -50.966488337999976, -17.838082552999936, 0.0 ], [ -50.96649400299998, -17.838081525999939, 0.0 ], [ -50.966499667999983, -17.838080503999947, 0.0 ], [ -50.966505335999955, -17.838079486999959, 0.0 ], [ -50.966511003999983, -17.838078472999939, 0.0 ], [ -50.966516673999934, -17.838077465999959, 0.0 ], [ -50.966522345999977, -17.838076461999947, 0.0 ], [ -50.966528019999942, -17.838075464999974, 0.0 ], [ -50.966533694999953, -17.83807447199996, 0.0 ], [ -50.966539370999953, -17.838073483999949, 0.0 ], [ -50.966545049999979, -17.838072502999978, 0.0 ], [ -50.966550728999948, -17.838071526999954, 0.0 ], [ -50.966556410999942, -17.838070555999934, 0.0 ], [ -50.966562093999983, -17.838069590999964, 0.0 ], [ -50.966567779999934, -17.838068631999931, 0.0 ], [ -50.966573466999932, -17.838067677999959, 0.0 ], [ -50.966579155999966, -17.838066731999959, 0.0 ], [ -50.966584846999979, -17.838065790999963, 0.0 ], [ -50.96659053999997, -17.838064856999949, 0.0 ], [ -50.966596235999987, -17.838063928999929, 0.0 ], [ -50.966601932999936, -17.83806300699996, 0.0 ], [ -50.966607631999977, -17.838062092999962, 0.0 ], [ -50.966613332999941, -17.838061184999958, 0.0 ], [ -50.96661903599994, -17.838060283999937, 0.0 ], [ -50.966624741999965, -17.838059389999955, 0.0 ], [ -50.966630448999979, -17.838058502999957, 0.0 ], [ -50.966636158999961, -17.838057621999951, 0.0 ], [ -50.966641870999979, -17.838056747999929, 0.0 ], [ -50.966647584999976, -17.838055878999967, 0.0 ], [ -50.966653299999962, -17.838055014999952, 0.0 ], [ -50.966659014999948, -17.838054154999952, 0.0 ], [ -50.966664732999959, -17.838053299999956, 0.0 ], [ -50.96667045099997, -17.838052445999949, 0.0 ], [ -50.966676169999971, -17.838051596999946, 0.0 ], [ -50.966681889999961, -17.838050747999944, 0.0 ], [ -50.966687609999951, -17.838049901999966, 0.0 ], [ -50.966693330999931, -17.838049055999932, 0.0 ], [ -50.966704771999957, -17.838047366999945, 0.0 ], [ -50.966710492999937, -17.838046520999967, 0.0 ], [ -50.966716212999984, -17.838045673999943, 0.0 ], [ -50.966721932999974, -17.83804482499994, 0.0 ], [ -50.966727650999985, -17.838043973999959, 0.0 ], [ -50.966733369999986, -17.838043119999952, 0.0 ], [ -50.966739085999961, -17.838042261999931, 0.0 ], [ -50.966744801999937, -17.838041400999941, 0.0 ], [ -50.966750515999934, -17.838040534999948, 0.0 ], [ -50.966756227999952, -17.83803966399995, 0.0 ], [ -50.96676193899998, -17.838038786999959, 0.0 ], [ -50.966767647999973, -17.838037903999975, 0.0 ], [ -50.966773354999987, -17.838037014999941, 0.0 ], [ -50.966779059999965, -17.838036116999945, 0.0 ], [ -50.966784761999975, -17.838035212999955, 0.0 ], [ -50.96679046099996, -17.838034298999958, 0.0 ], [ -50.966796157999966, -17.838033376999931, 0.0 ], [ -50.966801851999946, -17.838032443999964, 0.0 ], [ -50.966807542999959, -17.838031501999978, 0.0 ], [ -50.966813229999957, -17.838030549999928, 0.0 ], [ -50.966818913999987, -17.838029584999958, 0.0 ], [ -50.966824594999935, -17.838028609999981, 0.0 ], [ -50.966830270999935, -17.838027620999981, 0.0 ], [ -50.966835942999978, -17.838026620999926, 0.0 ], [ -50.96684161099995, -17.838025605999974, 0.0 ], [ -50.966847274999964, -17.838024576999942, 0.0 ], [ -50.966852934999963, -17.838023533999944, 0.0 ], [ -50.966858588999969, -17.838022475999935, 0.0 ], [ -50.96686423899996, -17.838021401999981, 0.0 ], [ -50.966869882999958, -17.838020311999969, 0.0 ], [ -50.966875523999931, -17.838019205999956, 0.0 ], [ -50.966881157999978, -17.838018080999973, 0.0 ], [ -50.966886786999964, -17.838016938999942, 0.0 ], [ -50.966892408999968, -17.838015777999942, 0.0 ], [ -50.966898026999957, -17.838014598999962, 0.0 ], [ -50.966903636999973, -17.838013399999966, 0.0 ], [ -50.966909242999975, -17.838012179999964, 0.0 ], [ -50.966914840999948, -17.838010940999936, 0.0 ], [ -50.966920431999938, -17.838009678999981, 0.0 ], [ -50.966926017999981, -17.838008396999953, 0.0 ], [ -50.966931595999938, -17.838007091999941, 0.0 ], [ -50.966937166999969, -17.838005762999956, 0.0 ], [ -50.966942730999961, -17.838004411999975, 0.0 ], [ -50.96694828699998, -17.838003035999975, 0.0 ], [ -50.966953835999959, -17.838001635999944, 0.0 ], [ -50.966959376999966, -17.838000210999951, 0.0 ], [ -50.966964909999945, -17.837998758999959, 0.0 ], [ -50.966970434999951, -17.837997281999947, 0.0 ], [ -50.966975951999984, -17.837995777999936, 0.0 ], [ -50.966981459999943, -17.837994246999926, 0.0 ], [ -50.966986958999939, -17.837992686999939, 0.0 ], [ -50.966996556999959, -17.837989891999939, 0.0 ], [ -50.967006128999969, -17.837987012999974, 0.0 ], [ -50.96701567599996, -17.837984051999968, 0.0 ], [ -50.967025198999977, -17.837981013999979, 0.0 ], [ -50.967034698999953, -17.837977899999942, 0.0 ], [ -50.967044175999945, -17.837974714999973, 0.0 ], [ -50.967053631999931, -17.837971459999949, 0.0 ], [ -50.96706306599998, -17.837968137999951, 0.0 ], [ -50.967072481999935, -17.837964751999948, 0.0 ], [ -50.967081877999931, -17.837961307999933, 0.0 ], [ -50.967091256999936, -17.837957804999974, 0.0 ], [ -50.96710061999994, -17.83795424799996, 0.0 ], [ -50.967109965999953, -17.837950638999928, 0.0 ], [ -50.967119296999954, -17.837946981999949, 0.0 ], [ -50.967128613999932, -17.837943278999944, 0.0 ], [ -50.967137917999935, -17.83793953299994, 0.0 ], [ -50.967147209999951, -17.837935748999939, 0.0 ], [ -50.967156489999979, -17.837931926999943, 0.0 ], [ -50.967165759999943, -17.837928071999954, 0.0 ], [ -50.967175019999956, -17.837924185999952, 0.0 ], [ -50.967184272999987, -17.837920270999973, 0.0 ], [ -50.967193516999941, -17.837916332999953, 0.0 ], [ -50.96720275399997, -17.837912372999938, 0.0 ], [ -50.967211985999938, -17.837908392999964, 0.0 ], [ -50.967221212999959, -17.837904396999932, 0.0 ], [ -50.967230435999966, -17.837900388999969, 0.0 ], [ -50.967239654999958, -17.837896370999943, 0.0 ], [ -50.96724887299996, -17.837892344999943, 0.0 ], [ -50.96726730499995, -17.837884285999962, 0.0 ], [ -50.967276521999963, -17.837880256999938, 0.0 ], [ -50.967285739999966, -17.837876232999974, 0.0 ], [ -50.967294959999947, -17.837872215999937, 0.0 ], [ -50.967304183999943, -17.837868208999964, 0.0 ], [ -50.967313409999974, -17.837864212999932, 0.0 ], [ -50.967322640999953, -17.837860228999944, 0.0 ], [ -50.967331875999946, -17.837856258999977, 0.0 ], [ -50.967341115999943, -17.837852303999966, 0.0 ], [ -50.967350360999944, -17.837848365999946, 0.0 ], [ -50.967359610999949, -17.837844445999963, 0.0 ], [ -50.967368866999948, -17.837840546999928, 0.0 ], [ -50.967378130999975, -17.837836667999966, 0.0 ], [ -50.967387400999939, -17.837832811999931, 0.0 ], [ -50.967396677999943, -17.837828980999973, 0.0 ], [ -50.967405964999955, -17.837825174999978, 0.0 ], [ -50.967415258999949, -17.837821396999971, 0.0 ], [ -50.967424561999962, -17.837817646999952, 0.0 ], [ -50.967433873999937, -17.837813928999935, 0.0 ], [ -50.967443195999977, -17.837810240999943, 0.0 ], [ -50.967452528999956, -17.837806586999932, 0.0 ], [ -50.967461871999944, -17.837802967999949, 0.0 ], [ -50.967471226999976, -17.837799384999983, 0.0 ], [ -50.967480591999959, -17.837795840999945, 0.0 ], [ -50.967489970999964, -17.837792334999961, 0.0 ], [ -50.967499360999966, -17.83778887099993, 0.0 ], [ -50.967508764999934, -17.837785448999966, 0.0 ], [ -50.967518182999981, -17.837782070999936, 0.0 ], [ -50.967527613999948, -17.83777873799994, 0.0 ], [ -50.967537058999937, -17.83777545199996, 0.0 ], [ -50.967546519999985, -17.837772213999926, 0.0 ], [ -50.967555994999941, -17.837769026999979, 0.0 ], [ -50.967565486999945, -17.837765889999957, 0.0 ], [ -50.96757499499995, -17.837762806999933, 0.0 ], [ -50.967584518999956, -17.837759778999953, 0.0 ], [ -50.967590083999937, -17.837758036999958, 0.0 ], [ -50.967595652999933, -17.837756314999979, 0.0 ], [ -50.967601228999968, -17.83775461099998, 0.0 ], [ -50.96760680899996, -17.837752925999951, 0.0 ], [ -50.967612396999982, -17.837751258999958, 0.0 ], [ -50.967617988999962, -17.837749609999946, 0.0 ], [ -50.967623585999945, -17.837747979999961, 0.0 ], [ -50.967629188999979, -17.837746365999976, 0.0 ], [ -50.967634797999949, -17.837744770999961, 0.0 ], [ -50.96764041199998, -17.837743192999937, 0.0 ], [ -50.967646030999958, -17.837741631999961, 0.0 ], [ -50.967651654999941, -17.837740086999929, 0.0 ], [ -50.967657284999973, -17.837738559999934, 0.0 ], [ -50.967662919999952, -17.837737048999941, 0.0 ], [ -50.967668558999947, -17.837735554999938, 0.0 ], [ -50.967674203999934, -17.837734076999936, 0.0 ], [ -50.967679852999936, -17.837732614999936, 0.0 ], [ -50.967685507999931, -17.837731169999927, 0.0 ], [ -50.967691166999941, -17.83772973899994, 0.0 ], [ -50.967696831999945, -17.837728323999954, 0.0 ], [ -50.967702499999973, -17.83772692399998, 0.0 ], [ -50.967708172999949, -17.837725539999951, 0.0 ], [ -50.967713850999985, -17.837724169999944, 0.0 ], [ -50.967719533999968, -17.837722815999939, 0.0 ], [ -50.967725220999966, -17.837721475999956, 0.0 ], [ -50.967730911999979, -17.837720149999939, 0.0 ], [ -50.967736607999939, -17.837718837999944, 0.0 ], [ -50.96774230799997, -17.837717539999971, 0.0 ], [ -50.967748011999959, -17.837716256999954, 0.0 ], [ -50.967753720999951, -17.83771498699997, 0.0 ], [ -50.967759433999959, -17.837713730999951, 0.0 ], [ -50.967765149999934, -17.837712486999976, 0.0 ], [ -50.967770870999971, -17.837711256999967, 0.0 ], [ -50.967776595999965, -17.837710038999944, 0.0 ], [ -50.967782323999984, -17.837708833999955, 0.0 ], [ -50.967788055999961, -17.837707641999941, 0.0 ], [ -50.967793792999942, -17.837706462999961, 0.0 ], [ -50.967799532999948, -17.837705294999978, 0.0 ], [ -50.967805275999979, -17.837704138999982, 0.0 ], [ -50.967811023999957, -17.837702995999962, 0.0 ], [ -50.967816773999971, -17.83770186299995, 0.0 ], [ -50.967822527999942, -17.837700741999981, 0.0 ], [ -50.967828286999975, -17.837699631999953, 0.0 ], [ -50.96783404699994, -17.837698533999969, 0.0 ], [ -50.967839811999966, -17.837697445999936, 0.0 ], [ -50.96784557999996, -17.837696368999957, 0.0 ], [ -50.967851350999979, -17.837695301999929, 0.0 ], [ -50.967857124999966, -17.837694245999955, 0.0 ], [ -50.967862901999979, -17.837693199999933, 0.0 ], [ -50.96786868199996, -17.837692163999975, 0.0 ], [ -50.967874464999966, -17.837691136999979, 0.0 ], [ -50.967880251999986, -17.837690119999934, 0.0 ], [ -50.967886040999986, -17.837689112999954, 0.0 ], [ -50.967891832999953, -17.837688113999945, 0.0 ], [ -50.967897626999957, -17.837687123999956, 0.0 ], [ -50.967903424999975, -17.837686143999974, 0.0 ], [ -50.967909223999982, -17.837685171999965, 0.0 ], [ -50.967915027999936, -17.837684207999928, 0.0 ], [ -50.967920831999947, -17.837683252999966, 0.0 ], [ -50.967926639999973, -17.837682305999977, 0.0 ], [ -50.967932449999978, -17.83768136599997, 0.0 ], [ -50.967938262999951, -17.837680434999982, 0.0 ], [ -50.96794407699997, -17.83767950999993, 0.0 ], [ -50.967949893999958, -17.837678593999954, 0.0 ], [ -50.967955712999981, -17.837677683999971, 0.0 ], [ -50.967961534999972, -17.837676780999971, 0.0 ], [ -50.967967357999953, -17.837675884999953, 0.0 ], [ -50.96797318299997, -17.837674995999976, 0.0 ], [ -50.967979010999954, -17.837674112999935, 0.0 ], [ -50.967984838999939, -17.837673235999944, 0.0 ], [ -50.967990669999949, -17.837672364999946, 0.0 ], [ -50.967996503999984, -17.837671499999942, 0.0 ], [ -50.968002337999962, -17.837670640999931, 0.0 ], [ -50.968008174999966, -17.837669786999982, 0.0 ], [ -50.968014011999969, -17.837668937999979, 0.0 ], [ -50.968019851999941, -17.83766809499997, 0.0 ], [ -50.968025691999969, -17.837667255999975, 0.0 ], [ -50.968031534999966, -17.837666421999927, 0.0 ], [ -50.968037378999952, -17.83766559299994, 0.0 ], [ -50.968043223999985, -17.837664767999968, 0.0 ], [ -50.968049070999939, -17.837663946999953, 0.0 ], [ -50.96805491799995, -17.837663129999953, 0.0 ], [ -50.96806076699994, -17.837662317999957, 0.0 ], [ -50.968066616999977, -17.83766150799994, 0.0 ], [ -50.968072467999946, -17.837660701999937, 0.0 ], [ -50.968078318999972, -17.837659898999959, 0.0 ], [ -50.968084172999966, -17.83765909899995, 0.0 ], [ -50.96809002599997, -17.837658301999966, 0.0 ], [ -50.968095880999954, -17.837657508999939, 0.0 ], [ -50.968101736999984, -17.837656716999959, 0.0 ], [ -50.968107592999957, -17.837655926999958, 0.0 ], [ -50.968113448999986, -17.837655139999981, 0.0 ], [ -50.968119305999949, -17.837654353999937, 0.0 ], [ -50.968125163999957, -17.837653570999976, 0.0 ], [ -50.968131021999966, -17.837652788999947, 0.0 ], [ -50.968136880999964, -17.837652007999964, 0.0 ], [ -50.968142739999962, -17.83765122899996, 0.0 ], [ -50.96814859999995, -17.837650450999945, 0.0 ], [ -50.968154458999948, -17.837649671999941, 0.0 ], [ -50.968160318999935, -17.837648895999962, 0.0 ], [ -50.968183759999931, -17.837645790999943, 0.0 ], [ -50.968189619999976, -17.837645012999928, 0.0 ], [ -50.968195479999963, -17.83764423599996, 0.0 ], [ -50.968201338999961, -17.837643458999935, 0.0 ], [ -50.968207198999949, -17.837642679999931, 0.0 ], [ -50.968213057999947, -17.837641899999937, 0.0 ], [ -50.968218915999955, -17.837641119999944, 0.0 ], [ -50.968224774999953, -17.837640336999982, 0.0 ], [ -50.968230631999973, -17.837639552999974, 0.0 ], [ -50.968236488999935, -17.83763876699993, 0.0 ], [ -50.968242345999954, -17.837637979999954, 0.0 ], [ -50.968248201999984, -17.837637189999953, 0.0 ], [ -50.968254056999967, -17.837636396999926, 0.0 ], [ -50.968259911999951, -17.837635602999967, 0.0 ], [ -50.968265764999956, -17.837634804999936, 0.0 ], [ -50.968271616999971, -17.837634004999927, 0.0 ], [ -50.968277469999975, -17.83763320099996, 0.0 ], [ -50.968283319999955, -17.837632394999957, 0.0 ], [ -50.968289169999935, -17.83763158499994, 0.0 ], [ -50.968295018999981, -17.837630770999965, 0.0 ], [ -50.968300865999936, -17.837629953999965, 0.0 ], [ -50.968306711999958, -17.837629131999961, 0.0 ], [ -50.968312556999933, -17.837628305999942, 0.0 ], [ -50.968318400999976, -17.837627474999977, 0.0 ], [ -50.968324242999984, -17.837626640999929, 0.0 ], [ -50.968330082999955, -17.837625801999934, 0.0 ], [ -50.968335921999937, -17.837624956999946, 0.0 ], [ -50.96834175999993, -17.837624108999933, 0.0 ], [ -50.968347596999934, -17.837623254999983, 0.0 ], [ -50.968353430999969, -17.837622396999961, 0.0 ], [ -50.968359264999947, -17.837621533999936, 0.0 ], [ -50.968365096999946, -17.837620666999953, 0.0 ], [ -50.968370927999956, -17.837619794999966, 0.0 ], [ -50.968376757999977, -17.837618918999965, 0.0 ], [ -50.968382585999962, -17.83761803799996, 0.0 ], [ -50.968388412999957, -17.83761715299994, 0.0 ], [ -50.968394237999973, -17.837616262999973, 0.0 ], [ -50.968400061999944, -17.837615368999934, 0.0 ], [ -50.968405883999935, -17.837614471999927, 0.0 ], [ -50.968411705999983, -17.837613568999927, 0.0 ], [ -50.968417525999939, -17.837612662999959, 0.0 ], [ -50.968423344999962, -17.83761175199993, 0.0 ], [ -50.968429162999939, -17.837610837999932, 0.0 ], [ -50.968434978999937, -17.837609917999941, 0.0 ], [ -50.968440793999946, -17.837608995999972, 0.0 ], [ -50.968446607999965, -17.837608068999941, 0.0 ], [ -50.968452419999949, -17.837607137999953, 0.0 ], [ -50.968458231999932, -17.83760620399994, 0.0 ], [ -50.968464041999937, -17.837605263999933, 0.0 ], [ -50.968469850999952, -17.837604321999947, 0.0 ], [ -50.968475658999978, -17.837603374999958, 0.0 ], [ -50.968481464999968, -17.837602425999933, 0.0 ], [ -50.968487271999948, -17.83760147199996, 0.0 ], [ -50.968493075999959, -17.837600513999973, 0.0 ], [ -50.968498878999981, -17.837599552999961, 0.0 ], [ -50.968504680999956, -17.837598587999935, 0.0 ], [ -50.968510481999942, -17.837597618999951, 0.0 ], [ -50.968516281999939, -17.837596646999941, 0.0 ], [ -50.968522080999946, -17.837595670999974, 0.0 ], [ -50.968527878999964, -17.837594691999982, 0.0 ], [ -50.968533675999936, -17.837593709999965, 0.0 ], [ -50.968539471999975, -17.837592723999933, 0.0 ], [ -50.968545264999932, -17.837591733999943, 0.0 ], [ -50.968551058999935, -17.837590740999929, 0.0 ], [ -50.968556851999949, -17.837589744999946, 0.0 ], [ -50.968562642999984, -17.837588745999938, 0.0 ], [ -50.968568433999963, -17.837587742999972, 0.0 ], [ -50.968574223999951, -17.837586736999981, 0.0 ], [ -50.968580012999951, -17.837585728999954, 0.0 ], [ -50.968585799999971, -17.837584715999981, 0.0 ], [ -50.968591586999935, -17.837583700999971, 0.0 ], [ -50.968597372999966, -17.837582682999937, 0.0 ], [ -50.968603156999961, -17.837581661999934, 0.0 ], [ -50.968608941999946, -17.837580636999974, 0.0 ], [ -50.968614724999952, -17.837579609999977, 0.0 ], [ -50.968620506999969, -17.837578579999956, 0.0 ], [ -50.968626287999939, -17.837577547999956, 0.0 ], [ -50.968632068999966, -17.837576511999941, 0.0 ], [ -50.968637847999958, -17.837575473999948, 0.0 ], [ -50.968643626999949, -17.83757443199994, 0.0 ], [ -50.968649404999951, -17.837573387999953, 0.0 ], [ -50.968655181999964, -17.83757234199993, 0.0 ], [ -50.968660957999987, -17.83757129199995, 0.0 ], [ -50.968666733999953, -17.837570239999934, 0.0 ], [ -50.968672507999941, -17.837569185999939, 0.0 ], [ -50.968678281999985, -17.837568128999976, 0.0 ], [ -50.968684054999983, -17.837567068999931, 0.0 ], [ -50.968689827999981, -17.837566006999964, 0.0 ], [ -50.968695599999933, -17.837564943999951, 0.0 ], [ -50.968701369999962, -17.837563875999933, 0.0 ], [ -50.968707139999935, -17.837562807999973, 0.0 ], [ -50.968712909999965, -17.837561735999941, 0.0 ], [ -50.968718678999949, -17.837560662999977, 0.0 ], [ -50.968724446999943, -17.837559585999941, 0.0 ], [ -50.968730213999947, -17.837558508999962, 0.0 ], [ -50.968735981999941, -17.837557427999968, 0.0 ], [ -50.968741746999967, -17.837556345999928, 0.0 ], [ -50.968747512999983, -17.837555260999977, 0.0 ], [ -50.968753277999951, -17.83755417499998, 0.0 ], [ -50.968759041999931, -17.837553086999947, 0.0 ], [ -50.968764805999967, -17.837551996999935, 0.0 ], [ -50.968770568999958, -17.837550903999954, 0.0 ], [ -50.968776331999948, -17.837549808999938, 0.0 ], [ -50.968782093999948, -17.837548713999979, 0.0 ], [ -50.96878785399997, -17.837547615999938, 0.0 ], [ -50.968793614999981, -17.837546515999975, 0.0 ], [ -50.968799374999946, -17.837545414999965, 0.0 ], [ -50.968805134999968, -17.837544310999931, 0.0 ], [ -50.968810893999944, -17.837543206999953, 0.0 ], [ -50.968816652999976, -17.837542099999951, 0.0 ], [ -50.968822410999962, -17.837540991999958, 0.0 ], [ -50.968828168999949, -17.83753988199993, 0.0 ], [ -50.968833926999935, -17.83753877099997, 0.0 ], [ -50.968839683999931, -17.837537658999963, 0.0 ], [ -50.968845439999939, -17.837536543999931, 0.0 ], [ -50.968851194999957, -17.837535428999956, 0.0 ], [ -50.968856950999964, -17.837534311999946, 0.0 ], [ -50.968862706999971, -17.837533192999956, 0.0 ], [ -50.968868460999943, -17.837532073999967, 0.0 ], [ -50.968874214999971, -17.837530952999941, 0.0 ], [ -50.968879968999943, -17.837529830999927, 0.0 ], [ -50.968885722999971, -17.837528707999979, 0.0 ], [ -50.968891475999953, -17.83752758299994, 0.0 ], [ -50.968897228999936, -17.837526457999957, 0.0 ], [ -50.968902980999985, -17.837525331999927, 0.0 ], [ -50.968908732999978, -17.837524203999976, 0.0 ], [ -50.96891448599996, -17.837523074999979, 0.0 ], [ -50.968920236999963, -17.837521945999981, 0.0 ], [ -50.968925988999956, -17.837520814999948, 0.0 ], [ -50.96893173899997, -17.837519682999982, 0.0 ], [ -50.968937490999963, -17.837518551999949, 0.0 ], [ -50.968943240999977, -17.837517417999948, 0.0 ], [ -50.968948990999934, -17.837516284999936, 0.0 ], [ -50.968954740999948, -17.837515149999945, 0.0 ], [ -50.968960490999962, -17.837514013999964, 0.0 ], [ -50.968966239999986, -17.837512877999927, 0.0 ], [ -50.968971989999943, -17.837511741999947, 0.0 ], [ -50.968977739999957, -17.837510604999977, 0.0 ], [ -50.968983487999935, -17.837509466999961, 0.0 ], [ -50.968989237999949, -17.837508328999945, 0.0 ], [ -50.968994986999974, -17.83750718999994, 0.0 ], [ -50.969006483999976, -17.83750491099994, 0.0 ], [ -50.969017979999933, -17.83750263099995, 0.0 ], [ -50.969029475999946, -17.837500349999971, 0.0 ], [ -50.969040972999949, -17.837498066999956, 0.0 ], [ -50.969063964999975, -17.837493500999926, 0.0 ], [ -50.969057826999972, -17.837478859999976, 0.0 ], [ -50.969051772999933, -17.837464190999981, 0.0 ], [ -50.969045799999947, -17.837449493999941, 0.0 ], [ -50.969039902999953, -17.837434769999959, 0.0 ], [ -50.969034075999957, -17.837420022999936, 0.0 ], [ -50.969028313999956, -17.837405249999961, 0.0 ], [ -50.969022613999982, -17.837390457999959, 0.0 ], [ -50.969016969999984, -17.837375643999962, 0.0 ], [ -50.969011376999958, -17.83736081099994, 0.0 ], [ -50.969005830999947, -17.837345960999983, 0.0 ], [ -50.969000325999957, -17.837331093999978, 0.0 ], [ -50.968994857999974, -17.837316212999951, 0.0 ], [ -50.968989422999982, -17.837301318999948, 0.0 ], [ -50.968984014999933, -17.837286411999969, 0.0 ], [ -50.968978629999981, -17.837271496999961, 0.0 ], [ -50.968973260999974, -17.837256570999955, 0.0 ], [ -50.968967906999978, -17.837241637999966, 0.0 ], [ -50.968962559999966, -17.837226698999928, 0.0 ], [ -50.96895187299998, -17.837196806999941, 0.0 ], [ -50.968946521999953, -17.837181858999941, 0.0 ], [ -50.968941160999975, -17.837166909999951, 0.0 ], [ -50.968935783999939, -17.83715196299994, 0.0 ], [ -50.968930384999965, -17.837137016999975, 0.0 ], [ -50.96892496199996, -17.837122075999957, 0.0 ], [ -50.968919508999932, -17.837107138999954, 0.0 ], [ -50.968914019999943, -17.83709221099997, 0.0 ], [ -50.968908491999969, -17.837077289999968, 0.0 ], [ -50.968902919999948, -17.837062378999974, 0.0 ], [ -50.968897297999945, -17.837047478999978, 0.0 ], [ -50.968891621999944, -17.837032591999957, 0.0 ], [ -50.968885885999953, -17.837017718999959, 0.0 ], [ -50.968880088999981, -17.837002860999974, 0.0 ], [ -50.968874235999976, -17.836988015999964, 0.0 ], [ -50.968868332999932, -17.836973184999977, 0.0 ], [ -50.968862387999934, -17.836958363999941, 0.0 ], [ -50.968856407999965, -17.836943552999969, 0.0 ], [ -50.968850399999951, -17.836928750999959, 0.0 ], [ -50.968844370999932, -17.836913954999943, 0.0 ], [ -50.968838327999947, -17.836899164999977, 0.0 ], [ -50.96882623099998, -17.836869591999971, 0.0 ], [ -50.968820189999974, -17.836854807999941, 0.0 ], [ -50.968814164999969, -17.836840023999969, 0.0 ], [ -50.968808161999959, -17.83682523799996, 0.0 ], [ -50.968802186999937, -17.836810447999937, 0.0 ], [ -50.968796248999979, -17.836795651999978, 0.0 ], [ -50.968790354999953, -17.836780849999968, 0.0 ], [ -50.968784510999967, -17.836766039999929, 0.0 ], [ -50.968778724999936, -17.836751220999929, 0.0 ], [ -50.968773004999946, -17.836736390999931, 0.0 ], [ -50.968767356999933, -17.836721547999957, 0.0 ], [ -50.968761786999949, -17.83670669199995, 0.0 ], [ -50.968756304999943, -17.836691819999942, 0.0 ], [ -50.968750915999976, -17.836676931999932, 0.0 ], [ -50.968745626999976, -17.836662023999963, 0.0 ], [ -50.968740446999959, -17.836647097999958, 0.0 ], [ -50.968735381999977, -17.836632149999957, 0.0 ], [ -50.968730438999955, -17.836617179999962, 0.0 ], [ -50.96872562599998, -17.836602184999947, 0.0 ], [ -50.96872094899993, -17.836587165999958, 0.0 ], [ -50.96871641499996, -17.836572117999935, 0.0 ], [ -50.968712032999974, -17.836557041999981, 0.0 ], [ -50.968707808999966, -17.836541936999936, 0.0 ], [ -50.968703209999944, -17.836524742999927, 0.0 ], [ -50.968698825999979, -17.836507501999961, 0.0 ], [ -50.968694657999947, -17.836490210999955, 0.0 ], [ -50.96869070799994, -17.836472864999962, 0.0 ], [ -50.968686974999969, -17.836455456999943, 0.0 ], [ -50.96868346399998, -17.836437982999939, 0.0 ], [ -50.968680172999939, -17.836420438999937, 0.0 ], [ -50.968677105999973, -17.836402816999964, 0.0 ], [ -50.968674263999958, -17.836385113999938, 0.0 ], [ -50.968671646999951, -17.83636732399998, 0.0 ], [ -50.968669257999977, -17.83634944399995, 0.0 ], [ -50.96866709699998, -17.836331465999933, 0.0 ], [ -50.968665165999937, -17.836313386999961, 0.0 ], [ -50.968663467999932, -17.836295199999938, 0.0 ], [ -50.968662002999963, -17.836276901999952, 0.0 ], [ -50.968660770999975, -17.836258486999952, 0.0 ], [ -50.968659761999959, -17.836239955999929, 0.0 ], [ -50.968658900999969, -17.836221343999966, 0.0 ], [ -50.968658101999949, -17.836202691999972, 0.0 ], [ -50.968657276999977, -17.836184038999932, 0.0 ], [ -50.968656340999985, -17.836165426999969, 0.0 ], [ -50.968655204999948, -17.836146896999935, 0.0 ], [ -50.968653782999979, -17.836128488999975, 0.0 ], [ -50.96865198699993, -17.83611024399994, 0.0 ], [ -50.968649730999971, -17.836092201999975, 0.0 ], [ -50.968646927999941, -17.836074404999977, 0.0 ], [ -50.968643489999977, -17.836056892999977, 0.0 ], [ -50.968639329999974, -17.836039705999951, 0.0 ], [ -50.968634361999932, -17.836022886999956, 0.0 ], [ -50.96862849799993, -17.836006474999976, 0.0 ], [ -50.968621650999978, -17.835990510999977, 0.0 ], [ -50.968613733999973, -17.835975034999933, 0.0 ], [ -50.968608005999954, -17.835965250999948, 0.0 ], [ -50.968601912999986, -17.83595558899998, 0.0 ], [ -50.968595578999953, -17.835945949999939, 0.0 ], [ -50.968589129999941, -17.835936233999973, 0.0 ], [ -50.968582688999959, -17.835926340999947, 0.0 ], [ -50.968576378999956, -17.835916169999962, 0.0 ], [ -50.968570324999973, -17.835905621999927, 0.0 ], [ -50.968564648999973, -17.835894596999935, 0.0 ], [ -50.96855941299998, -17.835883064999962, 0.0 ], [ -50.968554426999958, -17.835871288999954, 0.0 ], [ -50.968549437999968, -17.835859600999981, 0.0 ], [ -50.968544190999978, -17.83584833599997, 0.0 ], [ -50.968538432999935, -17.835837825999931, 0.0 ], [ -50.968531910999957, -17.835828403999926, 0.0 ], [ -50.96852437299998, -17.835820402999957, 0.0 ], [ -50.968515561999936, -17.835814156999959, 0.0 ], [ -50.968504387999985, -17.835809590999929, 0.0 ], [ -50.96849177699994, -17.835806930999979, 0.0 ], [ -50.968478079999954, -17.835805625999967, 0.0 ], [ -50.968463654999937, -17.835805124999979, 0.0 ], [ -50.968448949999981, -17.835804813999971, 0.0 ], [ -50.968434786999978, -17.835803824999971, 0.0 ], [ -50.968422080999972, -17.83580122799998, 0.0 ], [ -50.968411746999948, -17.835796091999953, 0.0 ], [ -50.968402537999964, -17.835784284999932, 0.0 ], [ -50.968397396999933, -17.835768194999957, 0.0 ], [ -50.968394474999968, -17.835749783999972, 0.0 ], [ -50.968391919999931, -17.835731014999965, 0.0 ], [ -50.968388253999933, -17.835713451999936, 0.0 ], [ -50.968383478999954, -17.83569704699994, 0.0 ], [ -50.968377966999981, -17.835681358999977, 0.0 ], [ -50.968372092999971, -17.835665937999977, 0.0 ], [ -50.96836813699997, -17.83565559799996, 0.0 ], [ -50.968364185999974, -17.835645185999965, 0.0 ], [ -50.96836024299995, -17.835634705999951, 0.0 ], [ -50.968356307999954, -17.835624163999967, 0.0 ], [ -50.968352382999967, -17.83561356599995, 0.0 ], [ -50.968348467999931, -17.835602918999939, 0.0 ], [ -50.968344564999938, -17.83559222599996, 0.0 ], [ -50.968340674999979, -17.835581495999975, 0.0 ], [ -50.968336798999985, -17.835570731999951, 0.0 ], [ -50.968332938999936, -17.835559939999939, 0.0 ], [ -50.968329093999955, -17.835549126999979, 0.0 ], [ -50.968325266999955, -17.83553829799996, 0.0 ], [ -50.96832145999997, -17.835527457999945, 0.0 ], [ -50.968317671999955, -17.835516612999982, 0.0 ], [ -50.968313903999956, -17.835505769999941, 0.0 ], [ -50.968310160999977, -17.83549493199996, 0.0 ], [ -50.968306437999956, -17.835484105999967, 0.0 ], [ -50.968302730999937, -17.835473293999939, 0.0 ], [ -50.968299031999948, -17.835462495999934, 0.0 ], [ -50.968295333999947, -17.835451712999941, 0.0 ], [ -50.968291628999964, -17.835440946999938, 0.0 ], [ -50.968287908999969, -17.835430197999926, 0.0 ], [ -50.968284166999979, -17.83541946899993, 0.0 ], [ -50.968280394999965, -17.835408758999961, 0.0 ], [ -50.968276585999945, -17.835398070999929, 0.0 ], [ -50.968272730999956, -17.83538740399996, 0.0 ], [ -50.968268823999949, -17.835376759999974, 0.0 ], [ -50.968264854999973, -17.835366139999962, 0.0 ], [ -50.968260819999955, -17.83535554599996, 0.0 ], [ -50.968256707999956, -17.835344977999966, 0.0 ], [ -50.968252513999971, -17.835334437999961, 0.0 ], [ -50.968248227999936, -17.835323925999944, 0.0 ], [ -50.968243035999933, -17.835311532999981, 0.0 ], [ -50.968237712999951, -17.835299179999936, 0.0 ], [ -50.96823226999993, -17.835286867999969, 0.0 ], [ -50.968226712999979, -17.835274591999962, 0.0 ], [ -50.968221048999965, -17.835262352999962, 0.0 ], [ -50.968215286999964, -17.835250149999979, 0.0 ], [ -50.968209435999938, -17.835237981999967, 0.0 ], [ -50.968203501999938, -17.835225846999947, 0.0 ], [ -50.96819749499997, -17.83521374399993, 0.0 ], [ -50.968191420999972, -17.835201671999982, 0.0 ], [ -50.968185289999951, -17.835189629999945, 0.0 ], [ -50.968179107999958, -17.835177616999943, 0.0 ], [ -50.968172882999966, -17.835165630999938, 0.0 ], [ -50.968166623999934, -17.835153670999944, 0.0 ], [ -50.968160338999951, -17.835141736999958, 0.0 ], [ -50.968154034999941, -17.835129826999946, 0.0 ], [ -50.968147008999949, -17.83511660299996, 0.0 ], [ -50.968139973999939, -17.835103401999959, 0.0 ], [ -50.968132933999982, -17.835090221999963, 0.0 ], [ -50.968125891999932, -17.835077057999968, 0.0 ], [ -50.968118853999954, -17.83506390499997, 0.0 ], [ -50.968111822999958, -17.835050759999945, 0.0 ], [ -50.968104801999971, -17.835037616999955, 0.0 ], [ -50.968097796999984, -17.835024474999955, 0.0 ], [ -50.968090809999978, -17.835011326999961, 0.0 ], [ -50.968083845999956, -17.834998169999949, 0.0 ], [ -50.968076908999933, -17.834985, 0.0 ], [ -50.968070001999934, -17.834971810999946, 0.0 ], [ -50.968063130999951, -17.834958601999972, 0.0 ], [ -50.968056297999965, -17.834945365999943, 0.0 ], [ -50.968049506999932, -17.834932099999946, 0.0 ], [ -50.968042762999971, -17.834918800999958, 0.0 ], [ -50.968036069999982, -17.834905461999938, 0.0 ], [ -50.968029430999934, -17.834892080999964, 0.0 ], [ -50.968022850999944, -17.834878651999929, 0.0 ], [ -50.968016333999969, -17.834865173999958, 0.0 ], [ -50.968009882999979, -17.834851639999954, 0.0 ], [ -50.968003501999931, -17.834838046999948, 0.0 ], [ -50.967997195999942, -17.834824389999937, 0.0 ], [ -50.967990967999981, -17.834810665999953, 0.0 ], [ -50.967984822999938, -17.834796869999934, 0.0 ], [ -50.967978764999941, -17.83478299799998, 0.0 ], [ -50.96797279599997, -17.834769044999973, 0.0 ], [ -50.96796692199996, -17.834755008999934, 0.0 ], [ -50.967961145999936, -17.834740883999928, 0.0 ], [ -50.967955471999971, -17.834726665999938, 0.0 ], [ -50.967949903999965, -17.834712350999951, 0.0 ], [ -50.967944447999969, -17.834697935999941, 0.0 ], [ -50.967940562999956, -17.834687423999981, 0.0 ], [ -50.967936733999977, -17.834676860999934, 0.0 ], [ -50.96793295699996, -17.834666249999941, 0.0 ], [ -50.967929228999935, -17.834655592999979, 0.0 ], [ -50.967925542999978, -17.834644896999976, 0.0 ], [ -50.967921898999975, -17.834634163999965, 0.0 ], [ -50.967918288999954, -17.834623395999927, 0.0 ], [ -50.967914710999935, -17.834612598999968, 0.0 ], [ -50.967911160999961, -17.834601775999943, 0.0 ], [ -50.96790763499996, -17.834590929999933, 0.0 ], [ -50.967904127999986, -17.834580063999965, 0.0 ], [ -50.967900636999957, -17.834569183999974, 0.0 ], [ -50.967897157999971, -17.83455829199994, 0.0 ], [ -50.967893685999968, -17.834547390999944, 0.0 ], [ -50.967886749999934, -17.834525579999934, 0.0 ], [ -50.967883275999952, -17.834514676999959, 0.0 ], [ -50.967879793999941, -17.834503778999931, 0.0 ], [ -50.967876299999944, -17.834492891999957, 0.0 ], [ -50.967872787999966, -17.83448201899995, 0.0 ], [ -50.967869256999961, -17.834471162999932, 0.0 ], [ -50.967865700999937, -17.834460326999931, 0.0 ], [ -50.967862114999946, -17.83444951599995, 0.0 ], [ -50.967858496999952, -17.834438732999956, 0.0 ], [ -50.967854842999941, -17.834427980999976, 0.0 ], [ -50.967851146999976, -17.834417263999967, 0.0 ], [ -50.967847406999965, -17.834406586999933, 0.0 ], [ -50.967843617999961, -17.834395951999966, 0.0 ], [ -50.967839775999948, -17.834385363999957, 0.0 ], [ -50.96783587799996, -17.834374824999941, 0.0 ], [ -50.967831917999945, -17.834364338999933, 0.0 ], [ -50.967827893999981, -17.834353909999948, 0.0 ], [ -50.967823799999962, -17.834343541999942, 0.0 ], [ -50.967819632999976, -17.834333237999942, 0.0 ], [ -50.967815388999952, -17.834323002999952, 0.0 ], [ -50.967811063999932, -17.83431283799996, 0.0 ], [ -50.967806652999968, -17.834302747999971, 0.0 ], [ -50.967802154999958, -17.834292737999931, 0.0 ], [ -50.967797560999941, -17.834282808999944, 0.0 ], [ -50.967792871999961, -17.834272966999947, 0.0 ], [ -50.967788080999981, -17.834263213999975, 0.0 ], [ -50.967783184999973, -17.834253553999929, 0.0 ], [ -50.967778178999936, -17.834243990999937, 0.0 ], [ -50.967773059999956, -17.834234528999957, 0.0 ], [ -50.967767823999964, -17.834225170999957, 0.0 ], [ -50.967762465999954, -17.834215919999963, 0.0 ], [ -50.967756982999958, -17.834206780999978, 0.0 ], [ -50.967751369999974, -17.834197754999934, 0.0 ], [ -50.967745623999974, -17.834188848999929, 0.0 ], [ -50.967739740999946, -17.834180065999931, 0.0 ], [ -50.967733713999962, -17.834171407999975, 0.0 ], [ -50.967727543999956, -17.834162878999962, 0.0 ], [ -50.967721222999955, -17.834154482999963, 0.0 ], [ -50.967714749999971, -17.834146224999927, 0.0 ], [ -50.967708117999962, -17.834138105999955, 0.0 ], [ -50.967701323999961, -17.834130130999938, 0.0 ], [ -50.967694364999943, -17.834122303999948, 0.0 ], [ -50.967687235999961, -17.834114626999963, 0.0 ], [ -50.967679932999943, -17.83410710499993, 0.0 ], [ -50.967672451999931, -17.834099741999978, 0.0 ], [ -50.967664788999969, -17.834092540999961, 0.0 ], [ -50.967656939999983, -17.834085504999962, 0.0 ], [ -50.967648901999951, -17.834078638999927, 0.0 ], [ -50.96764066999998, -17.834071944999948, 0.0 ], [ -50.967627466999943, -17.834061866999946, 0.0 ], [ -50.967613823999955, -17.834052177999979, 0.0 ], [ -50.967599782999969, -17.834042835999981, 0.0 ], [ -50.967585382999971, -17.834033802999954, 0.0 ], [ -50.967570664999982, -17.834025036999947, 0.0 ], [ -50.967555669999967, -17.834016500999951, 0.0 ], [ -50.967540436999968, -17.834008152999957, 0.0 ], [ -50.967525008999985, -17.833999953999978, 0.0 ], [ -50.967509422999967, -17.833991863999927, 0.0 ], [ -50.967493722999961, -17.833983841999952, 0.0 ], [ -50.967477946999963, -17.833975849999945, 0.0 ], [ -50.967462136999984, -17.83396784699994, 0.0 ], [ -50.967446331999952, -17.833959793999952, 0.0 ], [ -50.96743057499998, -17.83395165099995, 0.0 ], [ -50.967414903999952, -17.833943376999969, 0.0 ], [ -50.967399359999945, -17.833934932999966, 0.0 ], [ -50.967383973999972, -17.833926292999934, 0.0 ], [ -50.967368732999944, -17.833917480999958, 0.0 ], [ -50.967353614999979, -17.833908536999957, 0.0 ], [ -50.96733859699998, -17.833899500999962, 0.0 ], [ -50.967323657999941, -17.833890408999935, 0.0 ], [ -50.967308773999946, -17.833881301999952, 0.0 ], [ -50.967293922999943, -17.833872218999943, 0.0 ], [ -50.967279082999937, -17.833863195999982, 0.0 ], [ -50.967264230999945, -17.833854275999954, 0.0 ], [ -50.967249344999971, -17.833845494999935, 0.0 ], [ -50.967234401999974, -17.833836891999965, 0.0 ], [ -50.96721937999996, -17.833828507999954, 0.0 ], [ -50.967204255999945, -17.833820379999963, 0.0 ], [ -50.967189008999981, -17.833812545999933, 0.0 ], [ -50.967173613999933, -17.833805046999942, 0.0 ], [ -50.967158050999956, -17.833797920999928, 0.0 ], [ -50.967144521999955, -17.833792115999927, 0.0 ], [ -50.967130853999947, -17.833786604999943, 0.0 ], [ -50.967117049999956, -17.833781372999965, 0.0 ], [ -50.967103110999972, -17.833776410999974, 0.0 ], [ -50.96708904299993, -17.833771706999983, 0.0 ], [ -50.967074844999956, -17.833767249999937, 0.0 ], [ -50.967060522999986, -17.833763025999929, 0.0 ], [ -50.967046077999953, -17.833759024999949, 0.0 ], [ -50.967031511999949, -17.833755234999956, 0.0 ], [ -50.967016828999931, -17.83375164399996, 0.0 ], [ -50.967002030999936, -17.833748240999967, 0.0 ], [ -50.966987120999931, -17.833745013999931, 0.0 ], [ -50.966972100999953, -17.833741951999968, 0.0 ], [ -50.96695697399997, -17.833739040999944, 0.0 ], [ -50.96694174299995, -17.833736272999943, 0.0 ], [ -50.966926409999985, -17.833733632999952, 0.0 ], [ -50.96691098499997, -17.833731102999934, 0.0 ], [ -50.966895498999975, -17.833728634999943, 0.0 ], [ -50.966879994999942, -17.833726173999935, 0.0 ], [ -50.966864511999972, -17.833723661999954, 0.0 ], [ -50.966849087999947, -17.833721045999937, 0.0 ], [ -50.966833763999944, -17.833718267999927, 0.0 ], [ -50.966818578999948, -17.833715272999939, 0.0 ], [ -50.966803574999972, -17.833712004999938, 0.0 ], [ -50.966788788999963, -17.83370840799995, 0.0 ], [ -50.966774261999944, -17.83370442699993, 0.0 ], [ -50.966760034999936, -17.833700004999969, 0.0 ], [ -50.966746144999945, -17.833695088999946, 0.0 ], [ -50.966732633999982, -17.833689619999973, 0.0 ], [ -50.966719541999964, -17.83368354299995, 0.0 ], [ -50.966706905999956, -17.833676802999946, 0.0 ], [ -50.966694768999957, -17.833669343999929, 0.0 ], [ -50.966684447999967, -17.833662100999959, 0.0 ], [ -50.96667451199994, -17.833654300999967, 0.0 ], [ -50.966664922999939, -17.833645991999958, 0.0 ], [ -50.966655642999967, -17.833637225999951, 0.0 ], [ -50.966646634999961, -17.833628051999938, 0.0 ], [ -50.966637860999981, -17.833618521999938, 0.0 ], [ -50.966629282999975, -17.833608684999945, 0.0 ], [ -50.966620863999935, -17.833598592999977, 0.0 ], [ -50.96661256699997, -17.833588293999981, 0.0 ], [ -50.96660435299998, -17.833577839999975, 0.0 ], [ -50.966596184999958, -17.833567281999933, 0.0 ], [ -50.966588024999965, -17.833556668999961, 0.0 ], [ -50.966579835999937, -17.833546051999974, 0.0 ], [ -50.966571580999982, -17.833535480999956, 0.0 ], [ -50.966563220999944, -17.833525006999935, 0.0 ], [ -50.966554717999941, -17.833514679999951, 0.0 ], [ -50.966546047999941, -17.833504537999943, 0.0 ], [ -50.966537226999947, -17.83349457099996, 0.0 ], [ -50.966528285999971, -17.833484751999947, 0.0 ], [ -50.966519253999934, -17.833475060999945, 0.0 ], [ -50.966510162999953, -17.833465472999933, 0.0 ], [ -50.966501039999969, -17.833455962999949, 0.0 ], [ -50.966482820999943, -17.833437086999936, 0.0 ], [ -50.966473783999959, -17.83342767399995, 0.0 ], [ -50.966042614999935, -17.833557926999958, 0.0 ], [ -50.963057297999967, -17.834411157999966, 0.0 ], [ -50.959124034999945, -17.835507123999946, 0.0 ], [ -50.960252408999963, -17.839224134999938, 0.0 ], [ -50.959102690999941, -17.839540438999961, 0.0 ] ] ] ] } },
{ "type": "Feature", "properties": { "OID_": 0, "Name": "Placemark", "FolderPath": "Document", "SymbolID": 0, "AltMode": 0, "Base": 0.0, "Clamped": -1, "Extruded": 0, "Snippet": null, "PopupInfo": "<html xmlns:fo=\"http://www.w3.org/1999/XSL/Format\" xmlns:msxsl=\"urn:schemas-microsoft-com:xslt\"><head><META http-equiv=\"Content-Type\" content=\"text/html\"><meta http-equiv=\"content-type\" content=\"text/html; charset=UTF-8\"></head><body style=\"margin:0px 0p", "Shape_Leng": 0.04306613782, "Shape_Area": 5.839178e-05 }, "geometry": { "type": "MultiPolygon", "coordinates": [ [ [ [ -50.934761167999966, -17.836654805999956, 0.0 ], [ -50.934738524999943, -17.836778080999977, 0.0 ], [ -50.934686548999935, -17.836881376999941, 0.0 ], [ -50.934688507999965, -17.836986604999936, 0.0 ], [ -50.934738410999955, -17.837089934999938, 0.0 ], [ -50.934830268999974, -17.837181799999939, 0.0 ], [ -50.934858036999969, -17.837297143999933, 0.0 ], [ -50.934879684999942, -17.83746980899997, 0.0 ], [ -50.934890208999946, -17.837528121999981, 0.0 ], [ -50.934906803999979, -17.837585126999954, 0.0 ], [ -50.934929302999933, -17.837640242999953, 0.0 ], [ -50.934957477999944, -17.837692910999976, 0.0 ], [ -50.934991040999932, -17.837742597999977, 0.0 ], [ -50.93529074199995, -17.83813588199996, 0.0 ], [ -50.935508574999972, -17.838023798999927, 0.0 ], [ -50.935562091999941, -17.837992684999961, 0.0 ], [ -50.935623469999939, -17.837937741999951, 0.0 ], [ -50.935694069999954, -17.837891123999952, 0.0 ], [ -50.935745863999955, -17.837827772999958, 0.0 ], [ -50.935799825999936, -17.837766514999942, 0.0 ], [ -50.935840798999948, -17.83769627099997, 0.0 ], [ -50.935903263999933, -17.837586280999972, 0.0 ], [ -50.935995680999952, -17.837511217999975, 0.0 ], [ -50.936091076999958, -17.837486616999968, 0.0 ], [ -50.939196847999938, -17.83907796699998, 0.0 ], [ -50.938864531999968, -17.839686503999928, 0.0 ], [ -50.938733356999933, -17.839916048999953, 0.0 ], [ -50.938635909999959, -17.840095381999959, 0.0 ], [ -50.938478529999941, -17.840281870999945, 0.0 ], [ -50.938283714999955, -17.84040736399993, 0.0 ], [ -50.938040221999984, -17.84048979399995, 0.0 ], [ -50.93774055199998, -17.840550681999957, 0.0 ], [ -50.937350994999974, -17.840586430999963, 0.0 ], [ -50.937168578999945, -17.840546606999965, 0.0 ], [ -50.937129984999956, -17.840640168999983, 0.0 ], [ -50.937188990999971, -17.840770665999969, 0.0 ], [ -50.937214929999982, -17.84100542799996, 0.0 ], [ -50.937180353999963, -17.841105537999965, 0.0 ], [ -50.937339931999986, -17.841163018999964, 0.0 ], [ -50.938253608999958, -17.841873861999943, 0.0 ], [ -50.938369220999959, -17.841676879999966, 0.0 ], [ -50.938467603999982, -17.841693850999945, 0.0 ], [ -50.938563029999955, -17.841693880999969, 0.0 ], [ -50.938651638999943, -17.841693908999957, 0.0 ], [ -50.938897256999951, -17.841693985999939, 0.0 ], [ -50.939103239999952, -17.841891386999976, 0.0 ], [ -50.939217273999986, -17.842000671999926, 0.0 ], [ -50.939309239999943, -17.842153866999979, 0.0 ], [ -50.939761598999951, -17.842720119999967, 0.0 ], [ -50.93989828499997, -17.842989895999949, 0.0 ], [ -50.940098539999951, -17.843081826999935, 0.0 ], [ -50.940179494999938, -17.843224534999933, 0.0 ], [ -50.940179465999961, -17.843310143999929, 0.0 ], [ -50.940286577999984, -17.843553561999954, 0.0 ], [ -50.940369077999947, -17.843965405999938, 0.0 ], [ -50.940535107999949, -17.844170627999972, 0.0 ], [ -50.940547084999935, -17.844225649999942, 0.0 ], [ -50.940792554999973, -17.844403679999971, 0.0 ], [ -50.941005917999973, -17.844662334999953, 0.0 ], [ -50.941035767999949, -17.844756582999935, 0.0 ], [ -50.941102594999961, -17.844796201999941, 0.0 ], [ -50.94126777699995, -17.844971702999942, 0.0 ], [ -50.941360903999964, -17.845021272999929, 0.0 ], [ -50.941404244999944, -17.845103628999937, 0.0 ], [ -50.94172234499996, -17.845271275999949, 0.0 ], [ -50.941741373999946, -17.845325568999954, 0.0 ], [ -50.941857635999952, -17.845311520999928, 0.0 ], [ -50.941932993999956, -17.845383220999963, 0.0 ], [ -50.942057613999964, -17.845352706999961, 0.0 ], [ -50.942117640999982, -17.845434172999944, 0.0 ], [ -50.942201143999966, -17.845421000999977, 0.0 ], [ -50.942312086999948, -17.845480969999983, 0.0 ], [ -50.942475504999948, -17.845484841999962, 0.0 ], [ -50.942558347999977, -17.845585648999929, 0.0 ], [ -50.942647043999955, -17.845651557999929, 0.0 ], [ -50.942703241999936, -17.845758412999942, 0.0 ], [ -50.942850508999982, -17.845858171999964, 0.0 ], [ -50.942997511999977, -17.845870760999958, 0.0 ], [ -50.943178234999948, -17.846039648999977, 0.0 ], [ -50.943301495999947, -17.846068961999947, 0.0 ], [ -50.94334833299996, -17.846138699999926, 0.0 ], [ -50.943361464999953, -17.846278379999944, 0.0 ], [ -50.94404228999997, -17.847027136999941, 0.0 ], [ -50.944698975999984, -17.847196390999954, 0.0 ], [ -50.945000179999965, -17.847273614999949, 0.0 ], [ -50.94550333799998, -17.846337029999972, 0.0 ], [ -50.945639326999981, -17.846388538999975, 0.0 ], [ -50.946866944999954, -17.844047675999946, 0.0 ], [ -50.946914280999977, -17.843991874999972, 0.0 ], [ -50.946871897999984, -17.843969590999961, 0.0 ], [ -50.946839653999973, -17.843935086999977, 0.0 ], [ -50.946821210999985, -17.843892282999946, 0.0 ], [ -50.946818666999945, -17.843846041999939, 0.0 ], [ -50.946832308999944, -17.843801617999929, 0.0 ], [ -50.946860586999946, -17.843764059999955, 0.0 ], [ -50.946900288999984, -17.843737631999943, 0.0 ], [ -50.947015772999976, -17.843522717999974, 0.0 ], [ -50.947133597999937, -17.843318758999942, 0.0 ], [ -50.947940238999934, -17.841824242999962, 0.0 ], [ -50.940460801999961, -17.838032262999945, 0.0 ], [ -50.93550509499994, -17.835470689999966, 0.0 ], [ -50.935513133999962, -17.835368993999964, 0.0 ], [ -50.935445751999964, -17.835267091999981, 0.0 ], [ -50.935379848999958, -17.835216847999959, 0.0 ], [ -50.935260007999943, -17.835176630999968, 0.0 ], [ -50.935177600999964, -17.835190952999938, 0.0 ], [ -50.935069693999935, -17.835291361999964, 0.0 ], [ -50.935026194999978, -17.835434837999969, 0.0 ], [ -50.935056135999957, -17.835497983999971, 0.0 ], [ -50.935064202999968, -17.835561743999961, 0.0 ], [ -50.935026692999941, -17.835713831999954, 0.0 ], [ -50.934761167999966, -17.836654805999956, 0.0 ] ] ] ] } },
{ "type": "Feature", "properties": { "OID_": 0, "Name": "Placemark", "FolderPath": "Document", "SymbolID": 0, "AltMode": 0, "Base": 0.0, "Clamped": -1, "Extruded": 0, "Snippet": null, "PopupInfo": "<html xmlns:fo=\"http://www.w3.org/1999/XSL/Format\" xmlns:msxsl=\"urn:schemas-microsoft-com:xslt\"><head><META http-equiv=\"Content-Type\" content=\"text/html\"><meta http-equiv=\"content-type\" content=\"text/html; charset=UTF-8\"></head><body style=\"margin:0px 0p", "Shape_Leng": 0.02052198883, "Shape_Area": 1.683017e-05 }, "geometry": { "type": "MultiPolygon", "coordinates": [ [ [ [ -50.930933151999966, -17.839150940999957, 0.0 ], [ -50.936183579999977, -17.840825460999952, 0.0 ], [ -50.935836537999933, -17.840151297999967, 0.0 ], [ -50.935498939999945, -17.839523949999943, 0.0 ], [ -50.935421577999932, -17.83925702199997, 0.0 ], [ -50.935161344999983, -17.838896600999931, 0.0 ], [ -50.934952830999976, -17.838601691999941, 0.0 ], [ -50.934522360999949, -17.838181136999935, 0.0 ], [ -50.934293896999975, -17.837867477999964, 0.0 ], [ -50.934157259999949, -17.837588430999972, 0.0 ], [ -50.934033296999985, -17.837399772999959, 0.0 ], [ -50.933935344999952, -17.837175059999936, 0.0 ], [ -50.933881160999931, -17.836878148999972, 0.0 ], [ -50.933734198999957, -17.83662378899993, 0.0 ], [ -50.933607867999967, -17.836381781999933, 0.0 ], [ -50.933406487999946, -17.836168314999952, 0.0 ], [ -50.933195024999975, -17.835906527999953, 0.0 ], [ -50.933001628999932, -17.835629931999961, 0.0 ], [ -50.932531703999985, -17.835334922999948, 0.0 ], [ -50.932082882999964, -17.835082928999952, 0.0 ], [ -50.931773359999966, -17.834902582999973, 0.0 ], [ -50.931388652999942, -17.834691769999949, 0.0 ], [ -50.931306792999976, -17.834471666999946, 0.0 ], [ -50.93129754399996, -17.834468880999964, 0.0 ], [ -50.931278087999942, -17.834463667999955, 0.0 ], [ -50.931258439999965, -17.834459017999961, 0.0 ], [ -50.931238625999981, -17.83445484899994, 0.0 ], [ -50.931218672999933, -17.834451082999976, 0.0 ], [ -50.931208653999931, -17.83444932499998, 0.0 ], [ -50.931198610999957, -17.834447636999982, 0.0 ], [ -50.931188544999941, -17.834446007999929, 0.0 ], [ -50.931178462999981, -17.834444428999973, 0.0 ], [ -50.931168365999952, -17.834442889999934, 0.0 ], [ -50.931158258999972, -17.83444137999993, 0.0 ], [ -50.931148143999962, -17.834439887999963, 0.0 ], [ -50.931138024999939, -17.834438405999947, 0.0 ], [ -50.931127905999972, -17.834436922999942, 0.0 ], [ -50.931117787999938, -17.834435427999949, 0.0 ], [ -50.931107677999933, -17.834433911999952, 0.0 ], [ -50.931097576999946, -17.834432363999952, 0.0 ], [ -50.931087488999935, -17.83443077499993, 0.0 ], [ -50.931077417999973, -17.834429132999958, 0.0 ], [ -50.931067365999979, -17.834427429999948, 0.0 ], [ -50.93105733799996, -17.834425653999972, 0.0 ], [ -50.931047335999949, -17.834423795999953, 0.0 ], [ -50.931037363999963, -17.834421845999941, 0.0 ], [ -50.931017523999969, -17.834417626999937, 0.0 ], [ -50.930997843999933, -17.834412915999962, 0.0 ], [ -50.930978353999933, -17.834407631999966, 0.0 ], [ -50.930966714999954, -17.83440414599994, 0.0 ], [ -50.930955145999974, -17.834400444999972, 0.0 ], [ -50.930943637999974, -17.834396553999966, 0.0 ], [ -50.930932184999961, -17.834392492999939, 0.0 ], [ -50.930920775999937, -17.834388285999978, 0.0 ], [ -50.930909403999976, -17.834383955999954, 0.0 ], [ -50.930898060999937, -17.834379524999974, 0.0 ], [ -50.930886738999959, -17.834375016999957, 0.0 ], [ -50.930875428999968, -17.834370452999963, 0.0 ], [ -50.930864123999982, -17.834365856999966, 0.0 ], [ -50.930852813999934, -17.834361251999951, 0.0 ], [ -50.930841491999956, -17.834356659999969, 0.0 ], [ -50.930830149999963, -17.834352103999947, 0.0 ], [ -50.930818777999946, -17.834347607999973, 0.0 ], [ -50.930807369999968, -17.834343192999938, 0.0 ], [ -50.930795917999944, -17.83433888199994, 0.0 ], [ -50.930778673999953, -17.834332637999978, 0.0 ], [ -50.93076137099996, -17.83432655799993, 0.0 ], [ -50.930744064999942, -17.834320519999949, 0.0 ], [ -50.930726815999947, -17.83431440499993, 0.0 ], [ -50.930709681999986, -17.834308088999933, 0.0 ], [ -50.930692722999936, -17.834301451999977, 0.0 ], [ -50.930675995999934, -17.834294371999931, 0.0 ], [ -50.93065956099997, -17.834286727999938, 0.0 ], [ -50.930649782999978, -17.834281790999967, 0.0 ], [ -50.93064011599995, -17.834276633999934, 0.0 ], [ -50.930630544999985, -17.834271291999983, 0.0 ], [ -50.930621049999957, -17.834265794999965, 0.0 ], [ -50.930611614999975, -17.834260177999965, 0.0 ], [ -50.930602226999952, -17.834254469999962, 0.0 ], [ -50.930592863999948, -17.834248706999972, 0.0 ], [ -50.930583511999941, -17.834242916999926, 0.0 ], [ -50.930574152999952, -17.834237134999967, 0.0 ], [ -50.930564771999968, -17.834231392999982, 0.0 ], [ -50.930555349999963, -17.834225721999928, 0.0 ], [ -50.930545870999936, -17.834220155999958, 0.0 ], [ -50.930536318999941, -17.834214725999971, 0.0 ], [ -50.930526674999953, -17.834209464999958, 0.0 ], [ -50.930516924999949, -17.834204403999934, 0.0 ], [ -50.93050704999996, -17.834199576999936, 0.0 ], [ -50.930493608999939, -17.834193524999932, 0.0 ], [ -50.930479924999986, -17.834187973999974, 0.0 ], [ -50.93046600699995, -17.834182946999931, 0.0 ], [ -50.930451864999952, -17.834178467999948, 0.0 ], [ -50.930437507999955, -17.834174564999955, 0.0 ], [ -50.930422945999965, -17.834171257999969, 0.0 ], [ -50.930408187999944, -17.834168573999932, 0.0 ], [ -50.930393242999969, -17.83416653699993, 0.0 ], [ -50.930380752999952, -17.834165340999959, 0.0 ], [ -50.930368168999962, -17.834164518999955, 0.0 ], [ -50.930355519999978, -17.834163983999929, 0.0 ], [ -50.930342834999976, -17.834163650999926, 0.0 ], [ -50.930330139999967, -17.834163433999947, 0.0 ], [ -50.930317464999973, -17.834163248999971, 0.0 ], [ -50.930304835999948, -17.834163007999962, 0.0 ], [ -50.930292283999961, -17.834162624999976, 0.0 ], [ -50.930279832999986, -17.834162015999937, 0.0 ], [ -50.930267512999933, -17.834161094999956, 0.0 ], [ -50.930255351999961, -17.834159776999968, 0.0 ], [ -50.930243378999933, -17.834157973999936, 0.0 ], [ -50.930231620999962, -17.834155601999953, 0.0 ], [ -50.930220103999943, -17.834152574999962, 0.0 ], [ -50.930208858999947, -17.834148806999963, 0.0 ], [ -50.930197912999972, -17.834144212999945, 0.0 ], [ -50.930195746999971, -17.834143180999945, 0.0 ], [ -50.930173218999983, -17.834129466999968, 0.0 ], [ -50.930159336999964, -17.834155302999932, 0.0 ], [ -50.929920128999981, -17.834605776999979, 0.0 ], [ -50.930432884999959, -17.83495015699998, 0.0 ], [ -50.930511932999934, -17.835010789999956, 0.0 ], [ -50.930919224999968, -17.836752884999953, 0.0 ], [ -50.931282977999956, -17.838176654999927, 0.0 ], [ -50.930933151999966, -17.839150940999957, 0.0 ] ] ] ] } },
{ "type": "Feature", "properties": { "OID_": 0, "Name": "Placemark", "FolderPath": "Document", "SymbolID": 0, "AltMode": 0, "Base": 0.0, "Clamped": -1, "Extruded": 0, "Snippet": null, "PopupInfo": "<html xmlns:fo=\"http://www.w3.org/1999/XSL/Format\" xmlns:msxsl=\"urn:schemas-microsoft-com:xslt\"><head><META http-equiv=\"Content-Type\" content=\"text/html\"><meta http-equiv=\"content-type\" content=\"text/html; charset=UTF-8\"></head><body style=\"margin:0px 0p", "Shape_Leng": 0.03806359675, "Shape_Area": 8.224614e-05 }, "geometry": { "type": "MultiPolygon", "coordinates": [ [ [ [ -50.906696780999937, -17.807027079999955, 0.0 ], [ -50.908880712999974, -17.80903176299995, 0.0 ], [ -50.910222903999966, -17.810232619999965, 0.0 ], [ -50.910763208999981, -17.810756203999972, 0.0 ], [ -50.912499494999963, -17.809011261999956, 0.0 ], [ -50.913349891999985, -17.808121190999941, 0.0 ], [ -50.914891998999963, -17.809525764999933, 0.0 ], [ -50.914998751999974, -17.809417331999953, 0.0 ], [ -50.916089484999986, -17.808309430999941, 0.0 ], [ -50.916363228999955, -17.808034402999965, 0.0 ], [ -50.917363848999969, -17.807029941999929, 0.0 ], [ -50.917683960999966, -17.806744290999973, 0.0 ], [ -50.918352841999933, -17.806151102999934, 0.0 ], [ -50.919180286999961, -17.805355411999926, 0.0 ], [ -50.919420045999971, -17.805161797999972, 0.0 ], [ -50.918983751999974, -17.804904332999968, 0.0 ], [ -50.918773997999949, -17.80469351399995, 0.0 ], [ -50.918600657999946, -17.804599052999947, 0.0 ], [ -50.918477434999943, -17.804514299999937, 0.0 ], [ -50.918389004999938, -17.804369058999953, 0.0 ], [ -50.918164686999944, -17.804193511999927, 0.0 ], [ -50.918023440999946, -17.804057951999937, 0.0 ], [ -50.918002273999946, -17.804037635999975, 0.0 ], [ -50.917885173999935, -17.803950307999969, 0.0 ], [ -50.917831808999949, -17.803910511999959, 0.0 ], [ -50.917683200999932, -17.803728943999943, 0.0 ], [ -50.917528427999969, -17.803526199999965, 0.0 ], [ -50.916658953999956, -17.803037329999938, 0.0 ], [ -50.916079430999957, -17.80275175099996, 0.0 ], [ -50.915631618999953, -17.802496516999952, 0.0 ], [ -50.915607352999984, -17.802482685999962, 0.0 ], [ -50.915103587999965, -17.802236427999958, 0.0 ], [ -50.914848335999977, -17.802087189999952, 0.0 ], [ -50.914612946999966, -17.801984815999958, 0.0 ], [ -50.914224930999978, -17.801816924999969, 0.0 ], [ -50.913989099999981, -17.801581700999975, 0.0 ], [ -50.91374137899993, -17.801388803999942, 0.0 ], [ -50.91315364999997, -17.801177533999976, 0.0 ], [ -50.912638808999986, -17.800935298999946, 0.0 ], [ -50.912256944999967, -17.80058258899993, 0.0 ], [ -50.912072357999932, -17.800024916999973, 0.0 ], [ -50.911530582999944, -17.799621936999927, 0.0 ], [ -50.910988245999931, -17.798910042999978, 0.0 ], [ -50.910212059999935, -17.79976047599996, 0.0 ], [ -50.909325387999957, -17.800576175999936, 0.0 ], [ -50.907667542999945, -17.802091028999939, 0.0 ], [ -50.907442755999966, -17.802282243999969, 0.0 ], [ -50.907279800999959, -17.803597504999971, 0.0 ], [ -50.906846359999975, -17.806077548999951, 0.0 ], [ -50.906696780999937, -17.807027079999955, 0.0 ] ] ] ] } },
{ "type": "Feature", "properties": { "OID_": 0, "Name": "Placemark", "FolderPath": "Document", "SymbolID": 0, "AltMode": 0, "Base": 0.0, "Clamped": -1, "Extruded": 0, "Snippet": null, "PopupInfo": "<html xmlns:fo=\"http://www.w3.org/1999/XSL/Format\" xmlns:msxsl=\"urn:schemas-microsoft-com:xslt\"><head><META http-equiv=\"Content-Type\" content=\"text/html\"><meta http-equiv=\"content-type\" content=\"text/html; charset=UTF-8\"></head><body style=\"margin:0px 0p", "Shape_Leng": 0.0446238031, "Shape_Area": 8.345042e-05 }, "geometry": { "type": "MultiPolygon", "coordinates": [ [ [ [ -50.906696780999937, -17.807027079999955, 0.0 ], [ -50.905736659999945, -17.812655627999959, 0.0 ], [ -50.906780670999979, -17.812936294999929, 0.0 ], [ -50.908266409999953, -17.813292928999942, 0.0 ], [ -50.908787354999959, -17.819605843999966, 0.0 ], [ -50.910323219999952, -17.818141719999971, 0.0 ], [ -50.911901402999945, -17.819575122999936, 0.0 ], [ -50.91267672999993, -17.818794818999947, 0.0 ], [ -50.913168593999956, -17.818289617999937, 0.0 ], [ -50.913453681999954, -17.818012984999939, 0.0 ], [ -50.913659436999978, -17.817809009999962, 0.0 ], [ -50.914213534999931, -17.817250266999963, 0.0 ], [ -50.914620799999966, -17.81684583699996, 0.0 ], [ -50.914715588999968, -17.816752132999966, 0.0 ], [ -50.915967201999933, -17.815493689999983, 0.0 ], [ -50.917909412999961, -17.813510187999952, 0.0 ], [ -50.91839668199998, -17.813057835999928, 0.0 ], [ -50.918564533999984, -17.812894326999981, 0.0 ], [ -50.914931847999981, -17.809562269999958, 0.0 ], [ -50.914891998999963, -17.809525764999933, 0.0 ], [ -50.914758252999945, -17.809403242999963, 0.0 ], [ -50.913349891999985, -17.808121190999941, 0.0 ], [ -50.91293477399995, -17.808574731999954, 0.0 ], [ -50.912499494999963, -17.809011261999956, 0.0 ], [ -50.912336270999958, -17.809174955999936, 0.0 ], [ -50.910763208999981, -17.810756203999972, 0.0 ], [ -50.910284083999954, -17.810286767999969, 0.0 ], [ -50.910222903999966, -17.810232619999965, 0.0 ], [ -50.909252428999935, -17.809373686999947, 0.0 ], [ -50.908880712999974, -17.80903176299995, 0.0 ], [ -50.906764274999944, -17.807084909999958, 0.0 ], [ -50.906696780999937, -17.807027079999955, 0.0 ] ] ] ] } },
{ "type": "Feature", "properties": { "OID_": 0, "Name": "Placemark", "FolderPath": "Document", "SymbolID": 0, "AltMode": 0, "Base": 0.0, "Clamped": -1, "Extruded": 0, "Snippet": null, "PopupInfo": "<html xmlns:fo=\"http://www.w3.org/1999/XSL/Format\" xmlns:msxsl=\"urn:schemas-microsoft-com:xslt\"><head><META http-equiv=\"Content-Type\" content=\"text/html\"><meta http-equiv=\"content-type\" content=\"text/html; charset=UTF-8\"></head><body style=\"margin:0px 0p", "Shape_Leng": 0.00786269232, "Shape_Area": 3.84521e-06 }, "geometry": { "type": "MultiPolygon", "coordinates": [ [ [ [ -50.914461532999951, -17.817003282999963, 0.0 ], [ -50.914058139999952, -17.817405718999964, 0.0 ], [ -50.913579625999944, -17.817889737999963, 0.0 ], [ -50.913315078999972, -17.818147477999958, 0.0 ], [ -50.913168593999956, -17.818289617999937, 0.0 ], [ -50.913270418999957, -17.818377030999955, 0.0 ], [ -50.914568174999943, -17.819559013999935, 0.0 ], [ -50.916011994999963, -17.818110377999972, 0.0 ], [ -50.914620799999966, -17.81684583699996, 0.0 ], [ -50.914461532999951, -17.817003282999963, 0.0 ] ] ] ] } },
{ "type": "Feature", "properties": { "OID_": 0, "Name": "Placemark", "FolderPath": "Document", "SymbolID": 0, "AltMode": 0, "Base": 0.0, "Clamped": -1, "Extruded": 0, "Snippet": null, "PopupInfo": "<html xmlns:fo=\"http://www.w3.org/1999/XSL/Format\" xmlns:msxsl=\"urn:schemas-microsoft-com:xslt\"><head><META http-equiv=\"Content-Type\" content=\"text/html\"><meta http-equiv=\"content-type\" content=\"text/html; charset=UTF-8\"></head><body style=\"margin:0px 0p", "Shape_Leng": 0.0310430876, "Shape_Area": 3.760683e-05 }, "geometry": { "type": "MultiPolygon", "coordinates": [ [ [ [ -50.85933328699997, -17.78523761799994, 0.0 ], [ -50.852983144999939, -17.790106683999966, 0.0 ], [ -50.852685281999982, -17.791163866999966, 0.0 ], [ -50.852385064999964, -17.792220437999958, 0.0 ], [ -50.858062486999984, -17.793688414999963, 0.0 ], [ -50.861101239999982, -17.782901514999935, 0.0 ], [ -50.860066715999949, -17.782634034999944, 0.0 ], [ -50.85933328699997, -17.78523761799994, 0.0 ] ] ] ] } },
{ "type": "Feature", "properties": { "OID_": 0, "Name": "Placemark", "FolderPath": "Document", "SymbolID": 0, "AltMode": 0, "Base": 0.0, "Clamped": -1, "Extruded": 0, "Snippet": null, "PopupInfo": "<html xmlns:fo=\"http://www.w3.org/1999/XSL/Format\" xmlns:msxsl=\"urn:schemas-microsoft-com:xslt\"><head><META http-equiv=\"Content-Type\" content=\"text/html\"><meta http-equiv=\"content-type\" content=\"text/html; charset=UTF-8\"></head><body style=\"margin:0px 0p", "Shape_Leng": 0.00904519008, "Shape_Area": 3.95098e-06 }, "geometry": { "type": "MultiPolygon", "coordinates": [ [ [ [ -50.947313852999969, -17.816701205999948, 0.0 ], [ -50.947395644999972, -17.816766424999969, 0.0 ], [ -50.947402143999966, -17.816757450999944, 0.0 ], [ -50.947686086999965, -17.816973221999945, 0.0 ], [ -50.947776393999959, -17.81704616899998, 0.0 ], [ -50.948195560999977, -17.816896268999926, 0.0 ], [ -50.947358197999961, -17.814523864999956, 0.0 ], [ -50.947352317999957, -17.814510861999963, 0.0 ], [ -50.947344290999979, -17.814498962999949, 0.0 ], [ -50.947334324999986, -17.814488488999928, 0.0 ], [ -50.947322697999937, -17.81447972899997, 0.0 ], [ -50.947309728999983, -17.814472917999979, 0.0 ], [ -50.947295762999943, -17.814468244999944, 0.0 ], [ -50.947281185999941, -17.814465832999929, 0.0 ], [ -50.947266395999975, -17.814465750999943, 0.0 ], [ -50.945169876999955, -17.81462025299993, 0.0 ], [ -50.944992476999971, -17.814828120999948, 0.0 ], [ -50.945022112999936, -17.814852877999954, 0.0 ], [ -50.945021948999965, -17.814852996999946, 0.0 ], [ -50.945008739999935, -17.814862613999935, 0.0 ], [ -50.945021313999973, -17.814873142999943, 0.0 ], [ -50.945630016999985, -17.815358526999944, 0.0 ], [ -50.947313852999969, -17.816701205999948, 0.0 ] ] ] ] } },
{ "type": "Feature", "properties": { "OID_": 0, "Name": "Placemark", "FolderPath": "Document", "SymbolID": 0, "AltMode": 0, "Base": 0.0, "Clamped": -1, "Extruded": 0, "Snippet": null, "PopupInfo": "<html xmlns:fo=\"http://www.w3.org/1999/XSL/Format\" xmlns:msxsl=\"urn:schemas-microsoft-com:xslt\"><head><META http-equiv=\"Content-Type\" content=\"text/html\"><meta http-equiv=\"content-type\" content=\"text/html; charset=UTF-8\"></head><body style=\"margin:0px 0p", "Shape_Leng": 0.02349332576, "Shape_Area": 2.410622e-05 }, "geometry": { "type": "MultiPolygon", "coordinates": [ [ [ [ -50.896029545999966, -17.757495465999966, 0.0 ], [ -50.895963076999976, -17.756785647999948, 0.0 ], [ -50.895674130999964, -17.75562438999998, 0.0 ], [ -50.895475604999945, -17.75461914999994, 0.0 ], [ -50.895675704999974, -17.753830868999955, 0.0 ], [ -50.895538284999986, -17.753454294999926, 0.0 ], [ -50.895422693999933, -17.75313753699993, 0.0 ], [ -50.895219099999963, -17.752904863999959, 0.0 ], [ -50.894828263999955, -17.753050382999959, 0.0 ], [ -50.894800801999963, -17.753069340999957, 0.0 ], [ -50.894791430999931, -17.753075810999974, 0.0 ], [ -50.894694615999981, -17.753142650999962, 0.0 ], [ -50.89463681999996, -17.753182550999952, 0.0 ], [ -50.894597803999943, -17.753209483999967, 0.0 ], [ -50.894583498999964, -17.753219361999982, 0.0 ], [ -50.894537552999964, -17.753251080999974, 0.0 ], [ -50.894480752999982, -17.753290291999974, 0.0 ], [ -50.893105032999983, -17.754240032999974, 0.0 ], [ -50.892921680999962, -17.754366608999931, 0.0 ], [ -50.892768626999953, -17.754472274999955, 0.0 ], [ -50.892694450999954, -17.754523480999978, 0.0 ], [ -50.892637189999959, -17.75456300899998, 0.0 ], [ -50.892493238999975, -17.754662387999929, 0.0 ], [ -50.892354361999935, -17.754758262999928, 0.0 ], [ -50.89234861999995, -17.754762225999968, 0.0 ], [ -50.892341585999986, -17.754762968999955, 0.0 ], [ -50.892339044999972, -17.754763234999928, 0.0 ], [ -50.892336651999983, -17.75476348899997, 0.0 ], [ -50.89211572499994, -17.754786851999938, 0.0 ], [ -50.892070266999951, -17.754791658999977, 0.0 ], [ -50.892028333999974, -17.754796093999971, 0.0 ], [ -50.891956900999958, -17.75480364699996, 0.0 ], [ -50.891890123999985, -17.754810708999969, 0.0 ], [ -50.891847887999972, -17.754809398999953, 0.0 ], [ -50.89180588399995, -17.75481384099993, 0.0 ], [ -50.891764961999968, -17.754823946999977, 0.0 ], [ -50.891645274999973, -17.754836603999934, 0.0 ], [ -50.891628508999986, -17.754838377999931, 0.0 ], [ -50.891509757999984, -17.754850931999954, 0.0 ], [ -50.891452754999932, -17.754856961999963, 0.0 ], [ -50.891446610999935, -17.754857608999941, 0.0 ], [ -50.89110545099993, -17.754893685999946, 0.0 ], [ -50.891039340999953, -17.754900677999956, 0.0 ], [ -50.890618586999949, -17.754945167999949, 0.0 ], [ -50.890386604999946, -17.754969697999968, 0.0 ], [ -50.889294976999963, -17.755085123999947, 0.0 ], [ -50.888785192999933, -17.755139024999949, 0.0 ], [ -50.88830031699996, -17.755190291999952, 0.0 ], [ -50.88801633199995, -17.755220317999942, 0.0 ], [ -50.888015406999955, -17.755221604999974, 0.0 ], [ -50.888003854999965, -17.755237676999968, 0.0 ], [ -50.888000597999962, -17.755335440999943, 0.0 ], [ -50.887995477999937, -17.755489052999962, 0.0 ], [ -50.887952212999949, -17.756787281999948, 0.0 ], [ -50.887947874999952, -17.756917413999929, 0.0 ], [ -50.887929854999982, -17.75745816899996, 0.0 ], [ -50.887928644999931, -17.757458231999976, 0.0 ], [ -50.887927463999972, -17.757458491999955, 0.0 ], [ -50.887926345999972, -17.757458940999982, 0.0 ], [ -50.887925324999969, -17.757459565999966, 0.0 ], [ -50.887924429999941, -17.757460348999928, 0.0 ], [ -50.887923686999954, -17.75746126599995, 0.0 ], [ -50.887923118999936, -17.757462291999957, 0.0 ], [ -50.887922741999944, -17.757463395999935, 0.0 ], [ -50.887922566999976, -17.757464544999948, 0.0 ], [ -50.887922598999978, -17.757465703999969, 0.0 ], [ -50.887922837999952, -17.757466840999939, 0.0 ], [ -50.887923274999935, -17.757467922999979, 0.0 ], [ -50.88792389799994, -17.757468916999926, 0.0 ], [ -50.887680159999945, -17.757637763999981, 0.0 ], [ -50.887680713999941, -17.757638627999938, 0.0 ], [ -50.887681126999951, -17.757639561999952, 0.0 ], [ -50.887681389999955, -17.757640544999958, 0.0 ], [ -50.887681497999949, -17.757641553999974, 0.0 ], [ -50.888491428999941, -17.757620828999961, 0.0 ], [ -50.889191357999948, -17.757602912999971, 0.0 ], [ -50.889200054999947, -17.757602689999942, 0.0 ], [ -50.895280630999935, -17.757446957999946, 0.0 ], [ -50.896029545999966, -17.757495465999966, 0.0 ] ] ] ] } },
{ "type": "Feature", "properties": { "OID_": 0, "Name": "Placemark", "FolderPath": "Document", "SymbolID": 0, "AltMode": 0, "Base": 0.0, "Clamped": -1, "Extruded": 0, "Snippet": null, "PopupInfo": "<html xmlns:fo=\"http://www.w3.org/1999/XSL/Format\" xmlns:msxsl=\"urn:schemas-microsoft-com:xslt\"><head><META http-equiv=\"Content-Type\" content=\"text/html\"><meta http-equiv=\"content-type\" content=\"text/html; charset=UTF-8\"></head><body style=\"margin:0px 0p", "Shape_Leng": 0.03875525758, "Shape_Area": 8.847756e-05 }, "geometry": { "type": "MultiPolygon", "coordinates": [ [ [ [ -50.905998720999946, -17.738021525999955, 0.0 ], [ -50.913566944999957, -17.73150835399997, 0.0 ], [ -50.910445771999946, -17.722913265999978, 0.0 ], [ -50.902317806999974, -17.729934227999934, 0.0 ], [ -50.905998720999946, -17.738021525999955, 0.0 ] ] ] ] } },
{ "type": "Feature", "properties": { "OID_": 0, "Name": "Placemark", "FolderPath": "Document", "SymbolID": 0, "AltMode": 0, "Base": 0.0, "Clamped": -1, "Extruded": 0, "Snippet": null, "PopupInfo": "<html xmlns:fo=\"http://www.w3.org/1999/XSL/Format\" xmlns:msxsl=\"urn:schemas-microsoft-com:xslt\"><head><META http-equiv=\"Content-Type\" content=\"text/html\"><meta http-equiv=\"content-type\" content=\"text/html; charset=UTF-8\"></head><body style=\"margin:0px 0p", "Shape_Leng": 0.03078057663, "Shape_Area": 5.478627e-05 }, "geometry": { "type": "MultiPolygon", "coordinates": [ [ [ [ -50.943724786999951, -17.82608528999998, 0.0 ], [ -50.943656261999934, -17.826082695999958, 0.0 ], [ -50.94358828999998, -17.826073977999954, 0.0 ], [ -50.943518558999983, -17.826058424999928, 0.0 ], [ -50.94345074499995, -17.826036429999931, 0.0 ], [ -50.943385494999973, -17.826008201999969, 0.0 ], [ -50.94333710799998, -17.825982219999958, 0.0 ], [ -50.943290909999973, -17.825952805999975, 0.0 ], [ -50.943247167999971, -17.825920129999929, 0.0 ], [ -50.943198380999945, -17.825876983999933, 0.0 ], [ -50.943153871999982, -17.825829785999929, 0.0 ], [ -50.943114004999984, -17.825778922999973, 0.0 ], [ -50.943079107999949, -17.825724811999976, 0.0 ], [ -50.94304946799997, -17.825667897999949, 0.0 ], [ -50.943025328999965, -17.825608648999946, 0.0 ], [ -50.943006886999967, -17.825547548999964, 0.0 ], [ -50.942994293999959, -17.825485101999959, 0.0 ], [ -50.942987394999932, -17.825416977999964, 0.0 ], [ -50.942987454999979, -17.825348533999943, 0.0 ], [ -50.942994474999978, -17.825280419999956, 0.0 ], [ -50.94300362499996, -17.825232719999974, 0.0 ], [ -50.943016191999959, -17.825185737999959, 0.0 ], [ -50.942822679999949, -17.825113169999952, 0.0 ], [ -50.94277339599995, -17.825094688999968, 0.0 ], [ -50.942769244999965, -17.825094688999968, 0.0 ], [ -50.942744102999939, -17.825092810999934, 0.0 ], [ -50.942718587999934, -17.825087500999928, 0.0 ], [ -50.942701369999952, -17.825081835999981, 0.0 ], [ -50.94260514399997, -17.825046855999972, 0.0 ], [ -50.942569393999975, -17.825033858999973, 0.0 ], [ -50.942436704999977, -17.824987717999932, 0.0 ], [ -50.942240582999943, -17.824923295999952, 0.0 ], [ -50.942105954999931, -17.824879558999953, 0.0 ], [ -50.941969241999971, -17.824842220999926, 0.0 ], [ -50.941830775999961, -17.824811372999932, 0.0 ], [ -50.941690892999986, -17.824787088999926, 0.0 ], [ -50.941608473999963, -17.824776763999978, 0.0 ], [ -50.941549931999987, -17.824769429999947, 0.0 ], [ -50.941408233999937, -17.824758434999978, 0.0 ], [ -50.94126614399994, -17.824754133999932, 0.0 ], [ -50.94112400399996, -17.824756535999938, 0.0 ], [ -50.941064250999943, -17.824760627999979, 0.0 ], [ -50.941004847999977, -17.824768044999928, 0.0 ], [ -50.940945995999982, -17.824778761999937, 0.0 ], [ -50.940153258999942, -17.824946158999978, 0.0 ], [ -50.939197561999947, -17.825147963999939, 0.0 ], [ -50.939108061999946, -17.825166861999946, 0.0 ], [ -50.938175601999944, -17.825362894999955, 0.0 ], [ -50.936783408999986, -17.825655569999981, 0.0 ], [ -50.936283615999969, -17.825760635999927, 0.0 ], [ -50.936275935999959, -17.825764859999936, 0.0 ], [ -50.936229806999961, -17.825774599999932, 0.0 ], [ -50.935892806999959, -17.825848633999954, 0.0 ], [ -50.935085282999978, -17.826081559999977, 0.0 ], [ -50.93510310299996, -17.826131265999948, 0.0 ], [ -50.935104396999975, -17.826138767999964, 0.0 ], [ -50.93510688899994, -17.826145987999951, 0.0 ], [ -50.935110520999956, -17.826152750999938, 0.0 ], [ -50.935115201999963, -17.826158891999967, 0.0 ], [ -50.935120821999931, -17.826164263999942, 0.0 ], [ -50.935127242999954, -17.826168735999943, 0.0 ], [ -50.935134310999956, -17.826172200999963, 0.0 ], [ -50.935141852999948, -17.826174573999936, 0.0 ], [ -50.935149688999957, -17.826175798999941, 0.0 ], [ -50.935148480999942, -17.826202200999944, 0.0 ], [ -50.935228135999978, -17.826690829999961, 0.0 ], [ -50.935320138999941, -17.827064451999945, 0.0 ], [ -50.935360383999978, -17.827227884999957, 0.0 ], [ -50.93549521999995, -17.827773772999933, 0.0 ], [ -50.935623994999958, -17.828319657999941, 0.0 ], [ -50.93576324199995, -17.828866074999951, 0.0 ], [ -50.935894773999962, -17.829410376999931, 0.0 ], [ -50.93602961299996, -17.829956791999962, 0.0 ], [ -50.936090081999964, -17.830207160999976, 0.0 ], [ -50.936140531999968, -17.830431881999971, 0.0 ], [ -50.936191263999945, -17.830415293999977, 0.0 ], [ -50.93620188999995, -17.830412855999953, 0.0 ], [ -50.93623413399996, -17.830410408999967, 0.0 ], [ -50.936266383999964, -17.830412789999968, 0.0 ], [ -50.936291555999958, -17.830420900999968, 0.0 ], [ -50.936314994999975, -17.830432862999942, 0.0 ], [ -50.936336062999942, -17.830448349999926, 0.0 ], [ -50.936354188999985, -17.83046694199993, 0.0 ], [ -50.936368878999986, -17.83048813399995, 0.0 ], [ -50.936379733999956, -17.830511347999959, 0.0 ], [ -50.936386459999937, -17.830535956999938, 0.0 ], [ -50.936388873999931, -17.830561287999956, 0.0 ], [ -50.936386908999964, -17.83058665599998, 0.0 ], [ -50.936380620999955, -17.830611368999939, 0.0 ], [ -50.936377248999975, -17.830618919999949, 0.0 ], [ -50.936352502999966, -17.830777602999945, 0.0 ], [ -50.936409301999959, -17.83091124799995, 0.0 ], [ -50.936574232999931, -17.831295962999945, 0.0 ], [ -50.93673522499995, -17.831728839999982, 0.0 ], [ -50.936825595999949, -17.832147173999942, 0.0 ], [ -50.936876265999956, -17.832502842999929, 0.0 ], [ -50.936873772999945, -17.832914522999943, 0.0 ], [ -50.93787821899997, -17.83330571099998, 0.0 ], [ -50.938003087999959, -17.833248353999977, 0.0 ], [ -50.93783296099997, -17.834492119999936, 0.0 ], [ -50.938206623999974, -17.834482928999932, 0.0 ], [ -50.938499521999972, -17.834473959999968, 0.0 ], [ -50.938630607999983, -17.83454027199997, 0.0 ], [ -50.938688143999968, -17.834569377999969, 0.0 ], [ -50.938749688999962, -17.83452953699998, 0.0 ], [ -50.93893483599993, -17.834577770999942, 0.0 ], [ -50.939147623999986, -17.834653401999958, 0.0 ], [ -50.939439522999976, -17.834657830999959, 0.0 ], [ -50.939885158999971, -17.83465634199996, 0.0 ], [ -50.939950876999944, -17.834559375999959, 0.0 ], [ -50.94054000999995, -17.833229195999934, 0.0 ], [ -50.941218953999964, -17.832082266999976, 0.0 ], [ -50.941823693999936, -17.831060671999978, 0.0 ], [ -50.942526276999956, -17.829583968999941, 0.0 ], [ -50.942885453999963, -17.828664344999936, 0.0 ], [ -50.943169183999942, -17.827937884999926, 0.0 ], [ -50.943189468999947, -17.827925473999983, 0.0 ], [ -50.943207474999952, -17.827910174999943, 0.0 ], [ -50.94322275899998, -17.827892362999933, 0.0 ], [ -50.943234941999947, -17.82787247999994, 0.0 ], [ -50.943243724999945, -17.827851014999965, 0.0 ], [ -50.94324888999995, -17.827828497999974, 0.0 ], [ -50.943250311999975, -17.827805483999953, 0.0 ], [ -50.943247952999968, -17.82778253999993, 0.0 ], [ -50.943241873999966, -17.827760232999935, 0.0 ], [ -50.943232222999939, -17.82773911299995, 0.0 ], [ -50.943270132999942, -17.827644411999927, 0.0 ], [ -50.943433852999931, -17.827127176999966, 0.0 ], [ -50.943559929999935, -17.826728863999961, 0.0 ], [ -50.943722199999968, -17.826095389999978, 0.0 ], [ -50.943724786999951, -17.82608528999998, 0.0 ] ] ] ] } },
{ "type": "Feature", "properties": { "OID_": 0, "Name": "Placemark", "FolderPath": "Document", "SymbolID": 0, "AltMode": 0, "Base": 0.0, "Clamped": -1, "Extruded": 0, "Snippet": null, "PopupInfo": "<html xmlns:fo=\"http://www.w3.org/1999/XSL/Format\" xmlns:msxsl=\"urn:schemas-microsoft-com:xslt\"><head><META http-equiv=\"Content-Type\" content=\"text/html\"><meta http-equiv=\"content-type\" content=\"text/html; charset=UTF-8\"></head><body style=\"margin:0px 0p", "Shape_Leng": 0.03314829522, "Shape_Area": 5.298598e-05 }, "geometry": { "type": "MultiPolygon", "coordinates": [ [ [ [ -50.872398096999973, -17.737037018999956, 0.0 ], [ -50.872401240999977, -17.737035304999949, 0.0 ], [ -50.872401484999955, -17.737035804999948, 0.0 ], [ -50.872401642999932, -17.73703633599996, 0.0 ], [ -50.872401710999952, -17.737036883999963, 0.0 ], [ -50.872401687999968, -17.737037434999934, 0.0 ], [ -50.872401572999934, -17.737037975999954, 0.0 ], [ -50.872401370999967, -17.737038492999943, 0.0 ], [ -50.872401084999979, -17.737038971999937, 0.0 ], [ -50.872400722999942, -17.737039401999937, 0.0 ], [ -50.872400294999977, -17.737039770999957, 0.0 ], [ -50.872399811999969, -17.737040069999978, 0.0 ], [ -50.872399283999982, -17.73704029299995, 0.0 ], [ -50.872400336999931, -17.737043192999977, 0.0 ], [ -50.872513226999956, -17.737354378999953, 0.0 ], [ -50.872565400999974, -17.737498196999979, 0.0 ], [ -50.872606454999982, -17.737611362999928, 0.0 ], [ -50.872686291999969, -17.737831436999954, 0.0 ], [ -50.872732484999972, -17.737958767999942, 0.0 ], [ -50.872822760999952, -17.738207612999929, 0.0 ], [ -50.872825645999967, -17.738215565999951, 0.0 ], [ -50.872931368999957, -17.738506991999941, 0.0 ], [ -50.873066371999982, -17.738879123999936, 0.0 ], [ -50.873227916999952, -17.739324418999956, 0.0 ], [ -50.873293756999942, -17.739505905999977, 0.0 ], [ -50.873372536999966, -17.73972306099995, 0.0 ], [ -50.873539236999932, -17.740182558999948, 0.0 ], [ -50.873693744999969, -17.740608451999947, 0.0 ], [ -50.873727667999958, -17.740701954999963, 0.0 ], [ -50.873852228999965, -17.74104529799996, 0.0 ], [ -50.87385629399995, -17.741056503999971, 0.0 ], [ -50.874119059999941, -17.741780788999961, 0.0 ], [ -50.874205865999954, -17.742020061999938, 0.0 ], [ -50.87452000199994, -17.742885934999947, 0.0 ], [ -50.874638877999985, -17.743213599999933, 0.0 ], [ -50.874664498999948, -17.743284218999975, 0.0 ], [ -50.874970417999975, -17.744127430999981, 0.0 ], [ -50.875048292999963, -17.744342078999978, 0.0 ], [ -50.875407820999953, -17.74533304299996, 0.0 ], [ -50.875424627999962, -17.745379364999962, 0.0 ], [ -50.875453493999942, -17.745458927999948, 0.0 ], [ -50.875521382999978, -17.745646047999969, 0.0 ], [ -50.875717440999949, -17.746186435999959, 0.0 ], [ -50.875719387999936, -17.746191801999942, 0.0 ], [ -50.875794688999974, -17.746399348999944, 0.0 ], [ -50.875910442999952, -17.746718394999959, 0.0 ], [ -50.875978990999954, -17.746907326999974, 0.0 ], [ -50.876035297999977, -17.747062520999975, 0.0 ], [ -50.876113406999934, -17.747277808999968, 0.0 ], [ -50.876267899999959, -17.747703619999982, 0.0 ], [ -50.876311578999946, -17.747824008999942, 0.0 ], [ -50.87631343399994, -17.747829121999928, 0.0 ], [ -50.876648639999985, -17.748753007999937, 0.0 ], [ -50.876649698999984, -17.748752743999944, 0.0 ], [ -50.876650788999939, -17.748752645999957, 0.0 ], [ -50.876651880999987, -17.748752715999956, 0.0 ], [ -50.876652947999958, -17.748752952999951, 0.0 ], [ -50.876653960999931, -17.748753349999959, 0.0 ], [ -50.876654894999945, -17.748753896999972, 0.0 ], [ -50.876655724999978, -17.748754580999957, 0.0 ], [ -50.876656430999958, -17.748755381999956, 0.0 ], [ -50.876656993999973, -17.748756281999931, 0.0 ], [ -50.876657398999953, -17.748757255999976, 0.0 ], [ -50.876850012999967, -17.748700338999981, 0.0 ], [ -50.876853858999937, -17.748699202999944, 0.0 ], [ -50.877046639999946, -17.748642236999956, 0.0 ], [ -50.877327542999979, -17.748559230999945, 0.0 ], [ -50.877531763999968, -17.748498883999957, 0.0 ], [ -50.877538410999932, -17.748496920999969, 0.0 ], [ -50.877637082999968, -17.748467761999962, 0.0 ], [ -50.877883303999965, -17.748395004999963, 0.0 ], [ -50.878063955999949, -17.748341621999941, 0.0 ], [ -50.878147505999948, -17.748316931999966, 0.0 ], [ -50.878244608999978, -17.74828823799993, 0.0 ], [ -50.878327616999968, -17.748263708999957, 0.0 ], [ -50.878422053999941, -17.748235801999954, 0.0 ], [ -50.878587142999947, -17.748187016999964, 0.0 ], [ -50.878752231999954, -17.748138232999963, 0.0 ], [ -50.878917319999971, -17.748089447999973, 0.0 ], [ -50.878917440999942, -17.748089411999956, 0.0 ], [ -50.879082408999977, -17.748040662999927, 0.0 ], [ -50.879221470999937, -17.747999568999944, 0.0 ], [ -50.879247497999984, -17.747991877999937, 0.0 ], [ -50.879357705999951, -17.747959310999931, 0.0 ], [ -50.879457338999941, -17.747929867999972, 0.0 ], [ -50.87963784599998, -17.74787652599997, 0.0 ], [ -50.879820332999941, -17.74782259899996, 0.0 ], [ -50.880029118999971, -17.747760899999946, 0.0 ], [ -50.880029524999941, -17.74776187599997, 0.0 ], [ -50.880030088999945, -17.747762776999934, 0.0 ], [ -50.880030795999971, -17.747763578999979, 0.0 ], [ -50.880031628999973, -17.747764262999965, 0.0 ], [ -50.880032564999965, -17.747764809999978, 0.0 ], [ -50.880033579999974, -17.74776520599994, 0.0 ], [ -50.880034648999981, -17.747765440999956, 0.0 ], [ -50.880035816999964, -17.747765507999929, 0.0 ], [ -50.880036979999943, -17.747765381999955, 0.0 ], [ -50.880038102999947, -17.747765067999978, 0.0 ], [ -50.880039153999974, -17.747764573999973, 0.0 ], [ -50.880040100999963, -17.74776391499995, 0.0 ], [ -50.880040916999974, -17.747763110999927, 0.0 ], [ -50.880041577999975, -17.747762185999932, 0.0 ], [ -50.880042062999962, -17.747761164999929, 0.0 ], [ -50.880042359999948, -17.747760080999967, 0.0 ], [ -50.880042457999934, -17.747758962999967, 0.0 ], [ -50.880042355999933, -17.747757845999956, 0.0 ], [ -50.880042055999979, -17.747756761999938, 0.0 ], [ -50.880041566999978, -17.747755742999971, 0.0 ], [ -50.880040903999941, -17.747754818999965, 0.0 ], [ -50.880040085999951, -17.747754017999966, 0.0 ], [ -50.880039135999937, -17.747753361999969, 0.0 ], [ -50.880038083999978, -17.747752871999978, 0.0 ], [ -50.880036958999938, -17.74775256099997, 0.0 ], [ -50.880035795999959, -17.747752437999964, 0.0 ], [ -50.88003824499998, -17.747651856999937, 0.0 ], [ -50.880045343999939, -17.747519285999942, 0.0 ], [ -50.880066417999956, -17.747453849999943, 0.0 ], [ -50.880091009999944, -17.747368277999954, 0.0 ], [ -50.880119118999971, -17.747265926999944, 0.0 ], [ -50.880138507999959, -17.747134317999951, 0.0 ], [ -50.880140549999965, -17.747098553999933, 0.0 ], [ -50.880145600999981, -17.747010137999951, 0.0 ], [ -50.880155637999962, -17.74696901599998, 0.0 ], [ -50.880181437999966, -17.746863318999942, 0.0 ], [ -50.880228642999953, -17.746703993999972, 0.0 ], [ -50.880324403999964, -17.746513242999981, 0.0 ], [ -50.88033257799998, -17.746382670999935, 0.0 ], [ -50.880342352999946, -17.746266591999927, 0.0 ], [ -50.880386060999967, -17.746166785999947, 0.0 ], [ -50.880430174999958, -17.746115809999935, 0.0 ], [ -50.880444295999951, -17.746099490999939, 0.0 ], [ -50.880490409999936, -17.746027546999926, 0.0 ], [ -50.880488051999976, -17.745927710999979, 0.0 ], [ -50.880427505999933, -17.745825519999983, 0.0 ], [ -50.880298430999972, -17.745727123999927, 0.0 ], [ -50.880209088999948, -17.74564146299997, 0.0 ], [ -50.880170803999931, -17.745604753999942, 0.0 ], [ -50.88000771399993, -17.745461980999949, 0.0 ], [ -50.879919134999966, -17.745298869999942, 0.0 ], [ -50.879876662999948, -17.745152772999973, 0.0 ], [ -50.879894350999962, -17.745037617999969, 0.0 ], [ -50.879894512999954, -17.745036898999956, 0.0 ], [ -50.879922815999976, -17.744910919999938, 0.0 ], [ -50.879905776999976, -17.744816492999973, 0.0 ], [ -50.879858349999949, -17.744642484999929, 0.0 ], [ -50.879852586999959, -17.744464330999961, 0.0 ], [ -50.879852039999946, -17.744447402999981, 0.0 ], [ -50.879800040999953, -17.744256026999949, 0.0 ], [ -50.879704594999964, -17.744077102999938, 0.0 ], [ -50.879639524999959, -17.743943953999974, 0.0 ], [ -50.879631597999946, -17.74387780099994, 0.0 ], [ -50.879629190999935, -17.74385770899994, 0.0 ], [ -50.879624593999949, -17.743819344999963, 0.0 ], [ -50.879619475999959, -17.743776626999932, 0.0 ], [ -50.879614357999969, -17.743733909999946, 0.0 ], [ -50.879613605999964, -17.743727636999949, 0.0 ], [ -50.879613430999939, -17.743727172999968, 0.0 ], [ -50.879610920999937, -17.743720527999926, 0.0 ], [ -50.879595035999955, -17.743678458999966, 0.0 ], [ -50.879579160999981, -17.743636417999937, 0.0 ], [ -50.879569139999944, -17.743609879999951, 0.0 ], [ -50.879505200999972, -17.74344055499995, 0.0 ], [ -50.879458771999964, -17.743244847999961, 0.0 ], [ -50.879427230999966, -17.743111893999981, 0.0 ], [ -50.879349175999948, -17.74291218299993, 0.0 ], [ -50.879217216999962, -17.742759740999929, 0.0 ], [ -50.879192774999979, -17.742731503999948, 0.0 ], [ -50.879014807999965, -17.742535890999932, 0.0 ], [ -50.878884623999966, -17.742340306999949, 0.0 ], [ -50.878763185999958, -17.742236804999948, 0.0 ], [ -50.878689261999966, -17.742173799999932, 0.0 ], [ -50.878459195999937, -17.741940716999977, 0.0 ], [ -50.878302934999965, -17.741765913999927, 0.0 ], [ -50.878198857999962, -17.74150795099996, 0.0 ], [ -50.878138024999942, -17.74135763299995, 0.0 ], [ -50.87809875399995, -17.741260593999982, 0.0 ], [ -50.878080040999976, -17.741220548999934, 0.0 ], [ -50.878056823999941, -17.741170866999937, 0.0 ], [ -50.878054888999941, -17.74116672699995, 0.0 ], [ -50.87803650799998, -17.741127393999932, 0.0 ], [ -50.878018127999951, -17.74108806299995, 0.0 ], [ -50.87800361799998, -17.741057011999942, 0.0 ], [ -50.877989106999962, -17.741025959999945, 0.0 ], [ -50.877987171999962, -17.741021819999958, 0.0 ], [ -50.87798597799997, -17.741019263999931, 0.0 ], [ -50.877979512999957, -17.740983700999948, 0.0 ], [ -50.877971720999938, -17.740940841999929, 0.0 ], [ -50.877966799999967, -17.740913771999942, 0.0 ], [ -50.877947684999981, -17.740808628999957, 0.0 ], [ -50.877908078999951, -17.740590770999972, 0.0 ], [ -50.877887490999967, -17.740247803999978, 0.0 ], [ -50.877886602999979, -17.740233026999931, 0.0 ], [ -50.877769661999935, -17.739729636999982, 0.0 ], [ -50.877669657999945, -17.739444245999948, 0.0 ], [ -50.877569945999937, -17.739157168999952, 0.0 ], [ -50.877483248999965, -17.738895055999933, 0.0 ], [ -50.877435551999952, -17.738770236999926, 0.0 ], [ -50.877391148999948, -17.738683428999934, 0.0 ], [ -50.877367315999948, -17.738636835999955, 0.0 ], [ -50.877317606999952, -17.738539655999944, 0.0 ], [ -50.877233236999984, -17.738417522999953, 0.0 ], [ -50.877152105999983, -17.738249418999942, 0.0 ], [ -50.877048253999931, -17.738040842999965, 0.0 ], [ -50.876989868999942, -17.737875863999932, 0.0 ], [ -50.87691001099995, -17.737683464999975, 0.0 ], [ -50.876843865999945, -17.737524103999931, 0.0 ], [ -50.876836225999966, -17.737501452999936, 0.0 ], [ -50.876754321999954, -17.737258618999931, 0.0 ], [ -50.876682971999969, -17.737194538999972, 0.0 ], [ -50.876637112999958, -17.73715335299994, 0.0 ], [ -50.876525833999949, -17.737052938999966, 0.0 ], [ -50.876457319999986, -17.736987241999941, 0.0 ], [ -50.876377067999954, -17.736910289999969, 0.0 ], [ -50.876375196999959, -17.73690791699994, 0.0 ], [ -50.876262022999981, -17.736764314999959, 0.0 ], [ -50.876129732999971, -17.73659631299995, 0.0 ], [ -50.875979539999946, -17.736442006999937, 0.0 ], [ -50.875804708999965, -17.736253470999941, 0.0 ], [ -50.875666996999939, -17.736096412999927, 0.0 ], [ -50.875624108999943, -17.736050956999975, 0.0 ], [ -50.875521786999968, -17.735942512999941, 0.0 ], [ -50.875418235999973, -17.735859690999973, 0.0 ], [ -50.875383985999974, -17.735832296999945, 0.0 ], [ -50.875257040999941, -17.735779995999962, 0.0 ], [ -50.875154603999931, -17.735738992999927, 0.0 ], [ -50.874987593999947, -17.735694387999956, 0.0 ], [ -50.874826040999949, -17.735660466999946, 0.0 ], [ -50.874701392999953, -17.735647927999935, 0.0 ], [ -50.874550833999933, -17.735658511999929, 0.0 ], [ -50.87450290299995, -17.735657860999936, 0.0 ], [ -50.874492501999953, -17.735657719999949, 0.0 ], [ -50.874413294999954, -17.73565664399996, 0.0 ], [ -50.874272017999942, -17.735681471999953, 0.0 ], [ -50.87417107899995, -17.735714171999973, 0.0 ], [ -50.874077487999955, -17.735757630999956, 0.0 ], [ -50.87395162699994, -17.735802910999951, 0.0 ], [ -50.873840719999976, -17.735854007999933, 0.0 ], [ -50.873744508999948, -17.735901276999982, 0.0 ], [ -50.873646103999931, -17.73597136199993, 0.0 ], [ -50.873527312999954, -17.736089571999969, 0.0 ], [ -50.87349263699997, -17.736117709999974, 0.0 ], [ -50.873308682999948, -17.736266980999972, 0.0 ], [ -50.87321474099997, -17.736353298999973, 0.0 ], [ -50.873134370999935, -17.736435856999947, 0.0 ], [ -50.873085755999966, -17.736518009999941, 0.0 ], [ -50.872984472999974, -17.736617133999971, 0.0 ], [ -50.87289326399997, -17.736679433999939, 0.0 ], [ -50.872797210999977, -17.736759860999939, 0.0 ], [ -50.872702519999962, -17.736836749999952, 0.0 ], [ -50.872631804999969, -17.736889279999957, 0.0 ], [ -50.872520387999941, -17.736956267999972, 0.0 ], [ -50.872518978999949, -17.736957330999928, 0.0 ], [ -50.872495455999967, -17.736975070999961, 0.0 ], [ -50.872462132999942, -17.737000201999933, 0.0 ], [ -50.872452955999961, -17.737007121999966, 0.0 ], [ -50.872427278999965, -17.737021114999948, 0.0 ], [ -50.872404026999959, -17.737033786999973, 0.0 ], [ -50.872403353999971, -17.73703285299996, 0.0 ], [ -50.872402523999938, -17.737032044999978, 0.0 ], [ -50.872401559999957, -17.737031385999956, 0.0 ], [ -50.872400490999951, -17.737030896999954, 0.0 ], [ -50.872399350999956, -17.737030592999929, 0.0 ], [ -50.872398171999976, -17.737030481999966, 0.0 ], [ -50.872396991999949, -17.737030567999966, 0.0 ], [ -50.872395844999971, -17.737030847999961, 0.0 ], [ -50.872394766999946, -17.737031312999932, 0.0 ], [ -50.872393789999933, -17.73703194999996, 0.0 ], [ -50.87239294099993, -17.737032737999982, 0.0 ], [ -50.872392247999983, -17.737033654999948, 0.0 ], [ -50.872391729999947, -17.737034672999982, 0.0 ], [ -50.872391402999938, -17.737035760999959, 0.0 ], [ -50.872391276999963, -17.737036886999931, 0.0 ], [ -50.872394480999958, -17.737036948999958, 0.0 ], [ -50.872394547999932, -17.737036351999961, 0.0 ], [ -50.872394720999978, -17.737035774999981, 0.0 ], [ -50.872394995999969, -17.737035234999951, 0.0 ], [ -50.872395362999953, -17.737034748999974, 0.0 ], [ -50.872395812999969, -17.737034330999961, 0.0 ], [ -50.872396330999948, -17.737033992999955, 0.0 ], [ -50.872396902999981, -17.737033746999941, 0.0 ], [ -50.872398096999973, -17.737037018999956, 0.0 ] ] ] ] } },
{ "type": "Feature", "properties": { "OID_": 0, "Name": "Placemark", "FolderPath": "Document", "SymbolID": 0, "AltMode": 0, "Base": 0.0, "Clamped": -1, "Extruded": 0, "Snippet": null, "PopupInfo": "<html xmlns:fo=\"http://www.w3.org/1999/XSL/Format\" xmlns:msxsl=\"urn:schemas-microsoft-com:xslt\"><head><META http-equiv=\"Content-Type\" content=\"text/html\"><meta http-equiv=\"content-type\" content=\"text/html; charset=UTF-8\"></head><body style=\"margin:0px 0p", "Shape_Leng": 0.02999010902, "Shape_Area": 4.267908e-05 }, "geometry": { "type": "MultiPolygon", "coordinates": [ [ [ [ -50.958645917999945, -17.808984972999951, 0.0 ], [ -50.959011244999942, -17.809209542999952, 0.0 ], [ -50.959366978999981, -17.809377022999968, 0.0 ], [ -50.95978202799995, -17.809457822999946, 0.0 ], [ -50.95997244199998, -17.809257571999979, 0.0 ], [ -50.960169089999965, -17.809087215999966, 0.0 ], [ -50.960489310999947, -17.808966508999958, 0.0 ], [ -50.961163425999985, -17.808859025999936, 0.0 ], [ -50.961695171999963, -17.809038494999982, 0.0 ], [ -50.962406592999969, -17.809619773999941, 0.0 ], [ -50.962825905999978, -17.810215342999982, 0.0 ], [ -50.96282580899998, -17.810681689999967, 0.0 ], [ -50.962758232999931, -17.811482837999961, 0.0 ], [ -50.963317436999944, -17.811731661999943, 0.0 ], [ -50.964895268999953, -17.812076330999957, 0.0 ], [ -50.966533070999958, -17.812191411999947, 0.0 ], [ -50.966992463999986, -17.812172356999952, 0.0 ], [ -50.968945970999982, -17.807517391999966, 0.0 ], [ -50.965673685999946, -17.80660593999994, 0.0 ], [ -50.962931991999938, -17.806063461999941, 0.0 ], [ -50.962950190999948, -17.805920811999954, 0.0 ], [ -50.962293550999959, -17.805165560999967, 0.0 ], [ -50.962256722999939, -17.805160471999955, 0.0 ], [ -50.960721182999976, -17.806074897999963, 0.0 ], [ -50.958419878999962, -17.806330478999939, 0.0 ], [ -50.958369632999961, -17.806336058999932, 0.0 ], [ -50.95823747999998, -17.806350734999967, 0.0 ], [ -50.958344193999949, -17.807039004999979, 0.0 ], [ -50.958351114999971, -17.807043548999957, 0.0 ], [ -50.958358975999943, -17.807134340999937, 0.0 ], [ -50.958645917999945, -17.808984972999951, 0.0 ] ] ] ] } },
{ "type": "Feature", "properties": { "OID_": 0, "Name": "Placemark", "FolderPath": "Document", "SymbolID": 0, "AltMode": 0, "Base": 0.0, "Clamped": -1, "Extruded": 0, "Snippet": null, "PopupInfo": "<html xmlns:fo=\"http://www.w3.org/1999/XSL/Format\" xmlns:msxsl=\"urn:schemas-microsoft-com:xslt\"><head><META http-equiv=\"Content-Type\" content=\"text/html\"><meta http-equiv=\"content-type\" content=\"text/html; charset=UTF-8\"></head><body style=\"margin:0px 0p", "Shape_Leng": 0.0282285238, "Shape_Area": 2.013466e-05 }, "geometry": { "type": "MultiPolygon", "coordinates": [ [ [ [ -50.963103484999976, -17.799933902999953, 0.0 ], [ -50.963163746999953, -17.799674762999928, 0.0 ], [ -50.959967817999939, -17.800006420999978, 0.0 ], [ -50.959343296999975, -17.795281707999948, 0.0 ], [ -50.958151905999955, -17.79558568799996, 0.0 ], [ -50.956547340999975, -17.79596253099993, 0.0 ], [ -50.954685347999941, -17.796384461999935, 0.0 ], [ -50.952957382999955, -17.796773358999928, 0.0 ], [ -50.953248051999935, -17.79702666999998, 0.0 ], [ -50.953477588999931, -17.797421517999965, 0.0 ], [ -50.954121593999957, -17.798498362999965, 0.0 ], [ -50.954323980999959, -17.798756121999929, 0.0 ], [ -50.954583540999977, -17.799049554999954, 0.0 ], [ -50.954724809999959, -17.799202253999965, 0.0 ], [ -50.954972720999933, -17.798852000999943, 0.0 ], [ -50.955622594999966, -17.798675290999938, 0.0 ], [ -50.95577657299998, -17.79856760499996, 0.0 ], [ -50.956360788999973, -17.798364719999938, 0.0 ], [ -50.957023105999951, -17.798135256999956, 0.0 ], [ -50.957276910999951, -17.798045270999978, 0.0 ], [ -50.957366084999933, -17.798302795999973, 0.0 ], [ -50.957629740999948, -17.79881164699998, 0.0 ], [ -50.95768861099998, -17.798902293999959, 0.0 ], [ -50.958269126999937, -17.79956907199994, 0.0 ], [ -50.958386902999962, -17.799678377999953, 0.0 ], [ -50.958500641999933, -17.799791540999934, 0.0 ], [ -50.958610207999982, -17.799908419999952, 0.0 ], [ -50.958715465999944, -17.800028876999932, 0.0 ], [ -50.958816292999984, -17.80015276499995, 0.0 ], [ -50.958912562999956, -17.800279934999935, 0.0 ], [ -50.959004160999939, -17.80041023299998, 0.0 ], [ -50.959391048999976, -17.800954042999933, 0.0 ], [ -50.960383963999959, -17.800404515999958, 0.0 ], [ -50.961307722999948, -17.800194246999979, 0.0 ], [ -50.963103484999976, -17.799933902999953, 0.0 ] ] ] ] } },
{ "type": "Feature", "properties": { "OID_": 0, "Name": "Placemark", "FolderPath": "Document", "SymbolID": 0, "AltMode": 0, "Base": 0.0, "Clamped": -1, "Extruded": 0, "Snippet": null, "PopupInfo": "<html xmlns:fo=\"http://www.w3.org/1999/XSL/Format\" xmlns:msxsl=\"urn:schemas-microsoft-com:xslt\"><head><META http-equiv=\"Content-Type\" content=\"text/html\"><meta http-equiv=\"content-type\" content=\"text/html; charset=UTF-8\"></head><body style=\"margin:0px 0p", "Shape_Leng": 0.02707379255, "Shape_Area": 3.968913e-05 }, "geometry": { "type": "MultiPolygon", "coordinates": [ [ [ [ -50.906174489999955, -17.751967616999934, 0.0 ], [ -50.906313884999975, -17.751658993999968, 0.0 ], [ -50.903164060999984, -17.744832017999954, 0.0 ], [ -50.902395185999978, -17.745176017999938, 0.0 ], [ -50.901845869999931, -17.74563491899994, 0.0 ], [ -50.90091720199996, -17.746084060999976, 0.0 ], [ -50.899878699999931, -17.746561841999949, 0.0 ], [ -50.898660499999949, -17.747029956999938, 0.0 ], [ -50.89772559499994, -17.747699055999931, 0.0 ], [ -50.897515681999948, -17.747789731999944, 0.0 ], [ -50.897360016999983, -17.747901325999976, 0.0 ], [ -50.897188054999958, -17.74795185499994, 0.0 ], [ -50.896982893999962, -17.748261807999938, 0.0 ], [ -50.89651986399997, -17.748495697999942, 0.0 ], [ -50.896379168999943, -17.748580458999982, 0.0 ], [ -50.89621626099995, -17.748678599999948, 0.0 ], [ -50.896203905999982, -17.748686042999964, 0.0 ], [ -50.896185294999952, -17.748697254999968, 0.0 ], [ -50.896179930999949, -17.748700486999951, 0.0 ], [ -50.897628524999959, -17.750543572999959, 0.0 ], [ -50.898469450999983, -17.750700436999978, 0.0 ], [ -50.89860886699995, -17.750726442999962, 0.0 ], [ -50.899382827999943, -17.75087081199996, 0.0 ], [ -50.900722247999965, -17.751120648999972, 0.0 ], [ -50.901550234999945, -17.751275083999928, 0.0 ], [ -50.901964160999967, -17.751352287999964, 0.0 ], [ -50.902397113999939, -17.751433040999927, 0.0 ], [ -50.902987694999979, -17.751536170999941, 0.0 ], [ -50.903684447999979, -17.751657837999971, 0.0 ], [ -50.903811700999938, -17.751680057999977, 0.0 ], [ -50.905192287999967, -17.751922734999937, 0.0 ], [ -50.905196683999975, -17.751929676999964, 0.0 ], [ -50.905201778999981, -17.751936163999972, 0.0 ], [ -50.905207521999955, -17.751942134999979, 0.0 ], [ -50.905213858999957, -17.75194752699997, 0.0 ], [ -50.905220721999967, -17.751952286999938, 0.0 ], [ -50.905228047999969, -17.75195636899997, 0.0 ], [ -50.905235760999972, -17.751959731999932, 0.0 ], [ -50.905243784999982, -17.751962341999956, 0.0 ], [ -50.905252039999937, -17.751964174999955, 0.0 ], [ -50.905260444999954, -17.751965208999934, 0.0 ], [ -50.905268914999965, -17.751965437999957, 0.0 ], [ -50.90527736699994, -17.751964856999962, 0.0 ], [ -50.90528571699997, -17.751963471999943, 0.0 ], [ -50.905293881999967, -17.751961297999969, 0.0 ], [ -50.905301779999945, -17.751958354999942, 0.0 ], [ -50.905315973999961, -17.751949630999945, 0.0 ], [ -50.905329191999954, -17.751939596999932, 0.0 ], [ -50.905334658999948, -17.751933393999934, 0.0 ], [ -50.905339454999933, -17.751926698999966, 0.0 ], [ -50.905343530999971, -17.751919580999981, 0.0 ], [ -50.905346846999976, -17.751912108999932, 0.0 ], [ -50.905349370999943, -17.751904356999944, 0.0 ], [ -50.905351075999931, -17.751896403999979, 0.0 ], [ -50.905351946999986, -17.751888326999961, 0.0 ], [ -50.905351973999984, -17.751880207999932, 0.0 ], [ -50.905351155999938, -17.751872125999967, 0.0 ], [ -50.905349503999958, -17.751864161999947, 0.0 ], [ -50.905347031999952, -17.751856394999947, 0.0 ], [ -50.905343764999941, -17.751848902999939, 0.0 ], [ -50.905339735999974, -17.751841759999934, 0.0 ], [ -50.906174489999955, -17.751967616999934, 0.0 ] ] ] ] } },
{ "type": "Feature", "properties": { "OID_": 0, "Name": "Placemark", "FolderPath": "Document", "SymbolID": 0, "AltMode": 0, "Base": 0.0, "Clamped": -1, "Extruded": 0, "Snippet": null, "PopupInfo": "<html xmlns:fo=\"http://www.w3.org/1999/XSL/Format\" xmlns:msxsl=\"urn:schemas-microsoft-com:xslt\"><head><META http-equiv=\"Content-Type\" content=\"text/html\"><meta http-equiv=\"content-type\" content=\"text/html; charset=UTF-8\"></head><body style=\"margin:0px 0p", "Shape_Leng": 0.02563184745, "Shape_Area": 3.405205e-05 }, "geometry": { "type": "MultiPolygon", "coordinates": [ [ [ [ -50.888211945999956, -17.741735161999941, 0.0 ], [ -50.888343075999956, -17.742662670999948, 0.0 ], [ -50.888345973999947, -17.742683165999949, 0.0 ], [ -50.888347692999957, -17.742695330999936, 0.0 ], [ -50.888366247999954, -17.742775259999974, 0.0 ], [ -50.888358927999946, -17.742719492999981, 0.0 ], [ -50.888401429999931, -17.742707652999968, 0.0 ], [ -50.888782583999955, -17.742538153999931, 0.0 ], [ -50.891996718999962, -17.741108788999952, 0.0 ], [ -50.892092886999933, -17.74121925999998, 0.0 ], [ -50.892134006999981, -17.741189461999966, 0.0 ], [ -50.892829249999977, -17.740860705999978, 0.0 ], [ -50.892567631999952, -17.74010329999993, 0.0 ], [ -50.890116727999953, -17.733007402999931, 0.0 ], [ -50.889712390999932, -17.733093271999962, 0.0 ], [ -50.889322982999943, -17.733250894999969, 0.0 ], [ -50.888499325999931, -17.733436968999968, 0.0 ], [ -50.887600843999962, -17.733551249999948, 0.0 ], [ -50.887051928999938, -17.733702274999928, 0.0 ], [ -50.887116750999951, -17.733988241999953, 0.0 ], [ -50.887117211999964, -17.733991501999981, 0.0 ], [ -50.887129873999982, -17.734081071999981, 0.0 ], [ -50.887131221999937, -17.734090605999938, 0.0 ], [ -50.887142536999932, -17.734170641999981, 0.0 ], [ -50.887153038999941, -17.734244936999971, 0.0 ], [ -50.887155198999949, -17.73426021299997, 0.0 ], [ -50.887167860999966, -17.73434978399996, 0.0 ], [ -50.887169691999986, -17.73436273599998, 0.0 ], [ -50.887175513999978, -17.734403922999945, 0.0 ], [ -50.887180522999984, -17.73443935399996, 0.0 ], [ -50.887182551999956, -17.734453704999964, 0.0 ], [ -50.887193185999934, -17.73452892399996, 0.0 ], [ -50.887205847999951, -17.73461849499995, 0.0 ], [ -50.887207296999975, -17.734628745999942, 0.0 ], [ -50.887218509999968, -17.734708065999939, 0.0 ], [ -50.887219456999958, -17.734714759999974, 0.0 ], [ -50.887224974999981, -17.734753792999982, 0.0 ], [ -50.887236725999969, -17.734836921999943, 0.0 ], [ -50.88724237699995, -17.734876888999963, 0.0 ], [ -50.887243834999936, -17.734887205999939, 0.0 ], [ -50.887256496999953, -17.734976776999929, 0.0 ], [ -50.887261319999936, -17.735010892999981, 0.0 ], [ -50.88726915999996, -17.735066347999975, 0.0 ], [ -50.887279990999957, -17.735142967999934, 0.0 ], [ -50.887281156999961, -17.735151219999977, 0.0 ], [ -50.887281821999977, -17.735155918999965, 0.0 ], [ -50.887291986999969, -17.735227829999928, 0.0 ], [ -50.887294483999938, -17.735245487999975, 0.0 ], [ -50.887307146999945, -17.735335058999965, 0.0 ], [ -50.887316844999987, -17.735403667999947, 0.0 ], [ -50.887319569999931, -17.735422938999932, 0.0 ], [ -50.887319808999962, -17.735424629999955, 0.0 ], [ -50.887329051999984, -17.735490015999972, 0.0 ], [ -50.887332471999969, -17.735514200999944, 0.0 ], [ -50.887345133999986, -17.735603769999955, 0.0 ], [ -50.887350487999981, -17.73564164499993, 0.0 ], [ -50.887362200999974, -17.735724495999932, 0.0 ], [ -50.887364613999978, -17.735741564999955, 0.0 ], [ -50.887367020999932, -17.735758592999957, 0.0 ], [ -50.887372381999967, -17.735796520999941, 0.0 ], [ -50.887378745999968, -17.735841535999953, 0.0 ], [ -50.887382564999939, -17.735868545999949, 0.0 ], [ -50.887384936999979, -17.735885328999927, 0.0 ], [ -50.887389793999944, -17.735919684999942, 0.0 ], [ -50.887394290999964, -17.735951493999949, 0.0 ], [ -50.887400618999948, -17.735996261999958, 0.0 ], [ -50.887402393999935, -17.736008813999945, 0.0 ], [ -50.887405807999983, -17.736032963999946, 0.0 ], [ -50.887413477999985, -17.736087220999934, 0.0 ], [ -50.88742012199998, -17.736134211999968, 0.0 ], [ -50.887420798999983, -17.736139005999974, 0.0 ], [ -50.887432783999941, -17.736223782999957, 0.0 ], [ -50.887439377999954, -17.736270425999976, 0.0 ], [ -50.887445445999958, -17.736313353999947, 0.0 ], [ -50.887456977999932, -17.736394921999931, 0.0 ], [ -50.887458108999965, -17.736402923999947, 0.0 ], [ -50.887467113999946, -17.73646662799996, 0.0 ], [ -50.887470770999983, -17.736492493999947, 0.0 ], [ -50.887483433999932, -17.736582064999936, 0.0 ], [ -50.887488490999942, -17.736617830999933, 0.0 ], [ -50.88749609599995, -17.736671635999983, 0.0 ], [ -50.887500346999957, -17.736701696999944, 0.0 ], [ -50.887506218999931, -17.736743236999928, 0.0 ], [ -50.887660713999935, -17.737836074999962, 0.0 ], [ -50.887706471999934, -17.738159749999966, 0.0 ], [ -50.888017752999986, -17.740361575999941, 0.0 ], [ -50.888038173999973, -17.740506021999977, 0.0 ], [ -50.888060641999971, -17.740664944999935, 0.0 ], [ -50.888062010999931, -17.740674628999955, 0.0 ], [ -50.888174083999957, -17.741467357999966, 0.0 ], [ -50.888211945999956, -17.741735161999941, 0.0 ] ] ] ] } },
{ "type": "Feature", "properties": { "OID_": 0, "Name": "Placemark", "FolderPath": "Document", "SymbolID": 0, "AltMode": 0, "Base": 0.0, "Clamped": -1, "Extruded": 0, "Snippet": null, "PopupInfo": "<html xmlns:fo=\"http://www.w3.org/1999/XSL/Format\" xmlns:msxsl=\"urn:schemas-microsoft-com:xslt\"><head><META http-equiv=\"Content-Type\" content=\"text/html\"><meta http-equiv=\"content-type\" content=\"text/html; charset=UTF-8\"></head><body style=\"margin:0px 0p", "Shape_Leng": 0.02592085867, "Shape_Area": 2.813778e-05 }, "geometry": { "type": "MultiPolygon", "coordinates": [ [ [ [ -50.880468813999983, -17.759598550999954, 0.0 ], [ -50.88300350399993, -17.759107747999963, 0.0 ], [ -50.884600297999953, -17.758791042999974, 0.0 ], [ -50.884390434999943, -17.758215132999965, 0.0 ], [ -50.88758828999994, -17.757667519999927, 0.0 ], [ -50.887592928999936, -17.757666710999956, 0.0 ], [ -50.887597570999958, -17.757665919999965, 0.0 ], [ -50.88760227399996, -17.757665767999981, 0.0 ], [ -50.887606976999962, -17.75766561599994, 0.0 ], [ -50.887680159999945, -17.757637763999981, 0.0 ], [ -50.88792389799994, -17.757468916999926, 0.0 ], [ -50.888003854999965, -17.755237676999968, 0.0 ], [ -50.883985003999953, -17.755623549999939, 0.0 ], [ -50.883597624999936, -17.755700931999968, 0.0 ], [ -50.883170655999947, -17.754475614999933, 0.0 ], [ -50.881301194999935, -17.755119865999973, 0.0 ], [ -50.879383730999962, -17.755763886999944, 0.0 ], [ -50.879283760999954, -17.755797463999954, 0.0 ], [ -50.879279313999973, -17.755798957999957, 0.0 ], [ -50.879274866999936, -17.755800450999971, 0.0 ], [ -50.879273184999931, -17.755796234999934, 0.0 ], [ -50.879271503999973, -17.755792018999955, 0.0 ], [ -50.879043529999933, -17.755220476999966, 0.0 ], [ -50.879041847999986, -17.75521626099993, 0.0 ], [ -50.879041775999951, -17.755216293999979, 0.0 ], [ -50.879040982999982, -17.755216496999935, 0.0 ], [ -50.879040162999956, -17.755216564999955, 0.0 ], [ -50.879039343999978, -17.755216495999946, 0.0 ], [ -50.879038549999962, -17.755216291999943, 0.0 ], [ -50.879037804999939, -17.755215957999951, 0.0 ], [ -50.879037131999951, -17.755215504999967, 0.0 ], [ -50.879036550999956, -17.755214947999946, 0.0 ], [ -50.879036285999973, -17.75521458399993, 0.0 ], [ -50.879032403999986, -17.75521712099993, 0.0 ], [ -50.878900276999957, -17.755303515999969, 0.0 ], [ -50.878896395999959, -17.755306054999949, 0.0 ], [ -50.878892513999972, -17.755308591999949, 0.0 ], [ -50.878894070999934, -17.755312853999953, 0.0 ], [ -50.878895625999974, -17.755317115999958, 0.0 ], [ -50.880279117999976, -17.759106103999954, 0.0 ], [ -50.880456471999935, -17.759591814999965, 0.0 ], [ -50.880457951999972, -17.759591435999937, 0.0 ], [ -50.880459590999976, -17.759591299999954, 0.0 ], [ -50.880461227999945, -17.759591437999973, 0.0 ], [ -50.880462815999977, -17.759591846999967, 0.0 ], [ -50.880464305999965, -17.759592512999973, 0.0 ], [ -50.880465652999931, -17.759593417999952, 0.0 ], [ -50.880466813999931, -17.759594532999927, 0.0 ], [ -50.880467756999963, -17.759595823999973, 0.0 ], [ -50.880468450999956, -17.759597251999935, 0.0 ], [ -50.880468813999983, -17.759598550999954, 0.0 ] ] ] ] } },
{ "type": "Feature", "properties": { "OID_": 0, "Name": "Placemark", "FolderPath": "Document", "SymbolID": 0, "AltMode": 0, "Base": 0.0, "Clamped": -1, "Extruded": 0, "Snippet": null, "PopupInfo": "<html xmlns:fo=\"http://www.w3.org/1999/XSL/Format\" xmlns:msxsl=\"urn:schemas-microsoft-com:xslt\"><head><META http-equiv=\"Content-Type\" content=\"text/html\"><meta http-equiv=\"content-type\" content=\"text/html; charset=UTF-8\"></head><body style=\"margin:0px 0p", "Shape_Leng": 0.01928799083, "Shape_Area": 1.589021e-05 }, "geometry": { "type": "MultiPolygon", "coordinates": [ [ [ [ -50.893374810999944, -17.746930068999973, 0.0 ], [ -50.892384293999953, -17.746355827999935, 0.0 ], [ -50.890649130999975, -17.745880573999955, 0.0 ], [ -50.888947454999936, -17.74548975099998, 0.0 ], [ -50.886663804999955, -17.744965240999932, 0.0 ], [ -50.886657682999953, -17.744939409999972, 0.0 ], [ -50.886601250999945, -17.744955835999974, 0.0 ], [ -50.88662301599993, -17.74605115199995, 0.0 ], [ -50.88665206099995, -17.747512816999972, 0.0 ], [ -50.887323896999931, -17.748084030999962, 0.0 ], [ -50.887368663999951, -17.748074158999941, 0.0 ], [ -50.887538279999944, -17.748113650999983, 0.0 ], [ -50.887835351999968, -17.748164947999953, 0.0 ], [ -50.888762447999966, -17.747951456999942, 0.0 ], [ -50.888818876999949, -17.74798842499996, 0.0 ], [ -50.888894166999933, -17.747961843999974, 0.0 ], [ -50.888985969999965, -17.747929431999978, 0.0 ], [ -50.889476053999942, -17.74787500399998, 0.0 ], [ -50.889621771999941, -17.74782240299993, 0.0 ], [ -50.889621519999935, -17.747821623999982, 0.0 ], [ -50.889621367999951, -17.747820821999937, 0.0 ], [ -50.889621317999968, -17.747820008999952, 0.0 ], [ -50.889621424999973, -17.747818836999954, 0.0 ], [ -50.889621741999974, -17.747817699999928, 0.0 ], [ -50.889622259999953, -17.747816632999957, 0.0 ], [ -50.889622961999976, -17.74781566799993, 0.0 ], [ -50.889623827999969, -17.74781483299995, 0.0 ], [ -50.889624831999981, -17.747814154999958, 0.0 ], [ -50.889625941999952, -17.74781365299998, 0.0 ], [ -50.889627126999983, -17.747813342999962, 0.0 ], [ -50.889628349999953, -17.747813233999977, 0.0 ], [ -50.889629573999969, -17.747813328999939, 0.0 ], [ -50.889630761999967, -17.747813624999935, 0.0 ], [ -50.889631878999978, -17.747814113999937, 0.0 ], [ -50.889632890999962, -17.747814780999931, 0.0 ], [ -50.889633766999964, -17.747815604999971, 0.0 ], [ -50.889634481999963, -17.747816561999969, 0.0 ], [ -50.889635012999975, -17.747817622999946, 0.0 ], [ -50.889696920999938, -17.74779527499993, 0.0 ], [ -50.889824127999987, -17.747868835999952, 0.0 ], [ -50.890095453999947, -17.74785572299993, 0.0 ], [ -50.890085556999964, -17.748182395999947, 0.0 ], [ -50.890344673999948, -17.748511472999951, 0.0 ], [ -50.890542332999985, -17.74838101399996, 0.0 ], [ -50.890557440999942, -17.748124597999947, 0.0 ], [ -50.890749937999942, -17.748108292999973, 0.0 ], [ -50.89082458699994, -17.747978755999952, 0.0 ], [ -50.891006267999956, -17.748092730999929, 0.0 ], [ -50.891289576999952, -17.748523147999947, 0.0 ], [ -50.891852600999982, -17.748772705999954, 0.0 ], [ -50.892105083999979, -17.749017553999977, 0.0 ], [ -50.892210097999964, -17.748923594999951, 0.0 ], [ -50.892297837999934, -17.748991649999937, 0.0 ], [ -50.892838310999934, -17.748041845999978, 0.0 ], [ -50.893156540999939, -17.747382386999959, 0.0 ], [ -50.893374810999944, -17.746930068999973, 0.0 ] ] ] ] } },
{ "type": "Feature", "properties": { "OID_": 0, "Name": "Placemark", "FolderPath": "Document", "SymbolID": 0, "AltMode": 0, "Base": 0.0, "Clamped": -1, "Extruded": 0, "Snippet": null, "PopupInfo": "<html xmlns:fo=\"http://www.w3.org/1999/XSL/Format\" xmlns:msxsl=\"urn:schemas-microsoft-com:xslt\"><head><META http-equiv=\"Content-Type\" content=\"text/html\"><meta http-equiv=\"content-type\" content=\"text/html; charset=UTF-8\"></head><body style=\"margin:0px 0p", "Shape_Leng": 0.02324782445, "Shape_Area": 2.94836e-05 }, "geometry": { "type": "MultiPolygon", "coordinates": [ [ [ [ -50.926077985999939, -17.83217098199998, 0.0 ], [ -50.926461725999957, -17.833070688999953, 0.0 ], [ -50.926151903999937, -17.833548875999952, 0.0 ], [ -50.925831723999977, -17.834916702999976, 0.0 ], [ -50.925131980999936, -17.836313080999957, 0.0 ], [ -50.924669992999952, -17.837836250999942, 0.0 ], [ -50.925663381999982, -17.838145640999983, 0.0 ], [ -50.925701752999942, -17.83815759099997, 0.0 ], [ -50.926928177999969, -17.838539551999929, 0.0 ], [ -50.930785942999933, -17.839740961999951, 0.0 ], [ -50.930933151999966, -17.839150940999957, 0.0 ], [ -50.931282977999956, -17.838176654999927, 0.0 ], [ -50.930919224999968, -17.836752884999953, 0.0 ], [ -50.930511932999934, -17.835010789999956, 0.0 ], [ -50.930432884999959, -17.83495015699998, 0.0 ], [ -50.930093168999974, -17.834721994999938, 0.0 ], [ -50.929920128999981, -17.834605776999979, 0.0 ], [ -50.930159336999964, -17.834155302999932, 0.0 ], [ -50.930173218999983, -17.834129466999968, 0.0 ], [ -50.929663710999932, -17.833995381999955, 0.0 ], [ -50.929646394999963, -17.833982257999935, 0.0 ], [ -50.929633180999986, -17.833975386999953, 0.0 ], [ -50.929619944999956, -17.833968560999949, 0.0 ], [ -50.929606688999968, -17.833961776999956, 0.0 ], [ -50.929593410999985, -17.833955034999974, 0.0 ], [ -50.929580113999975, -17.833948331999977, 0.0 ], [ -50.92956679699995, -17.833941668999955, 0.0 ], [ -50.929553462999934, -17.83393504199995, 0.0 ], [ -50.929540109999948, -17.833928450999963, 0.0 ], [ -50.929526738999982, -17.833921896999982, 0.0 ], [ -50.929513349999979, -17.833915375999936, 0.0 ], [ -50.929499945999964, -17.83390888699995, 0.0 ], [ -50.929486526999938, -17.833902429999966, 0.0 ], [ -50.929473090999977, -17.83389600299995, 0.0 ], [ -50.929459641999983, -17.833889604999968, 0.0 ], [ -50.929446177999978, -17.833883234999973, 0.0 ], [ -50.929432700999939, -17.833876891999978, 0.0 ], [ -50.929419210999981, -17.833870572999956, 0.0 ], [ -50.92940570899998, -17.833864277999965, 0.0 ], [ -50.929392194999934, -17.833858006999947, 0.0 ], [ -50.929378669999949, -17.833851755999945, 0.0 ], [ -50.929365133999966, -17.833845525999948, 0.0 ], [ -50.929351587999975, -17.833839314999977, 0.0 ], [ -50.929338032999965, -17.83383312199993, 0.0 ], [ -50.929324468999937, -17.833826945999931, 0.0 ], [ -50.929310897999983, -17.833820784999943, 0.0 ], [ -50.929297317999954, -17.833814638999968, 0.0 ], [ -50.929283731999931, -17.833808504999979, 0.0 ], [ -50.929270138999982, -17.833802381999931, 0.0 ], [ -50.929256539999983, -17.833796270999926, 0.0 ], [ -50.929247538999959, -17.833792231999951, 0.0 ], [ -50.929238534999968, -17.833788196999933, 0.0 ], [ -50.929229529999986, -17.83378416499994, 0.0 ], [ -50.92922052199998, -17.833780135999973, 0.0 ], [ -50.929211512999984, -17.833776109999974, 0.0 ], [ -50.929202501999953, -17.833772086999943, 0.0 ], [ -50.929193490999978, -17.833768065999948, 0.0 ], [ -50.929184477999968, -17.833764046999931, 0.0 ], [ -50.929175463999968, -17.833760028999961, 0.0 ], [ -50.929166448999979, -17.83375601399996, 0.0 ], [ -50.929148416999965, -17.833747983999956, 0.0 ], [ -50.929112351999947, -17.833731927999963, 0.0 ], [ -50.929094319999933, -17.83372389699997, 0.0 ], [ -50.929085305999934, -17.833719879999933, 0.0 ], [ -50.929076291999934, -17.833715860999973, 0.0 ], [ -50.92906727899998, -17.833711839999978, 0.0 ], [ -50.929058266999959, -17.833707816999947, 0.0 ], [ -50.929049255999985, -17.833703790999948, 0.0 ], [ -50.929040246999932, -17.83369976299997, 0.0 ], [ -50.929031239999972, -17.833695730999978, 0.0 ], [ -50.929022233999945, -17.83369169499997, 0.0 ], [ -50.929013230999942, -17.833687655999938, 0.0 ], [ -50.929004228999986, -17.833683613999938, 0.0 ], [ -50.928999451999971, -17.833681464999927, 0.0 ], [ -50.928995229999941, -17.833679565999944, 0.0 ], [ -50.928986232999932, -17.833675513999935, 0.0 ], [ -50.928977239999938, -17.83367145699998, 0.0 ], [ -50.928968248999979, -17.833667394999964, 0.0 ], [ -50.928959259999942, -17.833663326999954, 0.0 ], [ -50.928950274999977, -17.833659252999951, 0.0 ], [ -50.92894129299998, -17.833655173999944, 0.0 ], [ -50.92893231499994, -17.833651087999954, 0.0 ], [ -50.928923339999983, -17.833646994999981, 0.0 ], [ -50.928914368999983, -17.833642895999958, 0.0 ], [ -50.928905402999931, -17.833638787999973, 0.0 ], [ -50.92889643999996, -17.833634672999949, 0.0 ], [ -50.928887479999958, -17.833630550999942, 0.0 ], [ -50.928878525999949, -17.833626418999927, 0.0 ], [ -50.928869575999954, -17.833622279999929, 0.0 ], [ -50.928860631999953, -17.83361813099998, 0.0 ], [ -50.928851691999967, -17.833613972999956, 0.0 ], [ -50.928842756999984, -17.83360980599997, 0.0 ], [ -50.928833826999949, -17.833605629999965, 0.0 ], [ -50.928824902999963, -17.833601442999964, 0.0 ], [ -50.928815984999972, -17.833597244999964, 0.0 ], [ -50.928807071999984, -17.833593037999947, 0.0 ], [ -50.928798164999932, -17.833588818999942, 0.0 ], [ -50.928789264999978, -17.83358458999993, 0.0 ], [ -50.92878036999997, -17.833580347999941, 0.0 ], [ -50.928771481999945, -17.833576094999955, 0.0 ], [ -50.92876260099996, -17.833571828999936, 0.0 ], [ -50.928753725999968, -17.833567550999931, 0.0 ], [ -50.928744857999959, -17.833563260999938, 0.0 ], [ -50.928735996999933, -17.83355895699998, 0.0 ], [ -50.928727143999936, -17.833554638999942, 0.0 ], [ -50.928718296999932, -17.833550308999975, 0.0 ], [ -50.928709458999947, -17.833545964999928, 0.0 ], [ -50.928700627999945, -17.833541605999926, 0.0 ], [ -50.928691804999971, -17.833537231999969, 0.0 ], [ -50.92868298999997, -17.833532843999933, 0.0 ], [ -50.928672929999948, -17.833527811999943, 0.0 ], [ -50.928662878999944, -17.833522761999973, 0.0 ], [ -50.928652838999938, -17.833517693999966, 0.0 ], [ -50.92864280699996, -17.833512608999968, 0.0 ], [ -50.928632784999934, -17.833507507999968, 0.0 ], [ -50.928622769999947, -17.833502391999957, 0.0 ], [ -50.928612763999979, -17.833497260999934, 0.0 ], [ -50.928602763999947, -17.833492116999935, 0.0 ], [ -50.928592769999966, -17.833486959999959, 0.0 ], [ -50.928582782999968, -17.833481792999976, 0.0 ], [ -50.928572800999973, -17.833476613999949, 0.0 ], [ -50.928562824999972, -17.83347142599996, 0.0 ], [ -50.928552851999939, -17.833466229999942, 0.0 ], [ -50.928542883999967, -17.833461024999963, 0.0 ], [ -50.928532918999963, -17.833455813999933, 0.0 ], [ -50.928522956999984, -17.833450596999967, 0.0 ], [ -50.928512996999984, -17.83344537399995, 0.0 ], [ -50.928503037999974, -17.833440147999966, 0.0 ], [ -50.928493081999932, -17.833434918999956, 0.0 ], [ -50.928483125999946, -17.833429687999967, 0.0 ], [ -50.928443299999969, -17.833408755999926, 0.0 ], [ -50.928433340999959, -17.833403526999973, 0.0 ], [ -50.92842337899998, -17.833398301999978, 0.0 ], [ -50.92841341299993, -17.833393079999951, 0.0 ], [ -50.928403445999948, -17.833387863999974, 0.0 ], [ -50.928393473999961, -17.833382652999944, 0.0 ], [ -50.92838349699997, -17.833377448999954, 0.0 ], [ -50.928373514999976, -17.833372253999983, 0.0 ], [ -50.928363527999977, -17.833367066999926, 0.0 ], [ -50.928354369999965, -17.833362321999971, 0.0 ], [ -50.928345204999971, -17.833357585999977, 0.0 ], [ -50.928336035999962, -17.833352858999945, 0.0 ], [ -50.92832685999997, -17.833348142999967, 0.0 ], [ -50.928317677999985, -17.833343437999929, 0.0 ], [ -50.92830848899996, -17.833338745999981, 0.0 ], [ -50.928299292999952, -17.833334065999964, 0.0 ], [ -50.928290089999962, -17.833329398999979, 0.0 ], [ -50.928280878999942, -17.833324746999949, 0.0 ], [ -50.92827165999995, -17.833320110999978, 0.0 ], [ -50.92826243199994, -17.833315489999961, 0.0 ], [ -50.928253196999947, -17.833310885999936, 0.0 ], [ -50.928243951999946, -17.833306299999947, 0.0 ], [ -50.928234697999983, -17.833301730999949, 0.0 ], [ -50.928225433999955, -17.833297181999967, 0.0 ], [ -50.928216160999966, -17.833292652999944, 0.0 ], [ -50.928206875999933, -17.833288144999926, 0.0 ], [ -50.928197580999949, -17.833283656999981, 0.0 ], [ -50.928188275999958, -17.833279191999964, 0.0 ], [ -50.928178958999979, -17.83327474999993, 0.0 ], [ -50.928169629999957, -17.833270331999927, 0.0 ], [ -50.928160289999937, -17.833265936999965, 0.0 ], [ -50.928150936999941, -17.833261568999944, 0.0 ], [ -50.928141571999959, -17.833257225999944, 0.0 ], [ -50.928132192999954, -17.833252910999931, 0.0 ], [ -50.928122800999972, -17.833248621999928, 0.0 ], [ -50.928113396999947, -17.833244362999949, 0.0 ], [ -50.928103976999978, -17.833240131999958, 0.0 ], [ -50.928094543999975, -17.83323593199998, 0.0 ], [ -50.928085095999961, -17.833231761999969, 0.0 ], [ -50.928075632999935, -17.83322762399996, 0.0 ], [ -50.928066154999954, -17.833223517999954, 0.0 ], [ -50.928056862999938, -17.833219529999951, 0.0 ], [ -50.928047555999967, -17.833215571999972, 0.0 ], [ -50.928038236999953, -17.833211640999934, 0.0 ], [ -50.928028906999941, -17.833207733999927, 0.0 ], [ -50.928019565999932, -17.833203848999972, 0.0 ], [ -50.928010215999961, -17.833199985999954, 0.0 ], [ -50.928000856999972, -17.833196137999948, 0.0 ], [ -50.927991490999943, -17.833192306999933, 0.0 ], [ -50.927982117999932, -17.833188487999962, 0.0 ], [ -50.927972740999962, -17.833184678999942, 0.0 ], [ -50.927963359999978, -17.833180877999951, 0.0 ], [ -50.92795397499998, -17.833177082999953, 0.0 ], [ -50.927935201999958, -17.833169501999976, 0.0 ], [ -50.927925814999981, -17.833165709999946, 0.0 ], [ -50.927916429999982, -17.833161913999959, 0.0 ], [ -50.927907046999962, -17.833158111999978, 0.0 ], [ -50.927897668999947, -17.833154302999958, 0.0 ], [ -50.927888294999946, -17.833150480999961, 0.0 ], [ -50.927878925999948, -17.833146646999978, 0.0 ], [ -50.92786956499998, -17.833142797999926, 0.0 ], [ -50.927860210999938, -17.833138929999961, 0.0 ], [ -50.927850866999961, -17.83313504299997, 0.0 ], [ -50.927841532999935, -17.833131131999949, 0.0 ], [ -50.927832208999973, -17.833127195999964, 0.0 ], [ -50.927822898999977, -17.83312323399997, 0.0 ], [ -50.927813601999958, -17.833119241999952, 0.0 ], [ -50.927804318999961, -17.833115216999943, 0.0 ], [ -50.927795051999965, -17.833111157999952, 0.0 ], [ -50.927785802999949, -17.833107062999943, 0.0 ], [ -50.927776569999935, -17.83310292799996, 0.0 ], [ -50.927767355999947, -17.833098751999955, 0.0 ], [ -50.927753974999973, -17.833092591999957, 0.0 ], [ -50.927740637999932, -17.833086338999976, 0.0 ], [ -50.927727346999973, -17.833079991999966, 0.0 ], [ -50.92771410499995, -17.833073551999973, 0.0 ], [ -50.927700911999978, -17.833067016999962, 0.0 ], [ -50.927687770999967, -17.833060386999932, 0.0 ], [ -50.927674683999953, -17.83305366299993, 0.0 ], [ -50.927661651999983, -17.833046842999977, 0.0 ], [ -50.927648677999969, -17.833039927999948, 0.0 ], [ -50.927635762999955, -17.833032915999979, 0.0 ], [ -50.927622909999968, -17.833025807999945, 0.0 ], [ -50.927610118999951, -17.83301860399996, 0.0 ], [ -50.927597392999985, -17.833011302999978, 0.0 ], [ -50.927584733999936, -17.833003902999963, 0.0 ], [ -50.927572143999953, -17.832996406999939, 0.0 ], [ -50.927559624999958, -17.832988812999929, 0.0 ], [ -50.927551110999957, -17.832983567999975, 0.0 ], [ -50.927542629999948, -17.832978278999974, 0.0 ], [ -50.927534178999963, -17.832972948999952, 0.0 ], [ -50.927525755999966, -17.832967579999945, 0.0 ], [ -50.927517359999968, -17.832962173999931, 0.0 ], [ -50.927508986999953, -17.832956733999936, 0.0 ], [ -50.92750063799997, -17.832951260999948, 0.0 ], [ -50.927492309999934, -17.832945758999927, 0.0 ], [ -50.927484001999971, -17.832940228999973, 0.0 ], [ -50.927475709999953, -17.832934673999944, 0.0 ], [ -50.927467433999936, -17.83292909599993, 0.0 ], [ -50.927459170999953, -17.832923495999978, 0.0 ], [ -50.927450919999956, -17.832917878999979, 0.0 ], [ -50.927442678999967, -17.832912243999942, 0.0 ], [ -50.92743444499996, -17.832906596999976, 0.0 ], [ -50.927426217999937, -17.832900936999977, 0.0 ], [ -50.927417995999974, -17.832895268999948, 0.0 ], [ -50.927409774999944, -17.832889592999948, 0.0 ], [ -50.92739333399993, -17.832878228999959, 0.0 ], [ -50.927385110999978, -17.832872545999976, 0.0 ], [ -50.927376881999976, -17.832866863999982, 0.0 ], [ -50.927368645999934, -17.832861186999935, 0.0 ], [ -50.927360401999977, -17.832855515999938, 0.0 ], [ -50.927352147999954, -17.832849854999949, 0.0 ], [ -50.927343880999956, -17.832844203999969, 0.0 ], [ -50.927335599999935, -17.832838567999943, 0.0 ], [ -50.92732730299997, -17.832832946999929, 0.0 ], [ -50.927318988999957, -17.832827343999952, 0.0 ], [ -50.927310653999939, -17.832821760999934, 0.0 ], [ -50.927302297999972, -17.832816200999957, 0.0 ], [ -50.927293917999975, -17.832810664999954, 0.0 ], [ -50.92728346399997, -17.83280382199996, 0.0 ], [ -50.927272964999986, -17.832797029999938, 0.0 ], [ -50.927262421999956, -17.832790301999978, 0.0 ], [ -50.927251828999943, -17.832783647999975, 0.0 ], [ -50.927241183999968, -17.832777077999935, 0.0 ], [ -50.92723048199997, -17.832770604999951, 0.0 ], [ -50.927219720999972, -17.832764237999982, 0.0 ], [ -50.927208897999947, -17.832757986999979, 0.0 ], [ -50.927198007999948, -17.832751864999977, 0.0 ], [ -50.927187047999951, -17.832745880999937, 0.0 ], [ -50.927176014999986, -17.832740045999969, 0.0 ], [ -50.927164905999973, -17.832734369999969, 0.0 ], [ -50.927153716999953, -17.832728865999968, 0.0 ], [ -50.927142444999959, -17.83272354199994, 0.0 ], [ -50.927131085999974, -17.832718409999927, 0.0 ], [ -50.927119636999976, -17.832713480999928, 0.0 ], [ -50.927104200999963, -17.832707222999943, 0.0 ], [ -50.927088611999977, -17.83270131699993, 0.0 ], [ -50.927072880999958, -17.832695735999948, 0.0 ], [ -50.927057021999985, -17.832690450999962, 0.0 ], [ -50.927041048999968, -17.832685433999927, 0.0 ], [ -50.927024972999959, -17.83268065599998, 0.0 ], [ -50.927008808999972, -17.83267608999995, 0.0 ], [ -50.926992567999946, -17.832671706999975, 0.0 ], [ -50.926976264999951, -17.832667479999941, 0.0 ], [ -50.926959910999983, -17.832663379999929, 0.0 ], [ -50.926943519999952, -17.832659378999949, 0.0 ], [ -50.926927103999958, -17.832655448999958, 0.0 ], [ -50.926910677999956, -17.832651560999977, 0.0 ], [ -50.926894252999944, -17.832647686999962, 0.0 ], [ -50.926890660999959, -17.83264683699997, 0.0 ], [ -50.926877842999943, -17.832643799999971, 0.0 ], [ -50.926861459999941, -17.832639870999969, 0.0 ], [ -50.926851129999932, -17.832637354999974, 0.0 ], [ -50.926840815999981, -17.832634807999966, 0.0 ], [ -50.926830518999964, -17.832632226999976, 0.0 ], [ -50.926820237999948, -17.83262960899998, 0.0 ], [ -50.926809971999944, -17.832626949999963, 0.0 ], [ -50.926799722999931, -17.832624248999934, 0.0 ], [ -50.926789488999987, -17.832621501999938, 0.0 ], [ -50.926779271999976, -17.832618705999948, 0.0 ], [ -50.926769069999978, -17.83261585799994, 0.0 ], [ -50.92675888499997, -17.832612954999945, 0.0 ], [ -50.926748713999984, -17.832609991999959, 0.0 ], [ -50.926738559999933, -17.832606969999972, 0.0 ], [ -50.92672842199994, -17.83260388399998, 0.0 ], [ -50.926718298999958, -17.832600728999978, 0.0 ], [ -50.926708191999978, -17.832597504999967, 0.0 ], [ -50.926698100999943, -17.832594207999932, 0.0 ], [ -50.926689607999947, -17.832591368999942, 0.0 ], [ -50.926681131999942, -17.832588469999962, 0.0 ], [ -50.926672675999953, -17.83258550599993, 0.0 ], [ -50.926664247999952, -17.832582467999941, 0.0 ], [ -50.926655851999953, -17.832579353999961, 0.0 ], [ -50.926647493999951, -17.832576155999959, 0.0 ], [ -50.92663917699997, -17.832572867999943, 0.0 ], [ -50.926630907999936, -17.832569484999965, 0.0 ], [ -50.926622691999967, -17.832566, 0.0 ], [ -50.926614533999953, -17.832562407999944, 0.0 ], [ -50.926606438999954, -17.832558702999961, 0.0 ], [ -50.926598412999965, -17.832554877999939, 0.0 ], [ -50.926590459999943, -17.832550928999979, 0.0 ], [ -50.926582586999984, -17.832546847999936, 0.0 ], [ -50.926574797999933, -17.832542630999967, 0.0 ], [ -50.926567097999964, -17.83253826999993, 0.0 ], [ -50.926558894999971, -17.832533400999978, 0.0 ], [ -50.926550798999983, -17.832528366999952, 0.0 ], [ -50.926542803999951, -17.832523178999963, 0.0 ], [ -50.926534907999951, -17.832517842999948, 0.0 ], [ -50.926527104999934, -17.832512368999971, 0.0 ], [ -50.926519393999968, -17.832506764999948, 0.0 ], [ -50.926511768999944, -17.832501040999944, 0.0 ], [ -50.926504225999963, -17.83249520499993, 0.0 ], [ -50.926496761999942, -17.832489264999936, 0.0 ], [ -50.926489371999935, -17.832483231999959, 0.0 ], [ -50.926482052999972, -17.832477111999935, 0.0 ], [ -50.926474800999983, -17.832470914999931, 0.0 ], [ -50.926467609999975, -17.832464650999952, 0.0 ], [ -50.926460478999957, -17.832458326999927, 0.0 ], [ -50.926453402999982, -17.832451951999928, 0.0 ], [ -50.92644637799998, -17.832445534999977, 0.0 ], [ -50.926438633999965, -17.832438373999935, 0.0 ], [ -50.926430940999978, -17.832431175999943, 0.0 ], [ -50.926423290999935, -17.832423948999974, 0.0 ], [ -50.926415676999966, -17.832416696999928, 0.0 ], [ -50.926408090999985, -17.83240942599997, 0.0 ], [ -50.926400525999952, -17.832402138999953, 0.0 ], [ -50.926392975999931, -17.832394844999953, 0.0 ], [ -50.926385431999961, -17.832387546999939, 0.0 ], [ -50.926377886999944, -17.832380249999972, 0.0 ], [ -50.926370333999955, -17.832372961999965, 0.0 ], [ -50.926362765999954, -17.832365685999946, 0.0 ], [ -50.926355174999969, -17.832358427999964, 0.0 ], [ -50.92634755499995, -17.832351192999965, 0.0 ], [ -50.926339895999945, -17.832343986999945, 0.0 ], [ -50.92633219399994, -17.832336814999962, 0.0 ], [ -50.926324439999973, -17.832329682999955, 0.0 ], [ -50.92631746099994, -17.832323346999942, 0.0 ], [ -50.926310432999969, -17.83231705399993, 0.0 ], [ -50.926303351999934, -17.832310808999978, 0.0 ], [ -50.926296214999979, -17.832304618999956, 0.0 ], [ -50.926289021999935, -17.83229849099996, 0.0 ], [ -50.926281766999978, -17.832292429999939, 0.0 ], [ -50.926274449999937, -17.832286444999966, 0.0 ], [ -50.926267066999969, -17.832280538999953, 0.0 ], [ -50.926259615999982, -17.832274720999976, 0.0 ], [ -50.926252093999949, -17.832268995999982, 0.0 ], [ -50.926244498999949, -17.832263371999943, 0.0 ], [ -50.926236825999979, -17.832257853999977, 0.0 ], [ -50.92622907599997, -17.832252447999963, 0.0 ], [ -50.926221243999976, -17.832247161999931, 0.0 ], [ -50.92621332799996, -17.83224200199993, 0.0 ], [ -50.926205325999945, -17.832236972999965, 0.0 ], [ -50.92619697899994, -17.832231927999942, 0.0 ], [ -50.926188546999981, -17.832227017999969, 0.0 ], [ -50.926180035999948, -17.832222227999978, 0.0 ], [ -50.926171455999963, -17.83221754799996, 0.0 ], [ -50.926162811999973, -17.832212959999936, 0.0 ], [ -50.926154114999974, -17.832208453999954, 0.0 ], [ -50.92614537299994, -17.832204016999981, 0.0 ], [ -50.926136592999967, -17.832199634999938, 0.0 ], [ -50.926127784999949, -17.832195294999963, 0.0 ], [ -50.926118954999936, -17.832190983999965, 0.0 ], [ -50.926110113999982, -17.832186686999933, 0.0 ], [ -50.926101268999957, -17.832182393999972, 0.0 ], [ -50.926092426999958, -17.832178088999967, 0.0 ], [ -50.926083597999934, -17.832173759999932, 0.0 ], [ -50.926077985999939, -17.83217098199998, 0.0 ] ] ] ] } },
{ "type": "Feature", "properties": { "OID_": 0, "Name": "Placemark", "FolderPath": "Document", "SymbolID": 0, "AltMode": 0, "Base": 0.0, "Clamped": -1, "Extruded": 0, "Snippet": null, "PopupInfo": "<html xmlns:fo=\"http://www.w3.org/1999/XSL/Format\" xmlns:msxsl=\"urn:schemas-microsoft-com:xslt\"><head><META http-equiv=\"Content-Type\" content=\"text/html\"><meta http-equiv=\"content-type\" content=\"text/html; charset=UTF-8\"></head><body style=\"margin:0px 0p", "Shape_Leng": 0.03592479281, "Shape_Area": 5.295279e-05 }, "geometry": { "type": "MultiPolygon", "coordinates": [ [ [ [ -50.930177391999962, -17.761430347999976, 0.0 ], [ -50.930390361999969, -17.761713511999972, 0.0 ], [ -50.930684318999965, -17.762104353999973, 0.0 ], [ -50.931136256999935, -17.762705240999935, 0.0 ], [ -50.931962025999951, -17.763472045999947, 0.0 ], [ -50.932147049999969, -17.763643856999977, 0.0 ], [ -50.93229800599994, -17.763784033999968, 0.0 ], [ -50.932680216999984, -17.764147212999944, 0.0 ], [ -50.932740845999945, -17.764383485999929, 0.0 ], [ -50.932827676999977, -17.764730405999956, 0.0 ], [ -50.933096600999932, -17.766096604999973, 0.0 ], [ -50.933411336999939, -17.767519507999964, 0.0 ], [ -50.933561175999955, -17.767316278999942, 0.0 ], [ -50.934079588999964, -17.766001109999934, 0.0 ], [ -50.93551503599997, -17.765379788999951, 0.0 ], [ -50.936556403999987, -17.767436847999932, 0.0 ], [ -50.937848323999958, -17.766833399999939, 0.0 ], [ -50.938672125999972, -17.768639812999936, 0.0 ], [ -50.938825621999968, -17.76858679399993, 0.0 ], [ -50.939088731999959, -17.768533964999961, 0.0 ], [ -50.939153780999959, -17.768499338999959, 0.0 ], [ -50.939099317999933, -17.768436940999948, 0.0 ], [ -50.939131246999978, -17.768288360999975, 0.0 ], [ -50.939181477999966, -17.767977475999942, 0.0 ], [ -50.939326890999951, -17.767661333999968, 0.0 ], [ -50.939373855999975, -17.767559228999971, 0.0 ], [ -50.939527508999959, -17.76747512299994, 0.0 ], [ -50.939683812999931, -17.767471738999973, 0.0 ], [ -50.939918914999964, -17.767442524999979, 0.0 ], [ -50.940013882999949, -17.767236249999939, 0.0 ], [ -50.940116910999961, -17.767012465999983, 0.0 ], [ -50.940234544999953, -17.766481389999967, 0.0 ], [ -50.940304952999952, -17.766163521999943, 0.0 ], [ -50.940526468999963, -17.765920663999964, 0.0 ], [ -50.940763580999942, -17.765660708999974, 0.0 ], [ -50.941203594999934, -17.765263242999936, 0.0 ], [ -50.94142106399994, -17.765066802999968, 0.0 ], [ -50.941449997999939, -17.765033941999945, 0.0 ], [ -50.941456418999962, -17.765027318999955, 0.0 ], [ -50.940758564999953, -17.764404302999935, 0.0 ], [ -50.940620261999982, -17.764280830999951, 0.0 ], [ -50.940586992999954, -17.764251148999961, 0.0 ], [ -50.940483440999969, -17.764158760999976, 0.0 ], [ -50.940426377999984, -17.764107850999949, 0.0 ], [ -50.940069230999939, -17.76378920999997, 0.0 ], [ -50.939965677999965, -17.76369682099994, 0.0 ], [ -50.939896795999971, -17.763635363999981, 0.0 ], [ -50.939552365999987, -17.763326538999934, 0.0 ], [ -50.939457877999985, -17.763241817999926, 0.0 ], [ -50.939440846999958, -17.763226546999931, 0.0 ], [ -50.939437324999972, -17.763223083999947, 0.0 ], [ -50.939208729999962, -17.762998246999928, 0.0 ], [ -50.939044440999965, -17.762836154999945, 0.0 ], [ -50.93895929599995, -17.762752146999958, 0.0 ], [ -50.938946119999969, -17.762739501999931, 0.0 ], [ -50.938792328999966, -17.762591897999982, 0.0 ], [ -50.938689330999978, -17.762504986999943, 0.0 ], [ -50.938650196999959, -17.762471963999928, 0.0 ], [ -50.938530612999955, -17.762373197999977, 0.0 ], [ -50.938529292999931, -17.76237208699996, 0.0 ], [ -50.938441438999973, -17.762298197999939, 0.0 ], [ -50.938195279999945, -17.762091163999969, 0.0 ], [ -50.937887896999939, -17.761818522999931, 0.0 ], [ -50.937879712999973, -17.761811263999959, 0.0 ], [ -50.937850106999974, -17.761784813999952, 0.0 ], [ -50.937565912999958, -17.761530912999945, 0.0 ], [ -50.937547876999986, -17.761514899999952, 0.0 ], [ -50.937370947999966, -17.761357805999978, 0.0 ], [ -50.937212684999963, -17.76121728399994, 0.0 ], [ -50.937173262999977, -17.761182280999947, 0.0 ], [ -50.93686372999997, -17.760902080999927, 0.0 ], [ -50.936377832999938, -17.760464702999968, 0.0 ], [ -50.93617031499997, -17.760277903999963, 0.0 ], [ -50.936172606999946, -17.760276029999943, 0.0 ], [ -50.93616825099997, -17.760272094999948, 0.0 ], [ -50.934170952999978, -17.758473783999932, 0.0 ], [ -50.930177391999962, -17.761430347999976, 0.0 ] ] ] ] } },
{ "type": "Feature", "properties": { "OID_": 0, "Name": "Placemark", "FolderPath": "Document", "SymbolID": 0, "AltMode": 0, "Base": 0.0, "Clamped": -1, "Extruded": 0, "Snippet": null, "PopupInfo": "<html xmlns:fo=\"http://www.w3.org/1999/XSL/Format\" xmlns:msxsl=\"urn:schemas-microsoft-com:xslt\"><head><META http-equiv=\"Content-Type\" content=\"text/html\"><meta http-equiv=\"content-type\" content=\"text/html; charset=UTF-8\"></head><body style=\"margin:0px 0p", "Shape_Leng": 0.03467844951, "Shape_Area": 6.731417e-05 }, "geometry": { "type": "MultiPolygon", "coordinates": [ [ [ [ -50.888003854999965, -17.755237676999968, 0.0 ], [ -50.888015406999955, -17.755221604999974, 0.0 ], [ -50.88801633199995, -17.755220317999942, 0.0 ], [ -50.88830031699996, -17.755190291999952, 0.0 ], [ -50.888785192999933, -17.755139024999949, 0.0 ], [ -50.889294976999963, -17.755085123999947, 0.0 ], [ -50.890386604999946, -17.754969697999968, 0.0 ], [ -50.890618586999949, -17.754945167999949, 0.0 ], [ -50.891039340999953, -17.754900677999956, 0.0 ], [ -50.89110545099993, -17.754893685999946, 0.0 ], [ -50.891446610999935, -17.754857608999941, 0.0 ], [ -50.891452754999932, -17.754856961999963, 0.0 ], [ -50.891509757999984, -17.754850931999954, 0.0 ], [ -50.891626923999979, -17.754838544999927, 0.0 ], [ -50.891628508999986, -17.754838377999931, 0.0 ], [ -50.891645274999973, -17.754836603999934, 0.0 ], [ -50.891764961999968, -17.754823946999977, 0.0 ], [ -50.89180588399995, -17.75481384099993, 0.0 ], [ -50.891847887999972, -17.754809398999953, 0.0 ], [ -50.891890123999985, -17.754810708999969, 0.0 ], [ -50.891956900999958, -17.75480364699996, 0.0 ], [ -50.892028333999974, -17.754796093999971, 0.0 ], [ -50.892070266999951, -17.754791658999977, 0.0 ], [ -50.89211572499994, -17.754786851999938, 0.0 ], [ -50.892336651999983, -17.75476348899997, 0.0 ], [ -50.892339044999972, -17.754763234999928, 0.0 ], [ -50.892341585999986, -17.754762968999955, 0.0 ], [ -50.89234861999995, -17.754762225999968, 0.0 ], [ -50.892354361999935, -17.754758262999928, 0.0 ], [ -50.892493238999975, -17.754662387999929, 0.0 ], [ -50.892637189999959, -17.75456300899998, 0.0 ], [ -50.892694450999954, -17.754523480999978, 0.0 ], [ -50.892749514999934, -17.754485467999928, 0.0 ], [ -50.892768626999953, -17.754472274999955, 0.0 ], [ -50.892921680999962, -17.754366608999931, 0.0 ], [ -50.893105032999983, -17.754240032999974, 0.0 ], [ -50.894480752999982, -17.753290291999974, 0.0 ], [ -50.894537552999964, -17.753251080999974, 0.0 ], [ -50.894583498999964, -17.753219361999982, 0.0 ], [ -50.894597803999943, -17.753209483999967, 0.0 ], [ -50.89463681999996, -17.753182550999952, 0.0 ], [ -50.894694615999981, -17.753142650999962, 0.0 ], [ -50.894791430999931, -17.753075810999974, 0.0 ], [ -50.894800801999963, -17.753069340999957, 0.0 ], [ -50.894828263999955, -17.753050382999959, 0.0 ], [ -50.895219099999963, -17.752904863999959, 0.0 ], [ -50.894952388999968, -17.752600058999974, 0.0 ], [ -50.894930569999985, -17.752551131999951, 0.0 ], [ -50.894920384999978, -17.752481175999947, 0.0 ], [ -50.894889758999966, -17.752386027999933, 0.0 ], [ -50.894851591999952, -17.752271742999937, 0.0 ], [ -50.894793960999948, -17.752197112999966, 0.0 ], [ -50.894746402999942, -17.752105284999971, 0.0 ], [ -50.894689030999984, -17.751998769999943, 0.0 ], [ -50.89461972099997, -17.751912466999954, 0.0 ], [ -50.894511285999954, -17.751804124999978, 0.0 ], [ -50.894416500999967, -17.751705168999933, 0.0 ], [ -50.894355330999986, -17.751620610999964, 0.0 ], [ -50.894307381999965, -17.751527732999932, 0.0 ], [ -50.894224896999958, -17.751360429999977, 0.0 ], [ -50.894160032999935, -17.75126510399997, 0.0 ], [ -50.894034404999957, -17.751099050999926, 0.0 ], [ -50.893988619999959, -17.751008172999946, 0.0 ], [ -50.893950169999982, -17.750858862999962, 0.0 ], [ -50.89394340299998, -17.750704336999945, 0.0 ], [ -50.893950650999955, -17.750513300999955, 0.0 ], [ -50.893930767999962, -17.75033316899993, 0.0 ], [ -50.893911312999933, -17.750247648999959, 0.0 ], [ -50.893619828999931, -17.749971826999968, 0.0 ], [ -50.893553021999935, -17.749754751999944, 0.0 ], [ -50.893596719999948, -17.749587404999943, 0.0 ], [ -50.893521948999933, -17.749404926999944, 0.0 ], [ -50.893215401999953, -17.749423609999951, 0.0 ], [ -50.89275373199996, -17.749419493999937, 0.0 ], [ -50.892556855999942, -17.749342116999969, 0.0 ], [ -50.892359978999934, -17.749264737999965, 0.0 ], [ -50.891852600999982, -17.748772705999954, 0.0 ], [ -50.891289576999952, -17.748523147999947, 0.0 ], [ -50.891006267999956, -17.748092730999929, 0.0 ], [ -50.89082458699994, -17.747978755999952, 0.0 ], [ -50.890749937999942, -17.748108292999973, 0.0 ], [ -50.890557440999942, -17.748124597999947, 0.0 ], [ -50.890542332999985, -17.74838101399996, 0.0 ], [ -50.890344673999948, -17.748511472999951, 0.0 ], [ -50.890085556999964, -17.748182395999947, 0.0 ], [ -50.890095453999947, -17.74785572299993, 0.0 ], [ -50.889824127999987, -17.747868835999952, 0.0 ], [ -50.889696920999938, -17.74779527499993, 0.0 ], [ -50.889635012999975, -17.747817622999946, 0.0 ], [ -50.889634481999963, -17.747816561999969, 0.0 ], [ -50.889633766999964, -17.747815604999971, 0.0 ], [ -50.889632890999962, -17.747814780999931, 0.0 ], [ -50.889631878999978, -17.747814113999937, 0.0 ], [ -50.889630761999967, -17.747813624999935, 0.0 ], [ -50.889629573999969, -17.747813328999939, 0.0 ], [ -50.889628349999953, -17.747813233999977, 0.0 ], [ -50.889627126999983, -17.747813342999962, 0.0 ], [ -50.889625941999952, -17.74781365299998, 0.0 ], [ -50.889624831999981, -17.747814154999958, 0.0 ], [ -50.889623827999969, -17.74781483299995, 0.0 ], [ -50.889622961999976, -17.74781566799993, 0.0 ], [ -50.889622259999953, -17.747816632999957, 0.0 ], [ -50.889621741999974, -17.747817699999928, 0.0 ], [ -50.889621424999973, -17.747818836999954, 0.0 ], [ -50.889621317999968, -17.747820008999952, 0.0 ], [ -50.889621367999951, -17.747820821999937, 0.0 ], [ -50.889621519999935, -17.747821623999982, 0.0 ], [ -50.889621771999941, -17.74782240299993, 0.0 ], [ -50.889476053999942, -17.74787500399998, 0.0 ], [ -50.888985969999965, -17.747929431999978, 0.0 ], [ -50.888818876999949, -17.74798842499996, 0.0 ], [ -50.888762447999966, -17.747951456999942, 0.0 ], [ -50.887835351999968, -17.748164947999953, 0.0 ], [ -50.887538279999944, -17.748113650999983, 0.0 ], [ -50.887368663999951, -17.748074158999941, 0.0 ], [ -50.887127474999943, -17.748127345999933, 0.0 ], [ -50.886850076999963, -17.748081280999941, 0.0 ], [ -50.886646076999966, -17.748094266999942, 0.0 ], [ -50.886378166999975, -17.747989922999977, 0.0 ], [ -50.886326408999935, -17.747996000999933, 0.0 ], [ -50.886200244999941, -17.747941007999941, 0.0 ], [ -50.885121014999982, -17.747889817999976, 0.0 ], [ -50.884528681999939, -17.747669776999942, 0.0 ], [ -50.884261529999947, -17.747701974999927, 0.0 ], [ -50.88426158599998, -17.747702824999976, 0.0 ], [ -50.884261480999953, -17.747703981999962, 0.0 ], [ -50.884261171999981, -17.747705105999955, 0.0 ], [ -50.884260666999978, -17.747706161999929, 0.0 ], [ -50.884259980999957, -17.747707119999973, 0.0 ], [ -50.884259134999979, -17.747707951999928, 0.0 ], [ -50.884258152999962, -17.747708632999945, 0.0 ], [ -50.88425706299995, -17.747709143999941, 0.0 ], [ -50.884255898999982, -17.747709467999982, 0.0 ], [ -50.884254693999935, -17.747709597999972, 0.0 ], [ -50.884270690999983, -17.748299914999961, 0.0 ], [ -50.883985003999953, -17.755623549999939, 0.0 ], [ -50.888003854999965, -17.755237676999968, 0.0 ] ] ] ] } }
]
}
